1 0 196.645 32.2798
2 -1.2373 196.757 32.2798
3 -1.2373 196.757 32.1545
4 0 196.645 32.1545
5 1.2373 196.757 32.2798
6 1.2373 196.757 32.1545
7 5.9452 200.058 32.2798
8 5.2655 199.096 32.2798
9 5.2655 199.096 32.1545
10 5.9452 200.058 32.1545
11 6.4548 201.13 32.2798
12 6.4548 201.13 32.1545
13 6.7749 202.294 32.2798
14 6.7749 202.294 32.1545
15 6.886 203.531 32.2798
16 6.886 203.531 32.1545
17 6.7749 204.769 32.2798
18 6.7749 204.769 32.1545
19 6.4548 205.933 32.2798
20 6.4548 205.933 32.1545
21 5.9452 207.005 32.2798
22 5.9452 207.005 32.1545
23 5.2655 207.967 32.2798
24 5.2655 207.967 32.1545
25 4.4351 208.797 32.2798
26 4.4351 208.797 32.1545
27 3.4738 209.477 32.2798
28 3.4738 209.477 32.1545
29 2.4014 209.986 32.2798
30 2.4014 209.986 32.1545
31 1.2373 210.306 32.2798
32 1.2373 210.306 32.1545
33 0 210.417 32.2798
34 0 210.417 32.1545
35 -1.2373 210.306 32.2798
36 -1.2373 210.306 32.1545
37 -2.4014 209.986 32.2798
38 -2.4014 209.986 32.1545
39 -3.4738 209.477 32.2798
40 -3.4738 209.477 32.1545
41 -4.4351 208.797 32.2798
42 -4.4351 208.797 32.1545
43 -5.2655 207.967 32.2798
44 -5.2655 207.967 32.1545
45 -5.9452 207.005 32.2798
46 -5.9452 207.005 32.1545
47 -6.4548 205.933 32.2798
48 -6.4548 205.933 32.1545
49 -6.7749 204.769 32.2798
50 -6.7749 204.769 32.1545
51 -6.886 203.531 32.2798
52 -6.886 203.531 32.1545
53 -6.7749 202.294 32.2798
54 -6.7749 202.294 32.1545
55 -6.4548 201.13 32.2798
56 -6.4548 201.13 32.1545
57 -5.9452 200.058 32.2798
58 -5.9452 200.058 32.1545
59 -5.2655 199.096 32.2798
60 -5.2655 199.096 32.1545
61 -4.4351 198.266 32.2798
62 -4.4351 198.266 32.1545
63 4.4351 198.266 32.2798
64 4.4351 198.266 32.1545
65 3.4738 197.586 32.2798
66 3.4738 197.586 32.1545
67 -3.4738 197.586 32.2798
68 -3.4738 197.586 32.1545
69 -2.4014 197.077 32.2798
70 -2.4014 197.077 32.1545
71 2.4014 197.077 32.2798
72 2.4014 197.077 32.1545
73 2.4803 194.678 32.3125
74 1.7619 195.514 32.3125
75 1.0274 195.422 32.3125
76 1.6648 194.528 32.3125
77 5.3511 196.057 32.3125
78 4.3906 196.598 32.3125
79 3.7627 196.272 32.3125
80 4.6697 195.652 32.3125
81 7.5465 198.285 32.3125
82 6.4603 198.473 32.3125
83 5.9835 197.961 32.3125
84 7.0458 197.682 32.3125
85 8.8768 201.135 32.3125
86 7.7905 200.946 32.3125
87 7.5098 200.296 32.3125
88 8.6042 200.391 32.3125
89 9.1537 204.381 32.3125
90 8.2019 203.824 32.3125
91 8.1621 203.085 32.3125
92 9.1562 203.551 32.3125
93 8.2844 207.52 32.3125
94 7.5862 206.666 32.3125
95 7.8016 205.98 32.3125
96 8.569 206.766 32.3125
97 6.4526 210.077 32.3125
98 6.0831 209.038 32.3125
99 6.5083 208.48 32.3125
100 6.9637 209.48 32.3125
101 3.8847 211.863 32.3125
102 3.8848 210.761 32.3125
103 4.4718 210.376 32.3125
104 4.5655 211.471 32.3125
105 0.8092 212.69 32.3125
106 1.1856 211.654 32.3125
107 1.8857 211.488 32.3125
108 1.6027 212.549 32.3125
109 -2.4803 212.385 32.3125
110 -1.7619 211.548 32.3125
111 -1.0274 211.641 32.3125
112 -1.6648 212.535 32.3125
113 -5.3511 211.006 32.3125
114 -4.3906 210.465 32.3125
115 -3.7627 210.791 32.3125
116 -4.6697 211.411 32.3125
117 -7.5465 208.778 32.3125
118 -6.4603 208.59 32.3125
119 -5.9835 209.102 32.3125
120 -7.0458 209.381 32.3125
121 -8.8768 205.928 32.3125
122 -7.7905 206.117 32.3125
123 -7.5098 206.767 32.3125
124 -8.6042 206.672 32.3125
125 -9.1537 202.682 32.3125
126 -8.2019 203.239 32.3125
127 -8.1621 203.978 32.3125
128 -9.1562 203.511 32.3125
129 -8.2844 199.543 32.3125
130 -7.5862 200.397 32.3125
131 -7.8016 201.083 32.3125
132 -8.569 200.297 32.3125
133 -6.4526 196.986 32.3125
134 -6.0831 198.025 32.3125
135 -6.5083 198.583 32.3125
136 -6.9636 197.583 32.3125
137 -3.8847 195.2 32.3125
138 -3.8848 196.302 32.3125
139 -4.4718 196.687 32.3125
140 -4.5655 195.592 32.3125
141 -0.8092 194.373 32.3125
142 -1.1856 195.409 32.3125
143 -1.8857 195.575 32.3125
144 -1.6027 194.514 32.3125
145 1.3035 196.394 32.3125
146 0.6518 196.335 32.3125
147 2.6601 193.724 32.3125
148 3.5485 193.964 32.3125
149 3.6599 197.268 32.3125
150 3.095 196.999 32.3125
151 5.8817 195.24 32.3125
152 6.5986 195.75 32.3125
153 5.5475 198.859 32.3125
154 5.1101 198.421 32.3125
155 8.3253 197.702 32.3125
156 8.8243 198.415 32.3125
157 6.8006 201.001 32.3125
158 6.5322 200.436 32.3125
159 9.8028 200.84 32.3125
160 10.0366 201.688 32.3125
161 7.2549 203.531 32.3125
162 7.1963 202.88 32.3125
163 10.126 204.386 32.3125
164 10.0479 205.303 32.3125
165 6.8006 206.061 32.3125
166 6.9692 205.448 32.3125
167 9.1841 207.888 32.3125
168 8.8009 208.696 32.3125
169 5.5475 208.204 32.3125
170 5.9056 207.698 32.3125
171 7.1617 210.744 32.3125
172 6.5421 211.358 32.3125
173 3.6599 209.795 32.3125
174 4.1663 209.437 32.3125
175 4.328 212.728 32.3125
176 3.5393 213.1 32.3125
177 1.3035 210.669 32.3125
178 1.9168 210.501 32.3125
179 0.9528 213.652 32.3125
180 0.0623 213.736 32.3125
181 -1.3035 210.669 32.3125
182 -0.6518 210.728 32.3125
183 -2.6601 213.339 32.3125
184 -3.5485 213.099 32.3125
185 -3.6599 209.795 32.3125
186 -3.095 210.064 32.3125
187 -5.8817 211.823 32.3125
188 -6.5986 211.313 32.3125
189 -5.5475 208.204 32.3125
190 -5.1101 208.642 32.3125
191 -8.3253 209.361 32.3125
192 -8.8243 208.648 32.3125
193 -6.8006 206.061 32.3125
194 -6.5322 206.626 32.3125
195 -9.8028 206.223 32.3125
196 -10.0366 205.375 32.3125
197 -7.2549 203.531 32.3125
198 -7.1963 204.183 32.3125
199 -10.126 202.677 32.3125
200 -10.0479 201.76 32.3125
201 -6.8006 201.001 32.3125
202 -6.9692 201.615 32.3125
203 -9.1841 199.175 32.3125
204 -8.8009 198.367 32.3125
205 -5.5475 198.859 32.3125
206 -5.9056 199.365 32.3125
207 -7.1617 196.319 32.3125
208 -6.5421 195.705 32.3125
209 -3.6599 197.268 32.3125
210 -4.1663 197.626 32.3125
211 -4.328 194.335 32.3125
212 -3.5393 193.962 32.3125
213 -1.3035 196.394 32.3125
214 -1.9168 196.562 32.3125
215 -0.9528 193.411 32.3125
216 -0.0623 193.327 32.3125
217 0.2929 195.33 32.1218
218 1.0274 195.422 32.1218
219 1.6648 194.528 32.1218
220 0.8492 194.378 32.1218
221 3.1349 195.945 32.1218
222 3.7627 196.272 32.1218
223 4.6697 195.652 32.1218
224 3.9884 195.247 32.1218
225 5.5066 197.448 32.1218
226 5.9835 197.961 32.1218
227 7.0458 197.682 32.1218
228 6.5451 197.079 32.1218
229 7.2291 199.647 32.1218
230 7.5098 200.296 32.1218
231 8.6042 200.391 32.1218
232 8.3316 199.647 32.1218
233 8.1222 202.346 32.1218
234 8.1621 203.085 32.1218
235 9.1562 203.551 32.1218
236 9.1587 202.722 32.1218
237 8.017 205.293 32.1218
238 7.8016 205.98 32.1218
239 8.569 206.766 32.1218
240 8.8535 206.012 32.1218
241 6.9336 207.922 32.1218
242 6.5083 208.48 32.1218
243 6.9637 209.48 32.1218
244 7.4747 208.883 32.1218
245 5.0587 209.992 32.1218
246 4.4718 210.376 32.1218
247 4.5655 211.471 32.1218
248 5.2463 211.078 32.1218
249 2.5858 211.322 32.1218
250 1.8857 211.488 32.1218
251 1.6027 212.549 32.1218
252 2.3962 212.408 32.1218
253 -0.2929 211.733 32.1218
254 -1.0274 211.641 32.1218
255 -1.6648 212.535 32.1218
256 -0.8492 212.685 32.1218
257 -3.1349 211.118 32.1218
258 -3.7627 210.791 32.1218
259 -4.6697 211.411 32.1218
260 -3.9884 211.816 32.1218
261 -5.5066 209.615 32.1218
262 -5.9835 209.102 32.1218
263 -7.0458 209.381 32.1218
264 -6.5451 209.984 32.1218
265 -7.2291 207.416 32.1218
266 -7.5098 206.767 32.1218
267 -8.6042 206.672 32.1218
268 -8.3316 207.416 32.1218
269 -8.1222 204.717 32.1218
270 -8.1621 203.978 32.1218
271 -9.1562 203.511 32.1218
272 -9.1587 204.341 32.1218
273 -8.017 201.77 32.1218
274 -7.8016 201.083 32.1218
275 -8.569 200.297 32.1218
276 -8.8535 201.051 32.1218
277 -6.9336 199.141 32.1218
278 -6.5083 198.583 32.1218
279 -6.9636 197.583 32.1218
280 -7.4747 198.18 32.1218
281 -5.0587 197.071 32.1218
282 -4.4718 196.687 32.1218
283 -4.5655 195.592 32.1218
284 -5.2463 195.985 32.1218
285 -2.5858 195.741 32.1218
286 -1.8857 195.575 32.1218
287 -1.6027 194.514 32.1218
288 -2.3962 194.655 32.1218
289 0 196.277 32.1218
290 0.6518 196.335 32.1218
291 1.7717 193.484 32.1218
292 2.6601 193.724 32.1218
293 2.5301 196.731 32.1218
294 3.095 196.999 32.1218
295 5.1649 194.731 32.1218
296 5.8817 195.24 32.1218
297 4.6727 197.984 32.1218
298 5.1101 198.421 32.1218
299 7.8263 196.989 32.1218
300 8.3253 197.702 32.1218
301 6.2637 199.872 32.1218
302 6.5322 200.436 32.1218
303 9.5689 199.992 32.1218
304 9.8028 200.84 32.1218
305 7.1378 202.228 32.1218
306 7.1963 202.88 32.1218
307 10.2041 203.469 32.1218
308 10.126 204.386 32.1218
309 7.1378 204.835 32.1218
310 6.9692 205.448 32.1218
311 9.5674 207.08 32.1218
312 9.1841 207.888 32.1218
313 6.2637 207.191 32.1218
314 5.9056 207.698 32.1218
315 7.7813 210.13 32.1218
316 7.1617 210.744 32.1218
317 4.6727 209.079 32.1218
318 4.1663 209.437 32.1218
319 5.1168 212.356 32.1218
320 4.328 212.728 32.1218
321 2.5301 210.332 32.1218
322 1.9168 210.501 32.1218
323 1.8433 213.568 32.1218
324 0.9528 213.652 32.1218
325 0 210.786 32.1218
326 -0.6518 210.728 32.1218
327 -1.7717 213.579 32.1218
328 -2.6601 213.339 32.1218
329 -2.5301 210.332 32.1218
330 -3.095 210.064 32.1218
331 -5.1649 212.332 32.1218
332 -5.8817 211.823 32.1218
333 -4.6727 209.079 32.1218
334 -5.1101 208.642 32.1218
335 -7.8263 210.074 32.1218
336 -8.3253 209.361 32.1218
337 -6.2637 207.191 32.1218
338 -6.5322 206.626 32.1218
339 -9.5689 207.071 32.1218
340 -9.8028 206.223 32.1218
341 -7.1378 204.835 32.1218
342 -7.1963 204.183 32.1218
343 -10.2041 203.594 32.1218
344 -10.126 202.677 32.1218
345 -7.1378 202.228 32.1218
346 -6.9692 201.615 32.1218
347 -9.5674 199.983 32.1218
348 -9.1841 199.175 32.1218
349 -6.2637 199.872 32.1218
350 -5.9056 199.365 32.1218
351 -7.7813 196.933 32.1218
352 -7.1617 196.319 32.1218
353 -4.6727 197.984 32.1218
354 -4.1663 197.626 32.1218
355 -5.1168 194.707 32.1218
356 -4.328 194.335 32.1218
357 -2.5301 196.731 32.1218
358 -1.9168 196.562 32.1218
359 -1.8433 193.495 32.1218
360 -0.9528 193.411 32.1218
361 2.4803 194.678 32.2172
362 1.7619 195.514 32.2172
363 0.8492 194.378 32.3125
364 0.2929 195.33 32.3125
365 0.2929 195.33 32.2172
366 0.8492 194.378 32.2172
367 5.3511 196.057 32.2172
368 4.3906 196.598 32.2172
369 3.9884 195.247 32.3125
370 3.1349 195.945 32.3125
371 3.1349 195.945 32.2172
372 3.9884 195.247 32.2172
373 7.5465 198.285 32.2172
374 6.4603 198.473 32.2172
375 6.5451 197.079 32.3125
376 5.5066 197.448 32.3125
377 5.5066 197.448 32.2172
378 6.5451 197.079 32.2172
379 8.8768 201.135 32.2172
380 7.7905 200.946 32.2172
381 8.3316 199.647 32.3125
382 7.2291 199.647 32.3125
383 7.2291 199.647 32.2172
384 8.3316 199.647 32.2172
385 9.1537 204.381 32.2172
386 8.2019 203.824 32.2172
387 9.1587 202.722 32.3125
388 8.1222 202.346 32.3125
389 8.1222 202.346 32.2172
390 9.1587 202.722 32.2172
391 8.2844 207.52 32.2172
392 7.5862 206.666 32.2172
393 8.8535 206.012 32.3125
394 8.017 205.293 32.3125
395 8.017 205.293 32.2172
396 8.8535 206.012 32.2172
397 6.4526 210.077 32.2172
398 6.0831 209.038 32.2172
399 7.4747 208.883 32.3125
400 6.9336 207.922 32.3125
401 6.9336 207.922 32.2172
402 7.4747 208.883 32.2172
403 3.8847 211.863 32.2172
404 3.8848 210.761 32.2172
405 5.2463 211.078 32.3125
406 5.0587 209.992 32.3125
407 5.0587 209.992 32.2172
408 5.2463 211.078 32.2172
409 0.8092 212.69 32.2172
410 1.1856 211.654 32.2172
411 2.3962 212.408 32.3125
412 2.5858 211.322 32.3125
413 2.5858 211.322 32.2172
414 2.3962 212.408 32.2172
415 -2.4803 212.385 32.2172
416 -1.7619 211.548 32.2172
417 -0.8492 212.685 32.3125
418 -0.2929 211.733 32.3125
419 -0.2929 211.733 32.2172
420 -0.8492 212.685 32.2172
421 -5.3511 211.006 32.2172
422 -4.3906 210.465 32.2172
423 -3.9884 211.816 32.3125
424 -3.1349 211.118 32.3125
425 -3.1349 211.118 32.2172
426 -3.9884 211.816 32.2172
427 -7.5465 208.778 32.2172
428 -6.4603 208.59 32.2172
429 -6.5451 209.984 32.3125
430 -5.5066 209.615 32.3125
431 -5.5066 209.615 32.2172
432 -6.5451 209.984 32.2172
433 -8.8768 205.928 32.2172
434 -7.7905 206.117 32.2172
435 -8.3316 207.416 32.3125
436 -7.2291 207.416 32.3125
437 -7.2291 207.416 32.2172
438 -8.3316 207.416 32.2172
439 -9.1537 202.682 32.2172
440 -8.2019 203.239 32.2172
441 -9.1587 204.341 32.3125
442 -8.1222 204.717 32.3125
443 -8.1222 204.717 32.2172
444 -9.1587 204.341 32.2172
445 -8.2844 199.543 32.2172
446 -7.5862 200.397 32.2172
447 -8.8535 201.051 32.3125
448 -8.017 201.77 32.3125
449 -8.017 201.77 32.2172
450 -8.8535 201.051 32.2172
451 -6.4526 196.986 32.2172
452 -6.0831 198.025 32.2172
453 -7.4747 198.18 32.3125
454 -6.9336 199.141 32.3125
455 -6.9336 199.141 32.2172
456 -7.4747 198.18 32.2172
457 -3.8847 195.2 32.2172
458 -3.8848 196.302 32.2172
459 -5.2463 195.985 32.3125
460 -5.0587 197.071 32.3125
461 -5.0587 197.071 32.2172
462 -5.2463 195.985 32.2172
463 -0.8092 194.373 32.2172
464 -1.1856 195.409 32.2172
465 -2.3962 194.655 32.3125
466 -2.5858 195.741 32.3125
467 -2.5858 195.741 32.2172
468 -2.3962 194.655 32.2172
469 0 196.277 32.3125
470 0 196.277 32.2172
471 1.3035 196.394 32.2172
472 1.7717 193.484 32.3125
473 1.7717 193.484 32.2172
474 3.5485 193.964 32.2172
475 2.5301 196.731 32.3125
476 2.5301 196.731 32.2172
477 3.6599 197.268 32.2172
478 5.1649 194.731 32.3125
479 5.1649 194.731 32.2172
480 6.5986 195.75 32.2172
481 4.6727 197.984 32.3125
482 4.6727 197.984 32.2172
483 5.5475 198.859 32.2172
484 7.8263 196.989 32.3125
485 7.8263 196.989 32.2172
486 8.8243 198.415 32.2172
487 6.2637 199.872 32.3125
488 6.2637 199.872 32.2172
489 6.8006 201.001 32.2172
490 9.5689 199.992 32.3125
491 9.5689 199.992 32.2172
492 10.0366 201.688 32.2172
493 7.1378 202.228 32.3125
494 7.1378 202.228 32.2172
495 7.2549 203.531 32.2172
496 10.2041 203.469 32.3125
497 10.2041 203.469 32.2172
498 10.0479 205.303 32.2172
499 7.1378 204.835 32.3125
500 7.1378 204.835 32.2172
501 6.8006 206.061 32.2172
502 9.5674 207.08 32.3125
503 9.5674 207.08 32.2172
504 8.8009 208.696 32.2172
505 6.2637 207.191 32.3125
506 6.2637 207.191 32.2172
507 5.5475 208.204 32.2172
508 7.7813 210.13 32.3125
509 7.7813 210.13 32.2172
510 6.5421 211.358 32.2172
511 4.6727 209.079 32.3125
512 4.6727 209.079 32.2172
513 3.6599 209.795 32.2172
514 5.1168 212.356 32.3125
515 5.1168 212.356 32.2172
516 3.5393 213.1 32.2172
517 2.5301 210.332 32.3125
518 2.5301 210.332 32.2172
519 1.3035 210.669 32.2172
520 1.8433 213.568 32.3125
521 1.8433 213.568 32.2172
522 0.0623 213.736 32.2172
523 0 210.786 32.3125
524 0 210.786 32.2172
525 -1.3035 210.669 32.2172
526 -1.7717 213.579 32.3125
527 -1.7717 213.579 32.2172
528 -3.5485 213.099 32.2172
529 -2.5301 210.332 32.3125
530 -2.5301 210.332 32.2172
531 -3.6599 209.795 32.2172
532 -5.1649 212.332 32.3125
533 -5.1649 212.332 32.2172
534 -6.5986 211.313 32.2172
535 -4.6727 209.079 32.3125
536 -4.6727 209.079 32.2172
537 -5.5475 208.204 32.2172
538 -7.8263 210.074 32.3125
539 -7.8263 210.074 32.2172
540 -8.8243 208.648 32.2172
541 -6.2637 207.191 32.3125
542 -6.2637 207.191 32.2172
543 -6.8006 206.061 32.2172
544 -9.5689 207.071 32.3125
545 -9.5689 207.071 32.2172
546 -10.0366 205.375 32.2172
547 -7.1378 204.835 32.3125
548 -7.1378 204.835 32.2172
549 -7.2549 203.531 32.2172
550 -10.2041 203.594 32.3125
551 -10.2041 203.594 32.2172
552 -10.0479 201.76 32.2172
553 -7.1378 202.228 32.3125
554 -7.1378 202.228 32.2172
555 -6.8006 201.001 32.2172
556 -9.5674 199.983 32.3125
557 -9.5674 199.983 32.2172
558 -8.8009 198.367 32.2172
559 -6.2637 199.872 32.3125
560 -6.2637 199.872 32.2172
561 -5.5475 198.859 32.2172
562 -7.7813 196.933 32.3125
563 -7.7813 196.933 32.2172
564 -6.5421 195.705 32.2172
565 -4.6727 197.984 32.3125
566 -4.6727 197.984 32.2172
567 -3.6599 197.268 32.2172
568 -5.1168 194.707 32.3125
569 -5.1168 194.707 32.2172
570 -3.5393 193.962 32.2172
571 -2.5301 196.731 32.3125
572 -2.5301 196.731 32.2172
573 -1.3035 196.394 32.2172
574 -1.8433 193.495 32.3125
575 -1.8433 193.495 32.2172
576 -0.0623 193.327 32.2172
577 7.3776 203.531 32.4644
578 7.2587 204.856 32.4644
579 7.0168 204.812 32.6156
580 7.1318 203.531 32.6156
581 6.886 203.531 32.4644
582 6.7749 204.769 32.4644
583 6.7749 204.769 32.2172
584 6.886 203.531 32.2172
585 6.886 203.531 31.97
586 6.7749 204.769 31.97
587 7.0168 204.812 31.8187
588 7.1318 203.531 31.8187
589 7.3776 203.531 31.97
590 7.2587 204.856 31.97
591 6.9156 206.104 32.4644
592 6.6852 206.019 32.6156
593 6.4548 205.933 32.4644
594 6.4548 205.933 32.2172
595 6.4548 205.933 31.97
596 6.6852 206.019 31.8187
597 6.9156 206.104 31.97
598 6.3694 207.254 32.4644
599 6.1573 207.129 32.6156
600 5.9452 207.005 32.4644
601 5.9452 207.005 32.2172
602 5.9452 207.005 31.97
603 6.1573 207.129 31.8187
604 6.3694 207.254 31.97
605 5.6412 208.283 32.4644
606 5.4533 208.125 32.6156
607 5.2655 207.967 32.4644
608 5.2655 207.967 32.2172
609 5.2655 207.967 31.97
610 5.4533 208.125 31.8187
611 5.6412 208.283 31.97
612 4.7519 209.173 32.4644
613 4.5935 208.985 32.6156
614 4.4351 208.797 32.4644
615 4.4351 208.797 32.2172
616 4.4351 208.797 31.97
617 4.5935 208.985 31.8187
618 4.7519 209.173 31.97
619 3.7221 209.901 32.4644
620 3.598 209.689 32.6156
621 3.4738 209.477 32.4644
622 3.4738 209.477 32.2172
623 3.4738 209.477 31.97
624 3.598 209.689 31.8187
625 3.7221 209.901 31.97
626 2.5727 210.447 32.4644
627 2.4871 210.217 32.6156
628 2.4014 209.986 32.4644
629 2.4014 209.986 32.2172
630 2.4014 209.986 31.97
631 2.4871 210.217 31.8187
632 2.5727 210.447 31.97
633 1.3248 210.79 32.4644
634 1.281 210.548 32.6156
635 1.2373 210.306 32.4644
636 1.2373 210.306 32.2172
637 1.2373 210.306 31.97
638 1.281 210.548 31.8187
639 1.3248 210.79 31.97
640 0 210.909 32.4644
641 0 210.663 32.6156
642 0 210.417 32.4644
643 0 210.417 32.2172
644 0 210.417 31.97
645 0 210.663 31.8187
646 0 210.909 31.97
647 -1.3248 210.79 32.4644
648 -1.281 210.548 32.6156
649 -1.2373 210.306 32.4644
650 -1.2373 210.306 32.2172
651 -1.2373 210.306 31.97
652 -1.281 210.548 31.8187
653 -1.3248 210.79 31.97
654 -2.5727 210.447 32.4644
655 -2.4871 210.217 32.6156
656 -2.4014 209.986 32.4644
657 -2.4014 209.986 32.2172
658 -2.4014 209.986 31.97
659 -2.4871 210.217 31.8187
660 -2.5727 210.447 31.97
661 -3.7221 209.901 32.4644
662 -3.598 209.689 32.6156
663 -3.4738 209.477 32.4644
664 -3.4738 209.477 32.2172
665 -3.4738 209.477 31.97
666 -3.598 209.689 31.8187
667 -3.7221 209.901 31.97
668 -4.7519 209.173 32.4644
669 -4.5935 208.985 32.6156
670 -4.4351 208.797 32.4644
671 -4.4351 208.797 32.2172
672 -4.4351 208.797 31.97
673 -4.5935 208.985 31.8187
674 -4.7519 209.173 31.97
675 -5.6412 208.283 32.4644
676 -5.4533 208.125 32.6156
677 -5.2655 207.967 32.4644
678 -5.2655 207.967 32.2172
679 -5.2655 207.967 31.97
680 -5.4533 208.125 31.8187
681 -5.6412 208.283 31.97
682 -6.3694 207.254 32.4644
683 -6.1573 207.129 32.6156
684 -5.9452 207.005 32.4644
685 -5.9452 207.005 32.2172
686 -5.9452 207.005 31.97
687 -6.1573 207.129 31.8187
688 -6.3694 207.254 31.97
689 -6.9156 206.104 32.4644
690 -6.6852 206.018 32.6156
691 -6.4548 205.933 32.4644
692 -6.4548 205.933 32.2172
693 -6.4548 205.933 31.97
694 -6.6852 206.018 31.8187
695 -6.9156 206.104 31.97
696 -7.2587 204.856 32.4644
697 -7.0168 204.812 32.6156
698 -6.7749 204.769 32.4644
699 -6.7749 204.769 32.2172
700 -6.7749 204.769 31.97
701 -7.0168 204.812 31.8187
702 -7.2587 204.856 31.97
703 -7.3776 203.531 32.4644
704 -7.1318 203.531 32.6156
705 -6.886 203.531 32.4644
706 -6.886 203.531 32.2172
707 -6.886 203.531 31.97
708 -7.1318 203.531 31.8187
709 -7.3776 203.531 31.97
710 -7.2587 202.207 32.4644
711 -7.0168 202.25 32.6156
712 -6.7749 202.294 32.4644
713 -6.7749 202.294 32.2172
714 -6.7749 202.294 31.97
715 -7.0168 202.25 31.8187
716 -7.2587 202.207 31.97
717 -6.9156 200.959 32.4644
718 -6.6852 201.044 32.6156
719 -6.4548 201.13 32.4644
720 -6.4548 201.13 32.2172
721 -6.4548 201.13 31.97
722 -6.6852 201.044 31.8187
723 -6.9156 200.959 31.97
724 -6.3694 199.809 32.4644
725 -6.1573 199.934 32.6156
726 -5.9452 200.058 32.4644
727 -5.9452 200.058 32.2172
728 -5.9452 200.058 31.97
729 -6.1573 199.934 31.8187
730 -6.3694 199.809 31.97
731 -5.6412 198.78 32.4644
732 -5.4533 198.938 32.6156
733 -5.2655 199.096 32.4644
734 -5.2655 199.096 32.2172
735 -5.2655 199.096 31.97
736 -5.4533 198.938 31.8187
737 -5.6412 198.78 31.97
738 -4.7518 197.89 32.4644
739 -4.5935 198.078 32.6156
740 -4.4351 198.266 32.4644
741 -4.4351 198.266 32.2172
742 -4.4351 198.266 31.97
743 -4.5935 198.078 31.8187
744 -4.7518 197.89 31.97
745 -3.7221 197.162 32.4644
746 -3.598 197.374 32.6156
747 -3.4738 197.586 32.4644
748 -3.4738 197.586 32.2172
749 -3.4738 197.586 31.97
750 -3.598 197.374 31.8187
751 -3.7221 197.162 31.97
752 -2.5727 196.616 32.4644
753 -2.4871 196.846 32.6156
754 -2.4014 197.077 32.4644
755 -2.4014 197.077 32.2172
756 -2.4014 197.077 31.97
757 -2.4871 196.846 31.8187
758 -2.5727 196.616 31.97
759 -1.3248 196.273 32.4644
760 -1.281 196.515 32.6156
761 -1.2373 196.757 32.4644
762 -1.2373 196.757 32.2172
763 -1.2373 196.757 31.97
764 -1.281 196.515 31.8187
765 -1.3248 196.273 31.97
766 0 196.154 32.4644
767 0 196.4 32.6156
768 0 196.645 32.4644
769 0 196.645 32.2172
770 0 196.645 31.97
771 0 196.4 31.8187
772 0 196.154 31.97
773 1.3248 196.273 32.4644
774 1.281 196.515 32.6156
775 1.2373 196.757 32.4644
776 1.2373 196.757 32.2172
777 1.2373 196.757 31.97
778 1.281 196.515 31.8187
779 1.3248 196.273 31.97
780 2.5727 196.616 32.4644
781 2.4871 196.846 32.6156
782 2.4014 197.077 32.4644
783 2.4014 197.077 32.2172
784 2.4014 197.077 31.97
785 2.4871 196.846 31.8187
786 2.5727 196.616 31.97
787 3.7221 197.162 32.4644
788 3.598 197.374 32.6156
789 3.4738 197.586 32.4644
790 3.4738 197.586 32.2172
791 3.4738 197.586 31.97
792 3.598 197.374 31.8187
793 3.7221 197.162 31.97
794 4.7519 197.89 32.4644
795 4.5935 198.078 32.6156
796 4.4351 198.266 32.4644
797 4.4351 198.266 32.2172
798 4.4351 198.266 31.97
799 4.5935 198.078 31.8187
800 4.7519 197.89 31.97
801 5.6412 198.78 32.4644
802 5.4533 198.938 32.6156
803 5.2655 199.096 32.4644
804 5.2655 199.096 32.2172
805 5.2655 199.096 31.97
806 5.4533 198.938 31.8187
807 5.6412 198.78 31.97
808 6.3694 199.809 32.4644
809 6.1573 199.934 32.6156
810 5.9452 200.058 32.4644
811 5.9452 200.058 32.2172
812 5.9452 200.058 31.97
813 6.1573 199.934 31.8187
814 6.3694 199.809 31.97
815 6.9156 200.959 32.4644
816 6.6852 201.044 32.6156
817 6.4548 201.13 32.4644
818 6.4548 201.13 32.2172
819 6.4548 201.13 31.97
820 6.6852 201.044 31.8187
821 6.9156 200.959 31.97
822 7.2587 202.207 32.4644
823 7.0168 202.25 32.6156
824 6.7749 202.294 32.4644
825 6.7749 202.294 32.2172
826 6.7749 202.294 31.97
827 7.0168 202.25 31.8187
828 7.2587 202.207 31.97
829 2.4803 194.678 32.1218
830 1.7619 195.514 32.1218
831 5.3511 196.057 32.1218
832 4.3906 196.598 32.1218
833 7.5465 198.285 32.1218
834 6.4603 198.473 32.1218
835 8.8768 201.135 32.1218
836 7.7905 200.946 32.1218
837 9.1537 204.381 32.1218
838 8.2019 203.824 32.1218
839 8.2844 207.52 32.1218
840 7.5862 206.666 32.1218
841 6.4526 210.077 32.1218
842 6.0831 209.038 32.1218
843 3.8847 211.863 32.1218
844 3.8848 210.761 32.1218
845 0.8092 212.69 32.1218
846 1.1856 211.654 32.1218
847 -2.4803 212.385 32.1218
848 -1.7619 211.548 32.1218
849 -5.3511 211.006 32.1218
850 -4.3906 210.465 32.1218
851 -7.5465 208.778 32.1218
852 -6.4603 208.59 32.1218
853 -8.8768 205.928 32.1218
854 -7.7905 206.117 32.1218
855 -9.1537 202.682 32.1218
856 -8.2019 203.239 32.1218
857 -8.2844 199.543 32.1218
858 -7.5862 200.397 32.1218
859 -6.4526 196.986 32.1218
860 -6.0831 198.025 32.1218
861 -3.8847 195.2 32.1218
862 -3.8848 196.302 32.1218
863 -0.8092 194.373 32.1218
864 -1.1856 195.409 32.1218
865 1.3035 196.394 32.1218
866 3.5485 193.964 32.1218
867 3.6599 197.268 32.1218
868 6.5986 195.75 32.1218
869 5.5475 198.859 32.1218
870 8.8243 198.415 32.1218
871 6.8006 201.001 32.1218
872 10.0366 201.688 32.1218
873 7.2549 203.531 32.1218
874 10.0479 205.303 32.1218
875 6.8006 206.061 32.1218
876 8.8009 208.696 32.1218
877 5.5475 208.204 32.1218
878 6.5421 211.358 32.1218
879 3.6599 209.795 32.1218
880 3.5393 213.1 32.1218
881 1.3035 210.669 32.1218
882 0.0623 213.736 32.1218
883 -1.3035 210.669 32.1218
884 -3.5485 213.099 32.1218
885 -3.6599 209.795 32.1218
886 -6.5986 211.313 32.1218
887 -5.5475 208.204 32.1218
888 -8.8243 208.648 32.1218
889 -6.8006 206.061 32.1218
890 -10.0366 205.375 32.1218
891 -7.2549 203.531 32.1218
892 -10.0479 201.76 32.1218
893 -6.8006 201.001 32.1218
894 -8.8009 198.367 32.1218
895 -5.5475 198.859 32.1218
896 -6.5421 195.705 32.1218
897 -3.6599 197.268 32.1218
898 -3.5393 193.962 32.1218
899 -1.3035 196.394 32.1218
900 -0.0623 193.327 32.1218
901 0 196.751 32.1545
902 1.2185 196.86 32.1545
903 -1.2185 196.86 32.1545
904 -2.3648 197.175 32.1545
905 -3.4207 197.677 32.1545
906 -4.3673 198.346 32.1545
907 -5.185 199.164 32.1545
908 -5.8544 200.111 32.1545
909 -6.3562 201.167 32.1545
910 -6.6713 202.313 32.1545
911 -6.7807 203.531 32.1545
912 -6.6713 204.75 32.1545
913 -6.3562 205.896 32.1545
914 -5.8544 206.952 32.1545
915 -5.185 207.899 32.1545
916 -4.3673 208.717 32.1545
917 -3.4207 209.386 32.1545
918 -2.3648 209.888 32.1545
919 -1.2185 210.203 32.1545
920 0 210.312 32.1545
921 1.2185 210.203 32.1545
922 2.3648 209.888 32.1545
923 3.4207 209.386 32.1545
924 4.3673 208.717 32.1545
925 5.185 207.899 32.1545
926 5.8544 206.952 32.1545
927 6.3562 205.896 32.1545
928 6.6713 204.75 32.1545
929 6.7807 203.531 32.1545
930 6.6713 202.313 32.1545
931 6.3562 201.167 32.1545
932 5.8544 200.111 32.1545
933 5.185 199.164 32.1545
934 4.3673 198.346 32.1545
935 3.4207 197.677 32.1545
936 2.3648 197.175 32.1545
937 0 196.753 32.2798
938 -1.2181 196.863 32.2798
939 1.2181 196.863 32.2798
940 2.3639 197.178 32.2798
941 3.4195 197.679 32.2798
942 4.3657 198.348 32.2798
943 5.1832 199.166 32.2798
944 5.8523 200.112 32.2798
945 6.3539 201.168 32.2798
946 6.6689 202.313 32.2798
947 6.7783 203.531 32.2798
948 6.6689 204.75 32.2798
949 6.3539 205.895 32.2798
950 5.8523 206.951 32.2798
951 5.1832 207.897 32.2798
952 4.3657 208.715 32.2798
953 3.4195 209.384 32.2798
954 2.3639 209.885 32.2798
955 1.2181 210.2 32.2798
956 0 210.31 32.2798
957 -1.2181 210.2 32.2798
958 -2.3639 209.885 32.2798
959 -3.4195 209.384 32.2798
960 -4.3657 208.715 32.2798
961 -5.1832 207.897 32.2798
962 -5.8523 206.951 32.2798
963 -6.3539 205.895 32.2798
964 -6.6689 204.75 32.2798
965 -6.7783 203.531 32.2798
966 -6.6689 202.313 32.2798
967 -6.3539 201.168 32.2798
968 -5.8523 200.112 32.2798
969 -5.1832 199.166 32.2798
970 -4.3657 198.348 32.2798
971 -3.4195 197.679 32.2798
972 -2.3639 197.178 32.2798
973 6.2619 202.387 32.2798
974 5.581 201.472 32.2798
975 5.4955 200.321 32.2798
976 5.9663 201.312 32.2798
977 6.3647 203.531 32.2798
978 5.5065 202.702 32.2798
979 6.2619 204.676 32.2798
980 5.2626 203.948 32.2798
981 5.9663 205.751 32.2798
982 4.8629 205.145 32.2798
983 5.4955 206.742 32.2798
984 4.3249 206.279 32.2798
985 4.8671 207.631 32.2798
986 3.6663 207.331 32.2798
987 4.0992 208.398 32.2798
988 2.9052 208.284 32.2798
989 2.0595 209.113 32.2798
990 3.2106 209.027 32.2798
991 2.2198 209.498 32.2798
992 1.1445 209.793 32.2798
993 4.7523 200.626 32.2798
994 4.8671 199.432 32.2798
995 4.5103 201.909 32.2798
996 4.1352 203.223 32.2798
997 3.6411 204.51 32.2798
998 3.0458 205.754 32.2798
999 2.3668 206.937 32.2798
1000 1.6223 208.042 32.2798
1001 0.8294 209.038 32.2798
1002 0 209.896 32.2798
1003 3.7997 199.865 32.2798
1004 4.0992 198.664 32.2798
1005 3.4056 201.165 32.2798
1006 2.9148 202.511 32.2798
1007 2.3419 203.851 32.2798
1008 1.7047 205.168 32.2798
1009 1.0209 206.446 32.2798
1010 0.3084 207.667 32.2798
1011 -0.4162 208.794 32.2798
1012 -1.1445 209.793 32.2798
1013 2.7474 199.207 32.2798
1014 3.2106 198.036 32.2798
1015 2.2224 200.486 32.2798
1016 1.637 201.827 32.2798
1017 1.0063 203.183 32.2798
1018 0.3484 204.538 32.2798
1019 -0.3192 205.873 32.2798
1020 -0.9785 207.173 32.2798
1021 -1.6137 208.394 32.2798
1022 -2.2198 209.498 32.2798
1023 1.6137 198.669 32.2798
1024 2.2198 197.565 32.2798
1025 0.9786 199.89 32.2798
1026 0.3192 201.19 32.2798
1027 -0.3484 202.525 32.2798
1028 -1.0063 203.88 32.2798
1029 -1.637 205.236 32.2798
1030 -2.2224 206.577 32.2798
1031 -2.7474 207.856 32.2798
1032 -3.2106 209.027 32.2798
1033 0.4162 198.269 32.2798
1034 1.1445 197.27 32.2798
1035 -0.3084 199.396 32.2798
1036 -1.0209 200.617 32.2798
1037 -1.7047 201.895 32.2798
1038 -2.3419 203.212 32.2798
1039 -2.9148 204.552 32.2798
1040 -3.4056 205.898 32.2798
1041 -3.7997 207.198 32.2798
1042 -4.0992 208.398 32.2798
1043 -0.8294 198.025 32.2798
1044 0 197.167 32.2798
1045 -1.6222 199.021 32.2798
1046 -2.3668 200.126 32.2798
1047 -3.0458 201.309 32.2798
1048 -3.6411 202.553 32.2798
1049 -4.1352 203.84 32.2798
1050 -4.5103 205.154 32.2798
1051 -4.7523 206.437 32.2798
1052 -4.8671 207.631 32.2798
1053 -2.0595 197.951 32.2798
1054 -1.1445 197.27 32.2798
1055 -3.2106 198.036 32.2798
1056 -2.2198 197.565 32.2798
1057 -2.9051 198.779 32.2798
1058 -4.0992 198.664 32.2798
1059 -3.6663 199.732 32.2798
1060 -4.8671 199.432 32.2798
1061 -4.3249 200.784 32.2798
1062 -5.4955 200.321 32.2798
1063 -4.8629 201.918 32.2798
1064 -5.9663 201.312 32.2798
1065 -5.2626 203.115 32.2798
1066 -6.2619 202.387 32.2798
1067 -5.5065 204.361 32.2798
1068 -6.3647 203.531 32.2798
1069 -5.581 205.591 32.2798
1070 -6.2619 204.676 32.2798
1071 -5.4955 206.742 32.2798
1072 -5.9663 205.751 32.2798
1073 0 197.218 32.1545
1074 1.1354 197.32 32.1545
1075 -1.1354 197.32 32.1545
1076 -2.202 197.613 32.1545
1077 -3.1848 198.08 32.1545
1078 -4.0663 198.704 32.1545
1079 -4.828 199.465 32.1545
1080 -5.4514 200.347 32.1545
1081 -5.9184 201.329 32.1545
1082 -6.2116 202.396 32.1545
1083 -6.3135 203.531 32.1545
1084 -6.2116 204.667 32.1545
1085 -5.9184 205.733 32.1545
1086 -5.4514 206.716 32.1545
1087 -4.828 207.598 32.1545
1088 -4.0663 208.359 32.1545
1089 -3.1848 208.983 32.1545
1090 -2.202 209.45 32.1545
1091 -1.1354 209.743 32.1545
1092 0 209.845 32.1545
1093 1.1354 209.743 32.1545
1094 2.202 209.45 32.1545
1095 3.1848 208.983 32.1545
1096 4.0663 208.359 32.1545
1097 4.828 207.598 32.1545
1098 5.4514 206.716 32.1545
1099 5.9184 205.733 32.1545
1100 6.2116 204.667 32.1545
1101 6.3136 203.531 32.1545
1102 6.2116 202.396 32.1545
1103 5.9184 201.329 32.1545
1104 5.4514 200.347 32.1545
1105 4.828 199.465 32.1545
1106 4.0663 198.704 32.1545
1107 3.1848 198.08 32.1545
1108 2.202 197.613 32.1545
1109 -5.5362 201.488 32.1545
1110 -5.4622 202.709 32.1545
1111 -5.2204 203.944 32.1545
1112 -4.8238 205.132 32.1545
1113 -4.2902 206.257 32.1545
1114 -3.6369 207.301 32.1545
1115 -2.8819 208.246 32.1545
1116 -2.043 209.068 32.1545
1117 -4.7141 200.65 32.1545
1118 -4.474 201.922 32.1545
1119 -4.102 203.226 32.1545
1120 -3.6119 204.502 32.1545
1121 -3.0213 205.736 32.1545
1122 -2.3478 206.91 32.1545
1123 -1.6092 208.005 32.1545
1124 -0.8227 208.994 32.1545
1125 -3.7691 199.895 32.1545
1126 -3.3782 201.184 32.1545
1127 -2.8913 202.519 32.1545
1128 -2.323 203.848 32.1545
1129 -1.691 205.155 32.1545
1130 -1.0126 206.423 32.1545
1131 -0.3058 207.633 32.1545
1132 0.4129 208.752 32.1545
1133 -2.7253 199.241 32.1545
1134 -2.2045 200.51 32.1545
1135 -1.6238 201.84 32.1545
1136 -0.9982 203.186 32.1545
1137 -0.3456 204.53 32.1545
1138 0.3166 205.855 32.1545
1139 0.9707 207.143 32.1545
1140 1.6007 208.355 32.1545
1141 -1.6007 198.708 32.1545
1142 -0.9707 199.92 32.1545
1143 -0.3166 201.208 32.1545
1144 0.3456 202.533 32.1545
1145 0.9982 203.877 32.1545
1146 1.6238 205.222 32.1545
1147 2.2045 206.553 32.1545
1148 2.7253 207.822 32.1545
1149 -0.4129 198.311 32.1545
1150 0.3058 199.43 32.1545
1151 1.0126 200.64 32.1545
1152 1.691 201.908 32.1545
1153 2.323 203.215 32.1545
1154 2.8913 204.544 32.1545
1155 3.3782 205.879 32.1545
1156 3.7691 207.168 32.1545
1157 0.8227 198.069 32.1545
1158 1.6092 199.057 32.1545
1159 2.3478 200.153 32.1545
1160 3.0213 201.327 32.1545
1161 3.6119 202.561 32.1545
1162 4.102 203.837 32.1545
1163 4.474 205.141 32.1545
1164 4.7141 206.413 32.1545
1165 2.043 197.995 32.1545
1166 2.8819 198.817 32.1545
1167 3.6369 199.762 32.1545
1168 4.2902 200.806 32.1545
1169 4.8238 201.931 32.1545
1170 5.2204 203.119 32.1545
1171 5.4622 204.354 32.1545
1172 5.5362 205.574 32.1545
1173 10.7011 203.531 32.5724
1174 10.5286 205.453 32.5724
1175 10.1777 205.389 32.7946
1176 10.3445 203.531 32.7946
1177 9.988 203.531 32.5724
1178 9.8268 205.326 32.5724
1179 9.8268 205.326 31.862
1180 9.988 203.531 31.862
1181 10.5286 205.453 31.862
1182 10.7011 203.531 31.862
1183 10.0309 207.263 32.5724
1184 9.6968 207.139 32.7946
1185 9.3626 207.015 32.5724
1186 9.3626 207.015 31.862
1187 10.0309 207.263 31.862
1188 9.2387 208.93 32.5724
1189 8.9311 208.75 32.7946
1190 8.6234 208.57 32.5724
1191 8.6234 208.57 31.862
1192 9.2387 208.93 31.862
1193 8.1824 210.424 32.5724
1194 7.9099 210.194 32.7946
1195 7.6374 209.964 32.5724
1196 7.6374 209.964 31.862
1197 8.1824 210.424 31.862
1198 6.8925 211.714 32.5724
1199 6.6627 211.441 32.7946
1200 6.433 211.169 32.5724
1201 6.433 211.169 31.862
1202 6.8925 211.714 31.862
1203 5.3989 212.77 32.5724
1204 5.2188 212.462 32.7946
1205 5.0387 212.155 32.5724
1206 5.0387 212.155 31.862
1207 5.3989 212.77 31.862
1208 3.7317 213.562 32.5724
1209 3.6075 213.228 32.7946
1210 3.4832 212.894 32.5724
1211 3.4832 212.894 31.862
1212 3.7317 213.562 31.862
1213 1.9215 214.06 32.5724
1214 1.8581 213.709 32.7946
1215 1.7946 213.358 32.5724
1216 1.7946 213.358 31.862
1217 1.9215 214.06 31.862
1218 0 214.232 32.5724
1219 0 213.876 32.7946
1220 0 213.519 32.5724
1221 0 213.519 31.862
1222 0 214.232 31.862
1223 -1.9215 214.06 32.5724
1224 -1.8581 213.709 32.7946
1225 -1.7946 213.358 32.5724
1226 -1.7946 213.358 31.862
1227 -1.9215 214.06 31.862
1228 -3.7317 213.562 32.5724
1229 -3.6075 213.228 32.7946
1230 -3.4832 212.894 32.5724
1231 -3.4832 212.894 31.862
1232 -3.7317 213.562 31.862
1233 -5.3989 212.77 32.5724
1234 -5.2188 212.462 32.7946
1235 -5.0387 212.155 32.5724
1236 -5.0387 212.155 31.862
1237 -5.3989 212.77 31.862
1238 -6.8925 211.714 32.5724
1239 -6.6627 211.441 32.7946
1240 -6.433 211.169 32.5724
1241 -6.433 211.169 31.862
1242 -6.8925 211.714 31.862
1243 -8.1824 210.424 32.5724
1244 -7.9099 210.194 32.7946
1245 -7.6374 209.964 32.5724
1246 -7.6374 209.964 31.862
1247 -8.1824 210.424 31.862
1248 -9.2387 208.93 32.5724
1249 -8.9311 208.75 32.7946
1250 -8.6234 208.57 32.5724
1251 -8.6234 208.57 31.862
1252 -9.2387 208.93 31.862
1253 -10.0309 207.263 32.5724
1254 -9.6968 207.139 32.7946
1255 -9.3626 207.015 32.5724
1256 -9.3626 207.015 31.862
1257 -10.0309 207.263 31.862
1258 -10.5286 205.453 32.5724
1259 -10.1777 205.389 32.7946
1260 -9.8268 205.326 32.5724
1261 -9.8268 205.326 31.862
1262 -10.5286 205.453 31.862
1263 -10.7011 203.531 32.5724
1264 -10.3445 203.531 32.7946
1265 -9.988 203.531 32.5724
1266 -9.988 203.531 31.862
1267 -10.7011 203.531 31.862
1268 -10.5286 201.61 32.5724
1269 -10.1777 201.673 32.7946
1270 -9.8268 201.737 32.5724
1271 -9.8268 201.737 31.862
1272 -10.5286 201.61 31.862
1273 -10.0309 199.8 32.5724
1274 -9.6968 199.924 32.7946
1275 -9.3626 200.048 32.5724
1276 -9.3626 200.048 31.862
1277 -10.0309 199.8 31.862
1278 -9.2387 198.133 32.5724
1279 -8.9311 198.313 32.7946
1280 -8.6234 198.493 32.5724
1281 -8.6234 198.493 31.862
1282 -9.2387 198.133 31.862
1283 -8.1824 196.639 32.5724
1284 -7.9099 196.869 32.7946
1285 -7.6374 197.098 32.5724
1286 -7.6374 197.098 31.862
1287 -8.1824 196.639 31.862
1288 -6.8925 195.349 32.5724
1289 -6.6627 195.622 32.7946
1290 -6.433 195.894 32.5724
1291 -6.433 195.894 31.862
1292 -6.8925 195.349 31.862
1293 -5.3989 194.293 32.5724
1294 -5.2188 194.6 32.7946
1295 -5.0387 194.908 32.5724
1296 -5.0387 194.908 31.862
1297 -5.3989 194.293 31.862
1298 -3.7317 193.501 32.5724
1299 -3.6075 193.835 32.7946
1300 -3.4832 194.169 32.5724
1301 -3.4832 194.169 31.862
1302 -3.7317 193.501 31.862
1303 -1.9215 193.003 32.5724
1304 -1.8581 193.354 32.7946
1305 -1.7946 193.705 32.5724
1306 -1.7946 193.705 31.862
1307 -1.9215 193.003 31.862
1308 0 192.83 32.5724
1309 0 193.187 32.7946
1310 0 193.544 32.5724
1311 0 193.544 31.862
1312 0 192.83 31.862
1313 1.9215 193.003 32.5724
1314 1.8581 193.354 32.7946
1315 1.7946 193.705 32.5724
1316 1.7946 193.705 31.862
1317 1.9215 193.003 31.862
1318 3.7317 193.501 32.5724
1319 3.6075 193.835 32.7946
1320 3.4832 194.169 32.5724
1321 3.4832 194.169 31.862
1322 3.7317 193.501 31.862
1323 5.3989 194.293 32.5724
1324 5.2188 194.6 32.7946
1325 5.0387 194.908 32.5724
1326 5.0387 194.908 31.862
1327 5.3989 194.293 31.862
1328 6.8925 195.349 32.5724
1329 6.6627 195.622 32.7946
1330 6.433 195.894 32.5724
1331 6.433 195.894 31.862
1332 6.8925 195.349 31.862
1333 8.1824 196.639 32.5724
1334 7.9099 196.869 32.7946
1335 7.6374 197.098 32.5724
1336 7.6374 197.098 31.862
1337 8.1824 196.639 31.862
1338 9.2387 198.133 32.5724
1339 8.9311 198.313 32.7946
1340 8.6234 198.493 32.5724
1341 8.6234 198.493 31.862
1342 9.2387 198.133 31.862
1343 10.0309 199.8 32.5724
1344 9.6968 199.924 32.7946
1345 9.3626 200.048 32.5724
1346 9.3626 200.048 31.862
1347 10.0309 199.8 31.862
1348 10.5286 201.61 32.5724
1349 10.1777 201.673 32.7946
1350 9.8268 201.737 32.5724
1351 9.8268 201.737 31.862
1352 10.5286 201.61 31.862
1353 6.3277 191.099 -28.2553
1354 6.3277 193.691 -28.2553
1355 3.1488 193.691 -28.2553
1356 3.1488 191.099 -28.2553
1357 2.673 194.182 -34.8946
1358 3.801 196.905 -34.8946
1359 6.3277 196.821 -34.8946
1360 6.3277 193.728 -34.8946
1361 6.3277 190.786 -28.4936
1362 3.1488 190.786 -28.4936
1363 3.1488 190.786 -31.575
1364 6.3277 190.786 -31.575
1365 -6.6208 191.099 -28.4936
1366 -6.6208 193.691 -28.4936
1367 -6.6208 193.691 -31.575
1368 -6.6208 191.099 -31.575
1369 6.6208 204.778 -28.4936
1370 6.6208 200.054 -28.4936
1371 6.6208 200.054 -31.575
1372 6.6208 204.778 -31.575
1373 -6.6208 204.778 -34.6564
1374 -6.6208 204.778 -31.575
1375 -5.8345 207.292 -31.575
1376 -5.8415 207.276 -33.6714
1377 0 211.787 -31.9525
1378 0 211.787 -31.575
1379 2.3669 210.953 -31.575
1380 2.376 210.949 -32.2568
1381 0 211.787 -31.1975
1382 -2.2903 210.98 -31.575
1383 -2.3004 210.976 -30.9029
1384 5.8345 207.292 -31.575
1385 5.8425 207.273 -29.4781
1386 6.3277 204.778 -28.2553
1387 5.5512 207.289 -29.2084
1388 2.7749 207.731 -29.0125
1389 3.1488 204.778 -28.2553
1390 -6.3277 204.778 -34.8946
1391 -5.5512 207.288 -33.9409
1392 -2.6851 207.744 -34.1319
1393 -3.047 204.778 -34.8946
1394 0 204.778 -28.2553
1395 -3.047 204.778 -28.2553
1396 -3.047 200.054 -28.2553
1397 0 200.054 -28.2553
1398 0 190.786 -28.4936
1399 -3.047 190.786 -28.4936
1400 -3.047 190.786 -31.575
1401 0 190.786 -31.575
1402 0 211.522 -30.8194
1403 -2.1596 210.753 -30.538
1404 -2.6851 207.744 -29.018
1405 0 208.13 -29.0163
1406 0 211.522 -32.3305
1407 2.2354 210.727 -32.6219
1408 2.7749 207.731 -34.1375
1409 0 208.13 -34.1337
1410 0 190.786 -34.6564
1411 3.1488 190.786 -34.6564
1412 -6.6208 200.054 -34.6564
1413 -6.6208 200.054 -31.575
1414 6.6208 191.099 -31.575
1415 6.6208 191.099 -34.6564
1416 6.6208 193.691 -34.6564
1417 6.6208 193.691 -31.575
1418 -6.6208 204.778 -28.4936
1419 -5.8415 207.276 -29.4785
1420 2.376 210.949 -30.8932
1421 -2.3004 210.976 -32.247
1422 6.6208 204.778 -34.6564
1423 5.8425 207.273 -33.6719
1424 -6.3277 190.786 -31.575
1425 -6.3277 190.786 -34.6564
1426 -3.047 190.786 -34.6564
1427 4.3184 209.411 -30.0264
1428 2.2354 210.727 -30.528
1429 -4.3002 209.416 -33.1209
1430 -2.1596 210.753 -32.6119
1431 -5.5512 207.288 -29.2091
1432 -6.3277 204.778 -28.2553
1433 5.5512 207.289 -33.9416
1434 6.3277 204.778 -34.8946
1435 3.1488 204.778 -34.8946
1436 3.1488 200.054 -28.2553
1437 4.3184 209.411 -33.1236
1438 6.3277 190.786 -34.6564
1439 0 204.778 -34.8946
1440 -6.3277 200.054 -28.2553
1441 -6.3277 200.023 -34.8946
1442 -2.673 199.628 -34.8946
1443 -6.3277 190.786 -28.4936
1444 -4.3002 209.416 -30.029
1445 -4.5196 209.585 -31.575
1446 -4.5196 209.585 -32.774
1447 4.5387 209.579 -31.575
1448 4.5387 209.579 -30.3735
1449 -4.5196 209.585 -30.376
1450 4.5387 209.579 -32.7764
1451 0 200.735 -34.8946
1452 -6.3277 193.728 -34.8946
1453 -6.3277 196.821 -34.8946
1454 -3.801 196.905 -34.8946
1455 -2.673 194.182 -34.8946
1456 6.3277 200.054 -28.2553
1457 -6.6208 200.054 -28.4936
1458 6.6208 196.811 -28.4936
1459 6.6208 196.811 -31.575
1460 -3.047 196.811 -28.2553
1461 0 196.811 -28.2553
1462 -6.6208 196.811 -34.6564
1463 -6.6208 196.811 -31.575
1464 6.6208 200.054 -34.6564
1465 3.1488 196.811 -28.2553
1466 -6.3277 196.811 -28.2553
1467 6.3277 196.811 -28.2553
1468 -6.6208 196.811 -28.4936
1469 6.6208 196.811 -34.6564
1470 6.6208 193.691 -28.4936
1471 6.6208 191.099 -28.4936
1472 -3.047 193.691 -28.2553
1473 -3.047 191.099 -28.2553
1474 0 191.099 -28.2553
1475 0 193.691 -28.2553
1476 -6.6208 193.691 -34.6564
1477 -6.6208 191.099 -34.6564
1478 -6.3277 193.691 -28.2553
1479 -6.3277 191.099 -28.2553
1480 2.673 199.628 -34.8946
1481 6.3277 200.023 -34.8946
1482 6.3277 191.099 -34.8946
1483 3.1051 191.099 -34.8946
1484 0 191.099 -34.8946
1485 0 193.074 -34.8946
1486 -3.0126 191.099 -34.8946
1487 -6.3277 191.099 -34.8946
1488 -2.2345 199.139 -34.8946
1489 -3.1601 196.905 -34.8946
1490 -2.2345 194.67 -34.8946
1491 0 193.745 -34.8946
1492 2.2345 194.67 -34.8946
1493 3.1601 196.905 -34.8946
1494 2.2345 199.139 -34.8946
1495 0 200.065 -34.8946
1496 -2.2345 199.139 -34.5234
1497 -3.1601 196.905 -34.5234
1498 0 200.065 -34.5234
1499 2.2345 199.139 -34.5234
1500 3.1601 196.905 -34.5234
1501 2.2345 194.67 -34.5234
1502 0 193.745 -34.5234
1503 -2.2345 194.67 -34.5234
1504 6.3277 190.865 -28.3149
1505 6.5109 190.904 -28.3447
1506 6.5476 191.099 -28.3149
1507 6.5476 190.865 -28.4936
1508 -6.5475 190.865 -28.4936
1509 -6.5109 190.904 -28.3447
1510 -6.5475 191.099 -28.3149
1511 6.5476 190.865 -34.6564
1512 6.5109 190.904 -34.8053
1513 6.5476 191.099 -34.8351
1514 -6.5475 190.865 -34.6564
1515 -6.5109 190.904 -34.8053
1516 -6.3277 190.865 -34.8351
1517 6.3277 190.865 -34.8351
1518 -6.3277 190.865 -28.3149
1519 -6.5475 191.099 -34.8351
1520 6.5476 193.691 -28.3149
1521 3.1488 190.865 -28.3149
1522 6.5476 196.814 -34.8351
1523 6.5476 193.7 -34.8351
1524 6.5476 190.865 -31.575
1525 -6.5475 193.691 -28.3149
1526 -6.5475 190.865 -31.575
1527 6.5476 204.778 -28.3149
1528 6.5476 200.054 -28.3149
1529 -5.7655 207.287 -33.8564
1530 -6.5475 204.778 -34.8351
1531 2.3363 210.896 -32.4668
1532 0 211.721 -32.1661
1533 -2.2601 210.923 -30.693
1534 0 211.721 -30.9838
1535 5.7657 207.286 -29.2933
1536 0 190.865 -28.3149
1537 -3.047 190.865 -28.3149
1538 0 190.865 -34.8351
1539 3.1379 190.865 -34.8351
1540 -6.5475 200.046 -34.8351
1541 -6.5475 204.778 -28.3149
1542 -5.7655 207.287 -29.2935
1543 2.3363 210.896 -30.6832
1544 -2.2601 210.923 -32.4569
1545 6.5476 204.778 -34.8351
1546 5.7657 207.286 -33.8567
1547 -3.0384 190.865 -34.8351
1548 4.4836 209.537 -30.1676
1549 -4.4647 209.543 -32.9798
1550 4.4836 209.537 -32.9823
1551 -6.5475 200.054 -28.3149
1552 -4.4647 209.543 -30.1701
1553 -6.5475 193.7 -34.8351
1554 -6.5475 196.814 -34.8351
1555 6.5476 196.811 -28.3149
1556 6.5476 200.046 -34.8351
1557 -6.5475 196.811 -28.3149
1558 -2.2345 199.139 -33.4068
1559 -3.1601 196.905 -33.4068
1560 0 200.065 -33.4068
1561 2.2345 199.139 -33.4068
1562 3.1601 196.905 -33.4068
1563 2.2345 194.67 -33.4068
1564 0 193.745 -33.4068
1565 -2.2345 194.67 -33.4068
1566 -59.4413 10.296 32.478
1567 -57.3325 10.1087 31.7191
1568 -60.8373 10.1178 23.7366
1569 -63.4043 10.2974 23.2384
1570 -55.6572 8.5543 31.1952
1571 -58.7285 8.569 24.4066
1572 -60.4143 8.584 18.6783
1573 -62.9981 10.1273 16.5661
1574 -66.0555 10.2989 14.5688
1575 -54.4436 10.2955 40.4812
1576 -52.6232 10.1056 39.1217
1577 -48.1889 10.296 47.5457
1578 -46.8625 10.1087 45.7392
1579 -45.8844 8.5543 44.2816
1580 -51.1984 8.5494 38.0577
1581 -71.8077 4.3644 14.9406
1582 -71.9949 2.3043 14.9817
1583 -68.9937 2.3044 24.789
1584 -68.814 4.3641 24.7239
1585 -71.9949 0.810901 14.9817
1586 -68.9936 0.810902 24.7889
1587 -64.5914 0.810903 35.124
1588 -64.5915 2.3044 35.1241
1589 -64.4231 4.364 35.0335
1590 -55.0017 4.9564 30.9728
1591 -57.9153 4.9663 24.605
1592 -54.8968 1.4738 30.9212
1593 -57.7959 1.4763 24.5783
1594 -59.3032 1.4761 19.3896
1595 -59.4332 4.9752 19.3856
1596 -45.485 4.9564 43.7162
1597 -50.6375 4.9531 37.6388
1598 -45.4058 1.4738 43.6303
1599 -50.5446 1.473 37.5695
1600 -55.899 8.7786 9.6604
1601 -55.5184 5.2194 10.9489
1602 -51.6992 6.1469 9.5112
1603 -51.8945 9.6928 8.3678
1604 -55.4079 1.7036 11.0614
1605 -51.595 2.6295 9.6478
1606 -46.0984 4.0013 9.1766
1607 -46.186 7.5163 9.0226
1608 -46.295 11.0547 7.9094
1609 -31.67 14.0019 11.1303
1610 -38.9378 12.6556 9.0822
1611 -38.901 9.1265 10.3848
1612 -31.8248 10.4206 12.655
1613 -38.8515 5.6221 10.5371
1614 -31.8227 6.9302 12.7893
1615 -73.3725 4.3657 1.7513
1616 -73.565 2.3044 1.7554
1617 -73.2842 2.3043 7.7311
1618 -73.0929 4.3652 7.7095
1619 -73.565 0.8109 1.7554
1620 -73.2841 0.810901 7.7311
1621 -65.5919 9.7923 23.5554
1622 -61.3969 9.7925 33.4052
1623 -68.4575 9.7927 14.2059
1624 -70.1953 8.5745 14.5867
1625 -67.2649 8.5726 24.1621
1626 -62.9698 8.572 34.2517
1627 -68.2884 6.6083 24.5333
1628 -71.2599 6.6097 14.8202
1629 -63.9306 6.6078 34.7686
1630 -59.6103 4.9754 16.1647
1631 -60.7166 8.5901 14.9964
1632 -59.4798 1.4689 16.2043
1633 -58.7665 1.4515 14.1933
1634 -58.8915 4.9631 14.1211
1635 -59.9605 8.5735 12.6654
1636 -57.7217 4.9346 12.4341
1637 -57.6038 1.4203 12.5278
1638 -58.4712 8.521 10.9899
1639 -26.9382 10.8416 14.8906
1640 -26.3388 14.5996 13.2975
1641 -26.9804 7.3636 14.9929
1642 -23.9123 7.3617 17.6807
1643 -23.8319 10.8339 17.6206
1644 -22.8785 14.6096 16.9108
1645 -40.4549 10.2974 53.9691
1646 -40.2037 10.1178 51.3663
1647 -32.8799 10.2991 58.9836
1648 -33.9339 10.1275 55.4806
1649 -35.2317 8.584 52.3986
1650 -40.2473 8.569 49.154
1651 -20.7996 11.0543 41.9448
1652 -17.7324 12.3441 42.9508
1653 -16.3114 13.9464 35.5793
1654 -19.8663 12.6558 34.5484
1655 -13.8266 12.4242 44.1342
1656 -11.7427 14.0346 36.9041
1657 -9.7273 15.615 29.602
1658 -15.5795 15.4865 27.7516
1659 -19.8115 14.0021 26.9849
1660 -7.4755 11.0379 45.7676
1661 -4.1636 12.6716 39.1898
1662 -7.3948 13.9569 38.2103
1663 -10.1752 12.3335 45.1155
1664 -0.0499 14.0401 32.7419
1665 -3.8682 15.5133 31.1706
1666 11.5094 0.810905 71.3313
1667 23.7347 0.810905 67.9312
1668 23.7347 2.3043 67.9312
1669 11.5094 2.30431 71.3314
1670 35.3449 0.810905 62.8104
1671 35.345 2.3043 62.8104
1672 35.2523 4.3636 62.6439
1673 23.6708 4.3635 67.7523
1674 11.4755 4.3636 71.1439
1675 -0.1354 4.36381 72.3906
1676 -0.1298 2.30431 72.5815
1677 -10.0098 4.3643 72.1812
1678 -10.0291 2.30431 72.3718
1679 -10.0291 0.810905 72.3718
1680 -0.1298 0.810905 72.5814
1681 -16.9951 4.36491 71.2047
1682 -17.0346 2.30431 71.3929
1683 -22.5717 4.36531 69.6496
1684 -22.6287 2.3043 69.8333
1685 -22.6287 0.810905 69.8333
1686 -17.0346 0.810905 71.3929
1687 -34.8606 4.3643 64.3918
1688 -43.4152 4.3641 58.7344
1689 -43.5287 2.3044 58.8882
1690 -34.953 2.3043 64.5597
1691 -52.0538 4.364 51.5968
1692 -52.1884 2.3044 51.7326
1693 -52.1883 0.810904 51.7326
1694 -43.5286 0.810904 58.8881
1695 -34.953 0.810905 64.5597
1696 -3.0297 8.58811 62.5017
1697 2.7225 8.56841 62.7122
1698 3.1636 4.96601 62.0018
1699 -2.0666 4.97781 61.7877
1700 10.5459 8.55601 61.6422
1701 10.5362 4.95761 60.9509
1702 10.5184 1.4741 60.8348
1703 3.1738 1.4762 61.8801
1704 -2.0191 1.4767 61.667
1705 -40.2066 4.9663 48.318
1706 -35.6333 4.9752 51.2555
1707 -35.6001 1.4761 51.1297
1708 -40.1471 1.4763 48.2112
1709 -25.2732 8.7758 50.6334
1710 -22.8552 9.6909 47.1737
1711 -23.9686 6.1456 46.6411
1712 -26.4316 5.2173 49.8936
1713 -21.935 7.5159 41.4954
1714 -22.0578 4.0012 41.3681
1715 -24.0703 2.6292 46.5042
1716 -26.5084 1.7031 49.7584
1717 -6.4249 7.5037 45.9634
1718 -2.9455 9.137 39.5349
1719 -6.2597 3.9957 45.9372
1720 -2.7906 5.6247 39.5533
1721 1.4655 6.9369 33.3956
1722 1.3386 10.4458 33.3283
1723 -21.3402 10.4206 26.6945
1724 -21.1727 9.1265 34.1241
1725 -21.4684 6.9302 26.6544
1726 -21.3047 5.6221 34.0334
1727 -9.3557 8.7239 54.5227
1728 -8.0315 5.1747 54.4185
1729 -7.8352 6.1095 50.788
1730 -8.9561 9.6448 50.7231
1731 -7.8968 1.6779 54.364
1732 -7.6841 2.6105 50.7429
1733 -28.2198 4.36491 67.7045
1734 -28.2939 2.3043 67.8818
1735 -28.2939 0.810905 67.8818
1736 -9.4245 8.5071 57.6328
1737 -7.8691 4.9197 57.2645
1738 -8.6949 8.6014 60.0118
1739 -7.0552 4.98 59.4045
1740 -6.9209 1.4531 59.3158
1741 -7.7311 1.4068 57.1945
1742 -8.5862 10.2998 66.6026
1743 -9.6623 9.7928 68.7731
1744 -0.2346 9.7918 68.9656
1745 0.1501 10.2972 66.7887
1746 -9.8427 8.57431 70.5402
1747 -0.1831 8.57191 70.7442
1748 11.1836 8.57051 69.5246
1749 10.8674 9.79151 67.771
1750 10.593 10.2959 65.6291
1751 -33.2095 9.7927 61.3899
1752 -26.8997 9.7946 64.5434
1753 -27.1022 10.3002 61.8212
1754 -34.0655 8.5742 62.9466
1755 -27.5832 8.5777 66.1801
1756 -22.0824 8.5798 68.0726
1757 -21.5578 9.796 66.3823
1758 -20.6195 10.406 63.3473
1759 -49.6332 9.7925 49.1576
1760 -41.3799 9.7923 55.9767
1761 -50.8915 8.572 50.4254
1762 -42.4368 8.5726 57.4086
1763 -16.291 9.79481 67.8521
1764 -14.6613 10.3042 65.7098
1765 -16.6557 8.57781 69.5879
1766 11.3766 6.6068 70.5953
1767 -0.1516 6.6078 71.832
1768 -9.9531 6.60951 71.6235
1769 -16.8796 6.612 70.6542
1770 -22.405 6.61341 69.1123
1771 -34.5903 6.60951 63.9007
1772 -43.0832 6.6083 58.2845
1773 -51.6599 6.6078 51.1998
1774 -57.6239 8.5718 42.8563
1775 -58.4984 6.6077 43.5093
1776 -58.9464 4.364 43.8439
1777 -28.0031 6.61191 67.1855
1778 -5.2005 1.4727 60.8094
1779 -5.2969 4.9909 60.9171
1780 -6.6994 8.6137 61.6182
1781 -31.782 8.59 53.7387
1782 -32.5959 4.9752 52.3398
1783 -29.3266 8.573 53.6786
1784 -30.4327 4.9625 52.2302
1785 -30.4655 1.4513 52.0904
1786 -32.5962 1.4689 52.2035
1787 -28.5382 1.4199 51.4479
1788 -28.4821 4.9331 51.5857
1789 -27.2937 8.519 52.7226
1790 1.4269 10.1174 64.506
1791 -5.7891 10.1301 64.3094
1792 10.5253 10.1097 63.3939
1793 -59.0995 2.3045 43.9582
1794 -59.0995 0.810903 43.9582
1795 -20.3915 14.5996 21.2553
1796 -22.0962 10.8416 21.3743
1797 -22.2063 7.3636 21.3857
1798 -56.1914 9.7926 41.7865
1799 -38.9196 13.9456 5.5928
1800 -46.3887 12.3441 4.9922
1801 -31.206 15.4856 6.9255
1802 -31.3944 15.6071 0.845299
1803 -38.9462 14.031 1.0117
1804 -46.4728 12.4265 1.1732
1805 -72.5334 6.6127 7.6465
1806 -72.8091 6.6146 1.7392
1807 -71.447 8.5787 7.5244
1808 -71.7156 8.5814 1.7157
1809 -60.6806 10.296 -29.6489
1810 -64.337 10.2974 -20.1446
1811 -61.7943 10.1181 -20.7518
1812 -58.545 10.1092 -28.9768
1813 -66.6131 10.2989 -11.3689
1814 -63.6444 10.1274 -13.4955
1815 -61.1538 8.5842 -15.7164
1816 -59.7166 8.5694 -21.5109
1817 -56.8516 8.5551 -28.5215
1818 -72.3756 4.3644 -11.4936
1819 -69.8043 4.364 -21.3981
1820 -69.9865 2.3044 -21.4555
1821 -72.5644 2.3043 -11.5267
1822 -65.758 4.3639 -31.9988
1823 -65.9298 2.3044 -32.0824
1824 -65.9297 0.810898 -32.0823
1825 -69.9865 0.810898 -21.4555
1826 -72.5644 0.810899 -11.5266
1827 -58.9127 4.9666 -21.7436
1828 -56.1881 4.957 -28.3257
1829 -60.2041 4.9753 -16.4652
1830 -60.0743 1.4761 -16.4747
1831 -58.7923 1.4764 -21.7217
1832 -56.0811 1.474 -28.2781
1833 -56.2549 8.7786 -6.9013
1834 -52.1986 9.6928 -5.782
1835 -52.0526 6.1469 -6.9327
1836 -55.9301 5.2194 -8.2049
1837 -46.585 11.0549 -5.564
1838 -46.5242 7.5164 -6.6809
1839 -46.4434 4.0013 -6.8385
1840 -51.9543 2.6295 -7.0736
1841 -55.8245 1.7036 -8.3221
1842 -32.1019 14.0027 -9.432
1843 -32.3232 10.4211 -10.9513
1844 -39.3063 9.1269 -8.3534
1845 -39.2864 12.6563 -7.0505
1846 -32.3281 6.9305 -11.0865
1847 -39.264 5.6222 -8.508
1848 -73.3492 4.3652 -4.2134
1849 -73.5412 2.3043 -4.2267
1850 -73.5412 0.8109 -4.2267
1851 -62.6706 9.7922 -30.4955
1852 -66.5358 9.7921 -20.3681
1853 -64.2756 8.5715 -31.2771
1854 -68.233 8.5723 -20.9029
1855 -70.7496 8.5744 -11.2091
1856 -68.9972 9.7927 -10.9033
1857 -71.8232 6.6097 -11.3968
1858 -69.2711 6.6081 -21.2301
1859 -65.2557 6.6075 -31.7543
1860 -61.2974 8.5901 -12.0253
1861 -60.2423 4.9754 -13.2401
1862 -60.4419 8.5735 -9.729
1863 -59.4363 4.9631 -11.2293
1864 -59.3146 1.4515 -11.3068
1865 -60.1137 1.469 -13.2853
1866 -58.0814 1.4203 -9.6928
1867 -58.1951 4.9346 -9.594
1868 -58.8819 8.521 -8.119
1869 -46.5531 12.3442 -2.6458
1870 -39.1174 13.9461 -3.5658
1871 -31.4573 15.4865 -5.2452
1872 -72.7875 6.6127 -4.1745
1873 -71.6968 8.5787 -4.0992
1874 -49.4941 10.296 -45.7684
1875 -48.1172 10.1092 -44.0029
1876 -41.5489 10.1181 -49.9247
1877 -41.8697 10.2974 -52.5192
1878 -47.0982 8.5551 -42.5758
1879 -41.5332 8.5694 -47.7127
1880 -36.6143 8.584 -51.0814
1881 -35.4242 10.1266 -54.1761
1882 -34.4911 10.2978 -57.6877
1883 -53.8842 10.1062 -36.8737
1884 -55.7486 10.2955 -38.1676
1885 -52.4249 8.5503 -35.861
1886 -36.6407 4.36449 -63.0511
1887 -36.7379 2.3043 -63.2164
1888 -45.0746 2.3044 -57.3528
1889 -44.9571 4.364 -57.2022
1890 -36.7379 0.810895 -63.2164
1891 -45.0746 0.810896 -57.3528
1892 -53.6103 0.810896 -49.8343
1893 -53.6103 2.3044 -49.8343
1894 -53.472 4.3639 -49.7027
1895 -46.6826 4.957 -42.0229
1896 -41.4699 4.9666 -46.8783
1897 -46.6006 1.474 -41.9393
1898 -41.4072 1.4764 -46.773
1899 -36.9405 1.4761 -49.81
1900 -36.977 4.9753 -49.9348
1901 -51.8501 4.9537 -35.4621
1902 -51.7546 1.4732 -35.3958
1903 -26.6837 8.778 -49.5586
1904 -27.7434 5.2194 -48.8212
1905 -25.1949 6.147 -45.6341
1906 -24.2127 9.6925 -46.156
1907 -27.8162 1.7036 -48.6813
1908 -25.2925 2.6295 -45.4926
1909 -23.1441 4.0013 -40.4122
1910 -23.0247 7.5164 -40.5432
1911 -22.0397 11.0548 -40.9773
1912 -20.5815 14.0027 -26.0608
1913 -20.872 12.6564 -33.6226
1914 -22.066 9.127 -33.1964
1915 -22.0564 10.4211 -25.7456
1916 -22.196 5.6222 -33.1025
1917 -22.1847 6.9305 -25.7029
1918 -25.0268 4.3663 -68.4679
1919 -25.0918 2.30439 -68.6499
1920 -30.4289 2.30439 -66.6095
1921 -30.3485 4.36559 -66.4342
1922 -25.0918 0.810895 -68.6498
1923 -30.4289 0.810895 -66.6095
1924 -42.8484 9.7921 -54.5008
1925 -50.9834 9.7922 -47.3364
1926 -34.8992 9.79229 -60.0848
1927 -35.8029 8.57489 -61.6253
1928 -43.9434 8.5723 -55.9036
1929 -52.2772 8.5715 -48.5664
1930 -44.6132 6.6081 -56.7616
1931 -36.3562 6.6101 -62.5674
1932 -53.0671 6.6075 -49.3176
1933 -60.3598 4.3639 -41.3676
1934 -59.9011 6.6073 -41.0493
1935 -59.0057 8.5712 -40.4279
1936 -33.9691 4.9754 -51.0991
1937 -33.2259 8.5893 -52.4918
1938 -33.9664 1.4689 -50.9628
1939 -31.8334 1.4515 -50.9064
1940 -31.8035 4.9631 -51.0476
1941 -30.7943 8.5723 -52.4808
1942 -29.8373 4.9346 -50.457
1943 -29.8899 1.4203 -50.3159
1944 -28.7456 8.5199 -51.5849
1945 -57.5387 9.7922 -39.4098
1946 21.7878 10.2954 62.485
1947 21.0258 10.1072 60.3536
1948 32.4386 10.2959 57.8195
1949 31.0739 10.1097 56.0479
1950 29.9475 8.556 54.7063
1951 20.4292 8.5518 58.6846
1952 20.1939 4.9547 58.0266
1953 20.1546 1.4734 57.9167
1954 29.5167 4.9576 54.1655
1955 29.4569 1.4741 54.0644
1956 -17.6494 13.9461 -34.6507
1957 -19.415 12.3439 -41.9272
1958 -16.5113 15.4865 -26.8948
1959 -10.8984 15.6073 -28.947
1960 -13.4419 14.0311 -36.062
1961 -15.9742 12.426 -43.1454
1962 -30.1132 6.6144 -65.9213
1963 -24.8365 6.61709 -67.9357
1964 -29.6538 8.5804 -64.9178
1965 -24.4631 8.58399 -66.8912
1966 65.5841 10.296 -12.2175
1967 62.7913 10.2974 -21.8755
1968 61.122 10.1178 -19.8628
1969 63.4721 10.1087 -11.4675
1970 59.3455 10.2989 -30.261
1971 58.2472 10.1273 -26.778
1972 57.588 8.584 -23.5066
1973 59.9158 8.569 -18.0077
1974 61.8443 8.5543 -10.8106
1975 64.5231 10.1056 -2.757
1976 66.7928 10.2955 -2.8597
1977 62.7466 8.5494 -2.6766
1978 62.5826 8.5543 5.5055
1979 64.2632 10.1087 6.0128
1980 66.4342 10.296 6.5689
1981 64.0298 4.3644 -33.6201
1982 67.9168 4.3641 -24.1562
1983 68.097 2.3044 -24.2198
1984 64.2006 2.3043 -33.707
1985 71.0569 4.364 -13.3994
1986 71.2445 2.3044 -13.4362
1987 71.2445 0.810899 -13.4362
1988 68.0969 0.810898 -24.2198
1989 64.2006 0.810897 -33.707
1990 59.4128 4.9663 -17.3388
1991 61.1964 4.9564 -10.567
1992 57.2777 4.9752 -22.3375
1993 57.1797 1.4761 -22.252
1994 59.3035 1.4763 -17.2837
1995 61.0826 1.4738 -10.5404
1996 61.9315 1.473 -2.6397
1997 62.0473 4.9531 -2.645
1998 61.7997 1.4738 5.3053
1999 61.9154 4.9564 5.3215
2000 48.3791 8.7786 -27.6181
2001 44.4627 9.6928 -26.079
2002 45.0365 6.1469 -25.071
2003 48.9017 5.2194 -26.3804
2004 39.8416 11.0547 -22.8837
2005 40.4631 7.5163 -21.9537
2006 40.4929 4.0013 -21.7791
2007 45.0425 2.6295 -24.8993
2008 48.8875 1.7036 -26.2233
2009 30.5733 14.0018 -11.1211
2010 31.6595 10.4206 -10.04
2011 35.6927 9.1265 -16.2818
2012 34.8954 12.6556 -17.3125
2013 31.743 6.9302 -9.9349
2014 35.751 5.6221 -16.1326
2015 56.8784 4.3657 -44.8122
2016 60.4395 4.3652 -40.0271
2017 60.601 2.3043 -40.1317
2018 57.0299 2.3044 -44.9311
2019 60.601 0.810897 -40.1317
2020 57.0299 0.810897 -44.9311
2021 67.6843 9.7925 -12.7402
2022 64.6841 9.7923 -23.0172
2023 69.4374 8.572 -13.0827
2024 66.3627 8.5726 -23.6086
2025 62.5584 8.5745 -32.8716
2026 60.9731 9.7927 -32.0644
2027 63.5298 6.6097 -33.3659
2028 67.3894 6.6083 -23.9704
2029 70.5081 6.6078 -13.292
2030 55.4877 8.5901 -26.5456
2031 55.3727 4.9754 -24.9408
2032 53.4252 8.5735 -27.869
2033 53.5213 4.9631 -26.0654
2034 53.4704 1.4515 -25.9304
2035 55.297 1.4689 -24.8274
2036 51.5154 1.4203 -26.4813
2037 51.5471 4.9346 -26.6286
2038 51.2111 8.521 -28.2206
2039 27.8247 14.5995 -6.0656
2040 29.2976 10.8416 -5.2133
2041 27.4394 14.6095 -1.0772
2042 28.626 10.8339 -1.1326
2043 28.7263 7.3617 -1.1371
2044 29.3951 7.3636 -5.1609
2045 62.6809 10.1178 14.586
2046 64.5252 10.2974 16.4396
2047 61.3121 8.569 12.8474
2048 59.4902 8.584 18.5364
2049 60.4403 10.1275 21.7426
2050 61.846 10.2991 25.1199
2051 41.7016 11.0543 19.6012
2052 36.2907 12.6558 14.4727
2053 34.1951 13.9464 17.5236
2054 39.9673 12.3441 22.3237
2055 31.4535 14.0021 8.6582
2056 28.6671 15.4864 11.9342
2057 25.3142 15.6149 17.0754
2058 31.5018 14.0346 21.4446
2059 37.6969 12.4242 25.7149
2060 33.8207 11.0379 31.0046
2061 35.4951 12.3335 28.7887
2062 28.9672 13.9569 25.2112
2063 27.0894 12.6716 28.0171
2064 21.7771 15.5132 22.0029
2065 19.8203 14.0401 25.6386
2066 45.1388 2.3043 56.3983
2067 45.0221 4.3638 56.2471
2068 45.1388 0.810904 56.3983
2069 52.6616 0.810904 49.9604
2070 52.6617 2.3043 49.9604
2071 52.5258 4.3643 49.8253
2072 57.4588 2.3043 44.7621
2073 57.309 4.3649 44.6416
2074 57.4588 0.810903 44.7621
2075 60.7964 0.810903 40.0095
2076 60.7964 2.3043 40.0095
2077 60.6359 4.3653 39.9036
2078 66.8064 4.3643 28.0467
2079 66.9843 2.3043 28.118
2080 70.0209 2.3044 18.2952
2081 69.8356 4.3641 18.2482
2082 66.9843 0.810902 28.118
2083 70.0208 0.810901 18.2952
2084 72.1816 0.810901 7.2714
2085 72.1816 2.3044 7.2714
2086 71.9915 4.364 7.2517
2087 40.9913 8.5881 46.7646
2088 39.7938 4.9778 46.823
2089 35.8847 4.966 50.3043
2090 36.6761 8.5684 50.574
2091 39.6805 1.4767 46.7597
2092 35.7996 1.4762 50.2167
2093 60.7507 4.9663 12.2267
2094 60.6369 1.4763 12.1818
2095 58.9706 1.4761 17.3215
2096 59.076 4.9752 17.3977
2097 50.6696 8.7758 23.4845
2098 51.0965 5.2173 22.178
2099 47.1297 6.1456 21.224
2100 46.6062 9.6909 22.3418
2101 51.0701 1.7031 22.0248
2102 47.1215 2.6292 21.0537
2103 42.309 4.0012 18.3575
2104 42.2948 7.5159 18.5338
2105 26.3661 9.137 29.0563
2106 33.1324 7.5037 31.822
2107 19.1182 10.4458 26.9723
2108 19.0626 6.9369 27.1048
2109 26.2579 5.6247 29.1687
2110 32.988 3.9957 31.9065
2111 37.0321 9.1265 13.3164
2112 32.4516 10.4206 7.4644
2113 37.0767 5.6221 13.1626
2114 32.5253 6.9302 7.3522
2115 40.8252 8.7239 36.5835
2116 38.1074 9.6448 33.8983
2117 37.2817 6.1095 34.6591
2118 39.7351 5.1747 37.3424
2119 37.1362 2.6105 34.72
2120 39.5964 1.6779 37.3856
2121 63.9405 2.3043 34.9088
2122 63.7708 4.3649 34.8186
2123 63.9405 0.810903 34.9088
2124 41.4137 4.9197 39.6463
2125 42.8501 8.5071 38.9451
2126 41.2626 1.4068 39.6797
2127 41.9809 1.4531 41.8339
2128 42.141 4.98 41.8173
2129 43.794 8.6014 41.2475
2130 47.8883 10.2998 46.4134
2131 41.2499 10.2972 52.0958
2132 42.9275 9.7918 53.5355
2133 50.0965 9.7928 47.4098
2134 33.5843 9.79151 59.6499
2135 34.4515 8.57051 61.2066
2136 44.0153 8.5719 54.9437
2137 51.3563 8.5743 48.6621
2138 59.1767 10.3002 30.9772
2139 60.7458 9.7946 33.2108
2140 63.6264 9.7927 26.7719
2141 55.1307 10.406 36.2673
2142 57.7804 9.796 38.0196
2143 59.2577 8.5798 38.9942
2144 62.312 8.5777 34.0433
2145 65.2753 8.5742 27.4331
2146 66.5133 9.7923 17.4057
2147 68.573 9.7925 6.8999
2148 68.2384 8.5726 17.8432
2149 70.3499 8.572 7.0826
2150 52.0205 10.3042 41.8716
2151 54.639 9.7948 42.4952
2152 56.0215 8.5778 43.6064
2153 44.6806 6.6078 55.8049
2154 34.981 6.6068 62.1569
2155 52.1284 6.6095 49.4299
2156 56.8707 6.612 44.2891
2157 60.1663 6.6134 39.5937
2158 69.2937 6.6083 18.1107
2159 66.286 6.6095 27.8383
2160 71.4351 6.6078 7.1944
2161 71.8483 6.6077 -3.0885
2162 72.4069 4.364 -3.1138
2163 70.758 8.5718 -3.0392
2164 63.2741 6.6119 34.5547
2165 41.7401 4.9909 44.1018
2166 41.5973 1.4727 44.0796
2167 43.2691 8.6137 43.7549
2168 57.4144 4.9752 20.1619
2169 57.6719 8.59 21.7597
2170 57.3283 1.4689 20.0563
2171 55.6088 1.4513 21.3195
2172 55.672 4.9625 21.4485
2173 55.7349 8.573 23.2698
2174 53.755 4.9331 22.1867
2175 53.7109 1.4199 22.0445
2176 53.5566 8.519 23.8193
2177 44.2714 10.1301 46.4132
2178 38.8153 10.1174 51.1399
2179 72.5978 2.3045 -3.1224
2180 72.5977 0.8109 -3.1224
2181 29.6634 10.8416 2.8707
2182 28.2701 14.5995 3.8595
2183 29.7558 7.3636 2.8097
2184 68.972 9.7926 -2.9583
2185 38.0647 12.3441 -25.1991
2186 32.6691 13.9456 -19.9996
2187 35.7087 12.4265 -28.206
2188 29.7854 14.031 -23.5593
2189 23.8403 15.6069 -18.9009
2190 27.5492 15.4854 -14.079
2191 56.435 6.6146 -44.4645
2192 59.9668 6.6127 -39.7212
2193 55.5744 8.5814 -43.7894
2194 59.0492 8.5787 -39.1268
2195 27.1564 10.296 -61.0499
2196 25.9309 10.1092 -59.1762
2197 33.6581 10.1181 -54.8752
2198 36.0095 10.2974 -56.0176
2199 24.9099 8.5551 -57.7505
2200 31.57 8.5694 -54.1451
2201 36.355 8.5842 -50.575
2202 39.6892 10.1274 -50.4363
2203 43.3332 10.2989 -50.6737
2204 8.286 10.296 -66.4242
2205 8.3404 10.1092 -64.186
2206 17.3201 10.1062 -62.3286
2207 17.9417 10.2955 -64.5112
2208 8.4571 8.5551 -62.4364
2209 16.8335 8.5503 -60.6203
2210 47.7107 4.3644 -54.4234
2211 47.8357 2.3043 -54.5687
2212 39.5476 2.30439 -60.613
2213 39.443 4.364 -60.453
2214 47.8357 0.810896 -54.5686
2215 39.5475 0.810895 -60.6129
2216 29.6732 0.810895 -66.2595
2217 29.6732 2.30439 -66.2596
2218 29.5934 4.3639 -66.0861
2219 24.5209 4.957 -57.1785
2220 30.8009 4.9666 -53.8154
2221 24.4684 1.474 -57.0738
2222 30.7216 1.4764 -53.7221
2223 35.0395 1.4761 -50.4771
2224 35.1459 4.9753 -50.552
2225 38.1549 8.7786 -40.652
2226 37.0772 5.2194 -41.4543
2227 34.8851 6.1469 -38.0121
2228 35.7275 9.6928 -37.2148
2229 36.9213 1.7036 -41.4779
2230 34.7197 2.6295 -38.0588
2231 30.6067 4.0013 -34.3833
2232 30.7692 7.5164 -34.3126
2233 31.5243 11.0549 -33.4874
2234 17.8715 14.0026 -27.2971
2235 24.9374 12.6563 -30.0099
2236 24.1269 9.1269 -31.0302
2237 17.0794 10.4211 -28.6123
2238 23.9961 5.6222 -31.1229
2239 16.9975 6.9305 -28.7199
2240 53.219 2.3043 -49.5424
2241 53.079 4.3652 -49.4104
2242 53.219 0.810896 -49.5424
2243 37.5683 9.79209 -57.5844
2244 28.1587 9.79219 -62.9662
2245 45.4721 9.7927 -51.8251
2246 46.6335 8.5744 -53.1726
2247 38.5418 8.5723 -59.074
2248 28.9044 8.5715 -64.5881
2249 39.1372 6.6081 -59.9852
2250 47.3448 6.6097 -53.9984
2251 29.3599 6.6075 -65.5785
2252 19.4791 4.3639 -69.9093
2253 19.3262 6.60729 -69.3724
2254 8.8682 4.3639 -71.9887
2255 8.7992 6.6075 -71.4343
2256 8.6645 8.57149 -70.3525
2257 19.0276 8.5712 -68.3242
2258 37.22 4.9754 -48.082
2259 38.8061 8.5901 -47.8115
2260 37.0919 1.4689 -48.0354
2261 37.7282 1.4515 -45.9988
2262 37.8714 4.9631 -46.016
2263 39.6002 8.5735 -45.4932
2264 37.9483 4.9346 -43.9645
2265 37.7977 1.4203 -43.9687
2266 39.4145 8.521 -43.2591
2267 18.5385 9.79219 -66.6067
2268 8.4437 9.79219 -68.5811
2269 27.0159 13.9461 -27.2079
2270 33.3497 12.3442 -31.2103
2271 20.0276 15.4863 -23.6509
2272 52.6692 6.6127 -49.0242
2273 51.8735 8.5787 -48.2745
2274 -1.8901 10.2974 -66.8115
2275 -0.4935 10.1181 -64.6017
2276 -10.8732 10.2978 -66.1309
2277 -7.9254 10.1266 -64.0067
2278 -5.043 8.58399 -62.3678
2279 0.8967 8.5694 -62.881
2280 -12.6109 4.36449 -71.6416
2281 -2.4714 4.364 -72.3905
2282 -2.476 2.30439 -72.5815
2283 -12.6406 2.3043 -71.831
2284 8.8917 2.30439 -72.1782
2285 8.8917 0.810895 -72.1782
2286 -2.476 0.810894 -72.5814
2287 -12.6406 0.810895 -71.831
2288 1.3767 4.96659 -62.1956
2289 8.4863 4.957 -61.7452
2290 -4.0357 4.9753 -61.7111
2291 -3.9847 1.47609 -61.5914
2292 1.395 1.47639 -62.0745
2293 8.4758 1.47399 -61.6286
2294 16.61 1.4732 -59.8355
2295 16.6419 4.9537 -59.9473
2296 -11.7576 8.778 -54.8945
2297 -11.5115 9.6925 -50.6966
2298 -10.421 6.147 -50.9156
2299 -10.4706 5.2194 -54.9961
2300 -9.9088 11.0548 -45.314
2301 -8.8719 7.5164 -45.6027
2302 -8.6965 4.0013 -45.5771
2303 -10.2558 2.6295 -50.8681
2304 -10.3256 1.7036 -54.934
2305 -1.5801 14.0027 -32.8537
2306 -0.2396 10.4211 -33.5449
2307 -4.9557 9.127 -39.3131
2308 -6.1493 12.6564 -38.8859
2309 -0.1133 6.9305 -33.5932
2310 -4.7957 5.6222 -39.323
2311 -19.6218 4.36559 -70.2689
2312 -19.6708 2.30439 -70.4554
2313 -19.6708 0.810895 -70.4554
2314 -2.3895 9.79209 -68.9645
2315 -2.432 8.57229 -70.7435
2316 -12.355 8.57489 -70.0078
2317 -12.0772 9.79229 -68.2435
2318 -12.5243 6.6101 -71.0871
2319 -2.458 6.60809 -71.8317
2320 -8.5576 8.58929 -61.3105
2321 -7.0999 4.97539 -60.7046
2322 -10.4311 8.5723 -59.7604
2323 -8.7421 4.9631 -59.2918
2324 -8.6294 1.4515 -59.2017
2325 -7.0156 1.4689 -60.5975
2326 -9.7581 1.4203 -57.5129
2327 -9.8883 4.9346 -57.5886
2328 -11.4476 8.5199 -57.7688
2329 -12.5409 12.3439 -44.3846
2330 -9.2933 13.9461 -37.6379
2331 -5.2566 15.4865 -30.9184
2332 -19.4787 6.6144 -69.723
2333 -19.1978 8.5804 -68.6557
2334 -9.9073 18.8397 7.7293
2335 -10.5929 19.2088 8.2169
2336 -7.5712 19.2168 11.0309
2337 -7.0659 18.8472 10.3771
2338 -11.8955 19.0892 9.1091
2339 -8.5441 19.099 12.2234
2340 -4.3663 19.1135 14.1935
2341 -3.8278 19.2284 12.8058
2342 -3.5553 18.8579 12.0454
2343 -60.5165 2.3044 -41.4764
2344 -60.5165 0.810897 -41.4763
2345 19.5313 2.30439 -70.0928
2346 19.5313 0.810895 -70.0928
2347 -3.4159 17.7673 11.6216
2348 -6.7992 17.7573 10.0128
2349 -3.3612 15.914 11.4301
2350 -6.6887 15.9044 9.8481
2351 -9.3846 15.898 7.3364
2352 -9.5404 17.7504 7.4584
2353 4.1299 18.8613 11.809
2354 3.9869 17.7706 11.3878
2355 0.3032 17.7704 12.0758
2356 0.3056 18.8611 12.5199
2357 3.9183 15.9173 11.2009
2358 0.2962 15.9171 11.8771
2359 -11.3329 17.7567 4.1677
2360 -11.761 18.8463 4.3164
2361 -11.1471 15.9042 4.1003
2362 -11.858 15.911 0.500299
2363 -12.0562 17.7636 0.506999
2364 -12.5063 18.8537 0.518099
2365 -11.5896 17.7588 -3.1574
2366 -12.0226 18.8484 -3.2859
2367 -11.3996 15.9065 -3.1031
2368 -9.8553 15.9015 -6.4099
2369 -10.0192 17.7538 -6.5204
2370 -10.3957 18.8431 -6.775
2371 -7.4307 17.7602 -9.2771
2372 -7.7115 18.8504 -9.6289
2373 -7.3088 15.9069 -9.1201
2374 -4.0681 15.9123 -10.9589
2375 -4.1361 17.7666 -11.1474
2376 -4.2944 18.8577 -11.5637
2377 10.2041 18.8612 7.0957
2378 9.8402 17.7698 6.8502
2379 7.2639 17.7718 9.5705
2380 7.5306 18.863 9.9212
2381 9.6733 15.9149 6.7374
2382 7.1402 15.9177 9.4132
2383 12.3499 18.8438 -0.281001
2384 11.906 17.7532 -0.262801
2385 11.4219 17.76 3.4534
2386 11.847 18.851 3.5719
2387 11.7049 15.8984 -0.256601
2388 11.2287 15.905 3.3972
2389 9.7415 18.8593 -7.5061
2390 9.3982 17.7678 -7.2325
2391 11.1898 17.7603 -3.9414
2392 11.6036 18.8513 -4.094
2393 9.238 15.9124 -7.1094
2394 11.0002 15.9051 -3.8734
2395 3.3876 18.8466 -11.8265
2396 3.2712 17.7563 -11.395
2397 6.6558 17.7624 -9.7862
2398 6.8969 18.8533 -10.1568
2399 3.2144 15.902 -11.203
2400 6.5418 15.9076 -9.6209
2401 -0.4475 17.7615 -11.851
2402 -0.4688 18.8522 -12.2959
2403 -0.4413 15.9071 -11.6511
2404 23.118 8.57 66.2061
2405 23.4836 6.6064 67.2287
2406 -67.118 10.2992 8.2758
2407 -69.6751 9.7946 7.3258
2408 -66.7451 10.4016 1.6089
2409 -69.9327 9.7959 1.6774
2410 -52.1996 10.9981 5.3136
2411 -52.4227 11.0906 1.301
2412 -57.3256 10.2511 1.4064
2413 -56.7396 10.1285 6.1053
2414 -60.3963 9.9561 6.9157
2415 -62.8235 10.088 8.4965
2416 -61.7112 10.1358 1.5007
2417 -17.5899 10.2433 54.2376
2418 -19.0792 10.1354 58.4429
2419 -13.7104 9.9491 58.5473
2420 -12.9567 10.0944 54.6899
2421 -13.2454 10.108 61.5896
2422 0.0991 16.6779 25.4717
2423 -7.952 16.8655 23.8297
2424 3.8363 14.6377 28.176
2425 8.6722 14.6442 25.7973
2426 7.657 16.7639 22.9572
2427 6.4566 18.0036 19.4617
2428 0.0518 17.9861 20.8107
2429 -6.5343 18.0317 19.7134
2430 -16.9838 17.9628 12.5736
2431 -20.2438 16.7255 14.9495
2432 -15.5829 16.6465 20.9338
2433 -12.5648 17.9573 17.0733
2434 5.5034 18.7474 16.3826
2435 0.1317 18.7506 17.2761
2436 4.8068 19.1164 13.995
2437 0.244 19.1173 14.802
2438 -5.3037 18.7478 16.4987
2439 -11.9037 10.9676 50.4107
2440 -15.8074 11.0833 49.69
2441 5.1627 10.8667 29.1693
2442 5.2509 7.3715 29.2686
2443 9.0929 7.3694 26.974
2444 9.0501 10.8551 26.8544
2445 -10.6425 10.1477 63.4238
2446 -19.7963 10.9972 48.4005
2447 -22.0107 10.1274 52.4834
2448 -29.3402 10.1319 57.5594
2449 -26.0982 10.0888 57.6388
2450 -23.8832 9.9559 55.7549
2451 -24.6616 16.6466 8.8009
2452 -20.0545 17.9583 7.0875
2453 -20.9332 18.027 0.618799
2454 -25.369 16.8581 0.703099
2455 -14.0266 19.0992 5.0681
2456 -16.5188 18.7279 5.8731
2457 -14.1134 18.7123 10.5941
2458 -14.8518 19.1099 0.552599
2459 -17.4071 18.7442 0.574799
2460 -63.6755 10.1312 11.5997
2461 -69.9181 9.7946 -3.9769
2462 -67.4041 10.2992 -5.0359
2463 -52.3722 10.9981 -2.7175
2464 -56.9421 10.1285 -3.3133
2465 -63.1231 10.088 -5.4409
2466 -60.6301 9.9561 -3.9658
2467 -26.8307 14.5995 -11.8993
2468 -27.4989 10.8415 -13.476
2469 -23.4526 14.6089 -15.75
2470 -24.4351 10.8333 -16.4368
2471 -24.521 7.3624 -16.4964
2472 -27.5477 7.3642 -13.5785
2473 -17.4227 17.9684 -11.5581
2474 -20.745 16.7276 -13.8561
2475 -24.965 16.648 -7.4516
2476 -20.2929 17.9619 -5.9091
2477 -11.0883 19.2124 -7.2439
2478 -12.8145 19.2185 -3.5265
2479 -12.3828 19.0934 -8.1218
2480 -14.2855 19.102 -3.9848
2481 -13.3282 19.2244 0.533499
2482 -64.1076 10.1312 -8.5047
2483 -28.9734 10.2951 -60.5419
2484 -28.9013 9.7933 -63.2705
2485 -22.7577 10.3932 -62.1208
2486 -23.8486 9.79389 -65.1723
2487 -21.5367 10.9968 -47.3384
2488 -17.9738 11.0887 -48.7388
2489 -19.6168 10.2471 -53.3349
2490 -23.7064 10.1258 -51.3884
2491 -25.616 9.9518 -54.5813
2492 -27.8487 10.0831 -56.3916
2493 -21.0797 10.1295 -57.4267
2494 -22.7335 10.8415 -20.3428
2495 -21.0398 14.5995 -20.2606
2496 -22.8465 7.3642 -20.3527
2497 -16.2719 16.648 -20.0452
2498 -13.1788 17.9616 -16.2253
2499 -7.3408 18.0273 -19.1085
2500 -8.8653 16.8583 -23.2589
2501 -9.1985 19.1019 -11.4357
2502 -10.8347 18.7311 -13.3889
2503 -14.5648 18.7179 -9.6032
2504 -5.1416 19.1104 -13.6692
2505 -6.0793 18.7443 -15.9236
2506 -30.9878 10.1282 -56.2942
2507 57.553 9.7946 -38.1572
2508 56.1777 10.2992 -35.8013
2509 54.1713 9.7959 -42.6887
2510 51.6627 10.4016 -40.7209
2511 42.7624 10.9981 -28.6345
2512 46.7754 10.1285 -30.9004
2513 44.2497 10.2511 -34.9059
2514 40.3911 11.0906 -31.8791
2515 52.9964 10.088 -32.9081
2516 50.1171 9.9561 -32.5919
2517 47.7011 10.1358 -37.6133
2518 47.0125 10.2433 31.1428
2519 43.7161 10.0944 34.4299
2520 46.7444 9.9491 36.9352
2521 50.8303 10.1354 33.4509
2522 48.3135 10.108 39.5828
2523 13.9203 14.6376 24.5713
2524 15.0965 16.6777 20.1113
2525 20.2828 16.8651 13.7378
2526 16.6631 18.0309 11.4207
2527 12.2652 17.9857 16.445
2528 24.3489 16.6461 6.66
2529 24.1605 16.7249 -0.923801
2530 20.2174 17.9614 -0.729701
2531 19.6531 17.9561 5.554
2532 13.9293 18.7465 9.6142
2533 10.222 18.75 13.6649
2534 12.0141 19.1127 8.318
2535 8.8422 19.1169 11.7186
2536 14.5922 19.0874 -0.400701
2537 13.9863 19.0976 4.1382
2538 16.2669 18.7251 4.7219
2539 16.9887 18.71 -0.546301
2540 40.1889 10.9676 31.788
2541 42.751 11.0833 28.7559
2542 13.5241 10.8667 26.1802
2543 13.5189 7.3715 26.3129
2544 47.4633 10.1477 42.6515
2545 49.3193 10.1274 26.9836
2546 45.0184 10.9972 25.2298
2547 58.2057 10.1319 26.2625
2548 55.7487 10.0888 28.3792
2549 52.8413 9.9559 28.3265
2550 23.6789 16.646 -8.4805
2551 19.1123 17.9569 -6.9212
2552 19.0922 16.8574 -15.1926
2553 15.6868 18.0256 -12.4829
2554 13.1456 19.2103 -0.319601
2555 12.3394 19.2184 -4.3706
2556 13.6651 19.0977 -4.8785
2557 11.4151 19.1088 -8.8972
2558 10.3444 19.2271 -7.9988
2559 55.6226 10.1312 -31.0483
2560 47.9598 10.2992 -46.2775
2561 50.5754 9.7946 -47.0523
2562 37.8045 10.9981 -34.9548
2563 40.9609 10.1285 -38.3128
2564 43.3995 9.9561 -41.1555
2565 44.3923 10.088 -43.8768
2566 11.7479 10.8415 -27.5064
2567 12.2311 14.5993 -25.8639
2568 11.7206 7.3642 -27.6165
2569 7.5301 7.3624 -27.9544
2570 7.5015 10.8333 -27.8538
2571 7.1772 14.6087 -26.7003
2572 13.6089 16.6475 -21.2429
2573 6.2843 16.7272 -23.5205
2574 5.2376 17.9674 -19.6757
2575 11.0448 17.9607 -17.1272
2576 3.924 19.0926 -14.0521
2577 8.052 19.1011 -12.059
2578 9.2437 18.7298 -14.1124
2579 4.4628 18.7165 -16.4636
2580 13.1618 18.7422 -10.3881
2581 43.2113 10.1312 -46.8703
2582 -18.7354 9.7933 -66.9047
2583 -16.9498 10.2951 -64.8402
2584 -14.3305 10.9968 -49.9145
2585 -15.2201 10.1258 -54.4222
2586 -15.1885 10.0831 -60.9176
2587 -15.7675 9.9518 -58.102
2588 2.4514 14.5994 -28.6587
2589 3.7092 10.8415 -29.7959
2590 3.7904 7.3642 -29.8751
2591 -1.0996 16.6478 -25.4701
2592 -1.0022 17.9611 -20.5887
2593 -0.5163 19.2205 -13.0975
2594 -4.5881 19.2269 -12.3101
2595 3.5854 19.214 -12.6093
2596 -0.6206 19.1015 -14.5651
2597 -12.6991 10.1282 -62.8323
2598 -9.4802 9.4938 7.4162
2599 -6.7565 9.4997 9.9533
2600 -6.6794 9.5747 9.8609
2601 -9.3733 9.569 7.3517
2602 -3.3944 9.5084 11.5511
2603 -3.3538 9.5833 11.4413
2604 -3.2325 9.7157 10.7813
2605 -5.7395 9.7566 9.4375
2606 -8.528 9.7509 6.7198
2607 0.3009 9.5114 12.003
2608 0.3014 9.5862 11.8881
2609 3.9605 9.5116 11.32
2610 3.9213 9.5864 11.2126
2611 2.9497 9.7659 10.0522
2612 -0.5688 9.7651 10.9389
2613 7.2157 9.5117 9.5134
2614 7.1412 9.5865 9.4256
2615 9.7749 9.5087 6.8096
2616 9.6728 9.5836 6.7513
2617 8.7758 9.7657 5.53
2618 6.1597 9.7672 8.1746
2619 11.3468 9.4996 3.4353
2620 11.2279 9.5746 3.4137
2621 11.8282 9.4934 -0.255701
2622 11.7042 9.5686 -0.237001
2623 11.0267 9.7073 -0.278701
2624 10.5127 9.7581 2.342
2625 11.1156 9.4994 -3.9092
2626 10.9992 9.5745 -3.8508
2627 9.3346 9.506 -7.1784
2628 9.2374 9.581 -7.0845
2629 8.3989 9.7639 -6.4156
2630 10.3433 9.758 -3.0389
2631 6.6108 9.5019 -9.7163
2632 6.5431 9.5769 -9.595
2633 3.2495 9.4969 -11.315
2634 3.2181 9.5721 -11.1764
2635 3.103 9.7099 -10.4928
2636 5.6114 9.7601 -9.1385
2637 -0.444 9.5012 -11.7668
2638 -0.4361 9.5764 -11.623
2639 -4.1086 9.5058 -11.0669
2640 -4.0613 9.581 -10.9307
2641 -3.0833 9.7638 -9.7366
2642 0.4411 9.7598 -10.6406
2643 -7.383 9.5017 -9.2108
2644 -7.2995 9.5768 -9.0956
2645 -9.9557 9.4976 -6.4741
2646 -9.8435 9.5725 -6.3893
2647 -8.9344 9.7538 -5.146
2648 -6.3089 9.7589 -7.817
2649 -11.5153 9.502 -3.1327
2650 -11.3859 9.5769 -3.0836
2651 -11.978 9.5057 0.509099
2652 -11.8436 9.5807 0.519499
2653 -11.1631 9.7119 0.592999
2654 -10.6589 9.757 -1.9879
2655 -11.2602 9.4994 4.1468
2656 -11.1338 9.5745 4.1179
2657 -10.4724 9.7554 3.3469
2658 -3.3592 9.8154 2.7438
2659 -6.3504 9.8122 5.0531
2660 -3.1776 9.8182 8.4896
2661 0.1708 9.8208 6.9442
2662 -8.9123 9.8136 1.1424
2663 -6.5836 9.8139 -1.694
2664 3.4702 9.8257 4.7282
2665 -0.0732 9.8232 0.183899
2666 6.4333 9.8284 2.073
2667 3.2157 9.8295 -2.3836
2668 -3.6165 9.821 -4.3608
2669 -0.3071 9.8273 -6.6039
2670 8.7729 9.8242 -0.790201
2671 6.2157 9.8282 -4.7161
2672 3.0484 9.8253 -8.1689
2673 -6.7301 9.7586 9.9077
2674 -3.3819 9.7676 11.4992
2675 -9.4426 9.7526 7.3809
2676 -9.3602 10.8372 7.317
2677 -6.6715 10.8434 9.8218
2678 -3.3527 10.8527 11.3995
2679 0.298 9.7708 11.9491
2680 3.9423 9.7709 11.2689
2681 0.2949 10.8559 11.8455
2682 3.9072 10.856 11.1712
2683 -11.2154 9.7584 4.125
2684 -11.9305 9.7649 0.502599
2685 -11.8266 10.8499 0.499199
2686 -11.1177 10.8432 4.0896
2687 -11.4696 9.7609 -3.1234
2688 -9.9162 9.7563 -6.4507
2689 -9.8296 10.8408 -6.3924
2690 -11.3695 10.8456 -3.0946
2691 -7.3538 9.7608 -9.1766
2692 -4.0928 9.7652 -11.0258
2693 -4.0573 10.8506 -10.9285
2694 -7.2896 10.8457 -9.095
2695 7.1839 9.771 9.4699
2696 9.7324 9.768 6.7774
2697 7.1202 10.8562 9.388
2698 9.6463 10.853 6.7192
2699 11.2976 9.7585 3.4169
2700 11.7769 9.7522 -0.259001
2701 11.1977 10.8433 3.3881
2702 11.6726 10.8368 -0.255701
2703 11.0674 9.7584 -3.8975
2704 9.294 9.7653 -7.1532
2705 10.9696 10.8433 -3.8625
2706 9.212 10.8504 -7.0896
2707 6.5815 9.7609 -9.6803
2708 3.2342 9.7558 -11.2724
2709 6.5232 10.8459 -9.5944
2710 3.2052 10.8406 -11.1724
2711 -0.4437 9.7604 -11.7226
2712 -0.4404 10.8455 -11.619
2713 -6.6519 13.2459 9.7932
2714 -3.3429 13.2553 11.3663
2715 -9.3327 13.2396 7.2957
2716 0.2938 13.2585 11.8109
2717 3.8954 13.2586 11.1386
2718 -11.0851 13.2458 4.0778
2719 -11.792 13.2525 0.498099
2720 -11.3362 13.2481 -3.085
2721 -9.8007 13.2432 -6.373
2722 -7.2682 13.2483 -9.0678
2723 -4.0455 13.2533 -10.896
2724 7.099 13.2588 9.3607
2725 9.6176 13.2556 6.6998
2726 11.1643 13.2458 3.3785
2727 11.6379 13.2392 -0.254601
2728 10.937 13.2458 -3.8508
2729 9.1846 13.253 -7.0684
2730 6.5038 13.2484 -9.5658
2731 3.1955 13.2431 -11.1391
2732 -0.4392 13.2481 -11.5845
2733 -10.2136 18.727 14.2036
2734 4.3761 19.2322 12.5743
2735 0.2939 19.2321 13.3226
2736 -12.5498 19.2163 4.5828
2737 -16.7557 18.7315 -4.7663
2738 -8.2291 19.2197 -10.2653
2739 10.8506 19.2299 7.5317
2740 8.0009 19.233 10.554
2741 12.6074 19.2182 3.7775
2742 15.8486 18.7257 -5.7246
2743 7.316 19.2209 -10.8274
2744 -0.8125 18.7304 -17.0079
2745 -61.1728 7.6826 18.728
2746 -59.4798 7.6855 24.6287
2747 -61.1861 8.966 23.8373
2748 -63.3418 8.9641 16.5797
2749 -56.3695 7.6855 31.5642
2750 -57.6699 8.966 31.8939
2751 -59.3558 9.0485 32.4313
2752 -63.3034 9.0485 23.1953
2753 -65.9389 9.0477 14.5255
2754 -46.4405 7.6855 44.8598
2755 -47.1258 8.966 46.0131
2756 -52.933 8.966 39.3531
2757 -51.8478 7.6855 38.5427
2758 -48.1198 9.0485 47.477
2759 -54.3691 9.0485 40.4256
2760 -63.5203 0.784603 34.5517
2761 -67.8501 0.784602 24.3772
2762 -67.845 2.1989 24.3753
2763 -63.5154 2.1989 34.5491
2764 -70.8039 0.784601 14.7206
2765 -70.7986 2.1989 14.7195
2766 -70.6561 4.0892 14.6881
2767 -67.708 4.0892 24.3255
2768 -63.387 4.0892 34.4799
2769 -60.4443 1.3541 19.4439
2770 -58.9058 1.3573 24.891
2771 -58.911 4.49 24.8924
2772 -60.4498 4.4868 19.4441
2773 -55.9312 1.3573 31.4518
2774 -55.936 4.49 31.4543
2775 -51.4817 1.3573 38.2693
2776 -51.486 4.49 38.2725
2777 -46.2083 1.3573 44.4715
2778 -46.212 4.49 44.4754
2779 -46.1325 3.874 8.0447
2780 -51.9183 2.5015 8.5713
2781 -51.9199 5.6341 8.5662
2782 -46.1327 7.0067 8.0393
2783 -56.0102 1.5761 10.1064
2784 -56.0131 4.7088 10.102
2785 -56.2232 7.8434 9.016
2786 -51.9794 8.7552 7.658
2787 -46.1476 10.123 7.1804
2788 -38.6236 8.631 9.4099
2789 -38.6246 5.4983 9.4152
2790 -38.6236 11.7458 8.3592
2791 -31.2249 13.1175 10.4472
2792 -31.3488 9.9437 11.7405
2793 -31.351 6.811 11.7454
2794 -72.069 0.784601 7.594
2795 -72.0636 2.1989 7.5934
2796 -72.3424 0.7846 1.7292
2797 -72.337 2.1989 1.7291
2798 -72.1914 4.0892 1.7259
2799 -71.9186 4.0892 7.577
2800 -69.3731 7.6772 14.4057
2801 -67.9463 8.6499 14.0918
2802 -65.1051 8.6502 23.3796
2803 -66.475 7.6773 23.8775
2804 -60.9457 8.6502 33.1643
2805 -62.2306 7.6773 33.8567
2806 -63.0015 6.0361 34.2721
2807 -67.297 6.0361 24.1762
2808 -70.2287 6.0361 14.594
2809 -59.7701 1.3253 13.6707
2810 -60.5859 1.3445 15.9676
2811 -60.5913 4.4772 15.9665
2812 -59.7749 4.458 13.6682
2813 -61.4428 7.674 14.8542
2814 -60.6071 7.647 12.3301
2815 -58.9832 7.5887 10.4787
2816 -58.4401 4.4259 11.758
2817 -58.4361 1.2933 11.7616
2818 -22.9936 7.2486 16.9947
2819 -26.268 7.2486 14.0981
2820 -26.2646 10.3813 14.0938
2821 -22.9892 10.3813 16.9913
2822 -25.769 13.7319 12.6973
2823 -22.1962 13.7588 16.4007
2824 -35.4944 7.6827 53.1117
2825 -34.0443 8.9643 55.8059
2826 -40.3993 8.966 51.6722
2827 -40.6735 7.6855 49.8114
2828 -32.8052 9.0481 58.8834
2829 -40.3849 9.0485 53.8846
2830 -9.6552 14.3657 29.3204
2831 -11.6742 12.7841 36.6477
2832 -15.8663 12.7841 35.4062
2833 -15.1473 14.3326 27.5164
2834 -13.7718 11.1689 43.9279
2835 -17.3089 11.1661 42.8734
2836 -20.0601 10.123 42.0115
2837 -19.0859 11.7458 34.4528
2838 -19.0329 13.1175 26.7525
2839 -4.1175 14.3368 30.7571
2840 -7.6833 12.7841 37.8295
2841 -0.5755 13.1185 32.1623
2842 -4.7657 11.7458 38.6935
2843 -8.1391 10.1202 45.37
2844 -10.4969 11.1645 44.7926
2845 34.6578 4.15691 61.5359
2846 34.7573 2.1989 61.7427
2847 23.3251 2.1989 66.7854
2848 23.1621 4.3602 66.3295
2849 34.76 0.784605 61.7475
2850 23.327 0.784605 66.7905
2851 11.288 0.784605 70.1385
2852 11.287 2.1989 70.1332
2853 11.2328 4.15691 69.9101
2854 -9.9071 0.784605 71.1591
2855 -9.9066 2.1989 71.1537
2856 -0.1702 2.1989 71.3619
2857 -0.17 0.784605 71.3673
2858 -9.8919 4.0892 71.0086
2859 -0.1743 4.0892 71.2162
2860 -22.2665 0.784605 68.6657
2861 -22.2649 2.1989 68.6605
2862 -16.7825 2.1989 70.191
2863 -16.7836 0.784605 70.1963
2864 -22.2217 4.0892 68.5215
2865 -16.7526 4.0892 70.0483
2866 -51.3354 0.784604 50.868
2867 -51.3315 2.1989 50.8641
2868 -42.8059 2.1989 57.9042
2869 -42.8091 0.784604 57.9086
2870 -51.2287 4.0892 50.7605
2871 -42.7192 4.0892 57.787
2872 -34.2927 4.0892 63.3589
2873 -34.3631 2.1989 63.4866
2874 -34.3658 0.784605 63.4914
2875 10.7125 1.3573 61.9798
2876 10.7134 4.49001 61.9851
2877 3.1351 4.49001 63.0383
2878 3.1353 1.3573 63.0329
2879 10.6825 7.68551 62.4304
2880 2.7055 7.68551 63.496
2881 -3.2171 7.68271 63.2264
2882 -2.3288 4.4867 62.7573
2883 -2.3273 1.3541 62.7521
2884 -35.976 1.3541 52.2085
2885 -35.9778 4.4868 52.2136
2886 -40.765 4.49 49.1911
2887 -40.7621 1.3573 49.1865
2888 -20.9822 3.874 41.7224
2889 -20.9771 7.0067 41.7242
2890 -23.1256 5.6341 47.1235
2891 -23.13 2.5015 47.1206
2892 -22.2004 8.7553 47.4605
2893 -24.7493 7.8437 51.133
2894 -25.7604 4.7088 50.6122
2895 -25.7639 1.5761 50.6081
2896 0.6104 6.8111 32.6376
2897 -3.7884 5.4983 38.9841
2898 -3.7931 8.631 38.9815
2899 0.6057 9.9437 32.6322
2900 -7.348 3.8707 45.5641
2901 -7.3532 7.0034 45.5624
2902 -20.1645 5.4983 34.1344
2903 -20.1591 8.631 34.135
2904 -20.3335 6.811 26.4985
2905 -20.3282 9.9437 26.4978
2906 -8.827 2.4885 50.572
2907 -8.8323 5.6212 50.5712
2908 -9.0383 1.5567 54.4264
2909 -9.0436 4.6894 54.4268
2910 -10.1221 7.8267 54.4708
2911 -9.6938 8.744 50.4772
2912 -27.8206 2.1989 66.7489
2913 -27.8227 0.784605 66.7539
2914 -27.7643 4.0892 66.6143
2915 -7.8155 1.32191 59.9645
2916 -7.8201 4.4546 59.9678
2917 -8.8001 4.4129 57.548
2918 -8.7949 1.2803 57.5462
2919 -9.2441 7.6444 60.4098
2920 -10.1164 7.5777 57.8064
2921 7.1803 7.4669 69.1526
2922 -0.2113 7.6773 69.9049
2923 -0.2525 8.6502 68.4479
2924 10.8553 8.2677 67.4949
2925 -9.7593 7.6773 69.7025
2926 -9.6119 8.6502 68.2514
2927 -8.5911 9.0481 66.4763
2928 0.1401 9.04851 66.6789
2929 10.5942 8.9529 65.5889
2930 -21.8335 7.6773 67.27
2931 -27.2579 7.6773 65.4034
2932 -26.6953 8.6502 64.0579
2933 -21.4021 8.6502 65.8795
2934 -33.6592 7.6773 62.209
2935 -32.9554 8.6502 60.9314
2936 -27.0218 9.04691 61.7086
2937 -20.5907 9.11551 63.2401
2938 -41.9395 7.6773 56.732
2939 -41.0732 8.6502 55.5598
2940 -50.3028 7.6773 49.8287
2941 -49.2741 8.6502 48.7933
2942 -16.4836 7.6773 68.7636
2943 -16.1847 8.6502 67.3363
2944 -14.6651 9.04691 65.5636
2945 -0.1866 6.03611 70.7791
2946 -9.8477 6.03611 70.5732
2947 11.0703 6.3072 69.2408
2948 -16.663 6.03611 69.62
2949 -22.0923 6.03611 68.1043
2950 -42.4593 6.0361 57.4353
2951 -50.9201 6.0361 50.4499
2952 -34.0816 6.03611 62.9756
2953 -57.655 6.0361 42.8795
2954 -58.0059 4.0892 43.1415
2955 -56.9532 7.6773 42.3554
2956 -27.5955 6.03611 66.2107
2957 -5.8218 4.4771 61.719
2958 -7.0723 7.6742 62.2071
2959 -5.8186 1.34441 61.7146
2960 -30.249 1.3253 53.2012
2961 -30.248 4.458 53.2065
2962 -32.6835 4.4772 53.3367
2963 -32.6831 1.3445 53.3313
2964 -29.1871 7.6474 54.3943
2965 -31.8506 7.6743 54.475
2966 -28.0374 4.4259 52.4691
2967 -26.9491 7.5891 53.3623
2968 -28.0397 1.2933 52.4642
2969 10.5896 8.966 63.7662
2970 1.4166 8.966 64.8689
2971 -5.882 8.9643 64.6337
2972 -58.1272 0.784603 43.2321
2973 -58.1229 2.1989 43.2289
2974 -21.1409 10.3813 20.9546
2975 -21.146 7.2486 20.9567
2976 -19.6562 13.7319 20.8787
2977 -55.7835 8.6502 41.4819
2978 -31.0875 14.3648 0.838399
2979 -30.8532 14.3326 6.5672
2980 -38.6236 12.7841 5.2072
2981 -38.6688 12.7841 1.0054
2982 -46.1922 11.166 4.6038
2983 -46.2588 11.1692 1.1685
2984 -71.4838 6.0361 7.5278
2985 -70.6114 7.677 7.4293
2986 -71.7547 6.0361 1.7165
2987 -70.8772 7.6769 1.6977
2988 -61.9135 7.6826 -15.7339
2989 -63.9882 8.9641 -13.4944
2990 -62.1463 8.966 -20.8379
2991 -60.4756 7.6855 -21.7018
2992 -66.4947 9.0477 -11.3305
2993 -64.2341 9.0485 -20.1055
2994 -60.5928 9.0485 -29.6052
2995 -58.888 8.966 -29.138
2996 -57.5765 7.6855 -28.8624
2997 -64.8378 0.784598 -31.5518
2998 -64.8329 2.1989 -31.5494
2999 -68.8221 2.1989 -21.0893
3000 -68.8273 0.784598 -21.0909
3001 -64.7018 4.0892 -31.4855
3002 -68.6831 4.0892 -21.0455
3003 -71.2145 4.0892 -11.2902
3004 -71.3582 2.1989 -11.3155
3005 -71.3635 0.784599 -11.3164
3006 -61.2165 1.3541 -16.4804
3007 -61.2219 4.4868 -16.4804
3008 -59.9187 4.49 -21.9898
3009 -59.9134 1.3573 -21.9886
3010 -57.1393 4.49 -28.7706
3011 -57.1344 1.3573 -28.7683
3012 -46.4281 3.874 -5.7067
3013 -46.428 7.0067 -5.7013
3014 -52.2325 5.6341 -5.9791
3015 -52.2312 2.5015 -5.9842
3016 -46.406 10.123 -4.8426
3017 -52.2529 8.7552 -5.0691
3018 -56.5511 7.8434 -6.2436
3019 -56.3879 4.7088 -7.3375
3020 -56.3852 1.5761 -7.3421
3021 -38.986 5.4983 -7.3985
3022 -38.9848 8.631 -7.3932
3023 -31.8079 6.811 -10.0652
3024 -31.805 9.9437 -10.06
3025 -31.6254 13.1176 -8.7706
3026 -38.9396 11.7458 -6.3435
3027 -72.3158 2.1989 -4.1416
3028 -72.3212 0.7846 -4.142
3029 -72.1703 4.0892 -4.1315
3030 -69.9205 7.6772 -11.0632
3031 -67.4321 7.6773 -20.6508
3032 -66.042 8.6502 -20.2123
3033 -68.4815 8.6499 -10.811
3034 -63.5216 7.6773 -30.9106
3035 -62.2102 8.6502 -30.2719
3036 -68.2661 6.0361 -20.9139
3037 -64.3084 6.0361 -31.2939
3038 -70.7834 6.0361 -11.2146
3039 -60.2948 1.3253 -10.7415
3040 -60.2995 4.458 -10.7388
3041 -61.2139 4.4772 -12.9999
3042 -61.2086 1.3445 -13.0013
3043 -61.0735 7.647 -9.3662
3044 -62.0168 7.674 -11.852
3045 -58.8838 4.4259 -8.8877
3046 -59.3714 7.5887 -7.5863
3047 -58.88 1.2933 -8.8915
3048 -38.8042 12.7841 -3.1944
3049 -31.0882 14.3331 -4.9035
3050 -46.3398 11.166 -2.2664
3051 -70.8579 7.677 -4.0401
3052 -71.7337 6.0361 -4.101
3053 -36.8965 7.6824 -51.7871
3054 -41.9776 7.6855 -48.3569
3055 -41.7529 8.966 -50.2243
3056 -35.5437 8.9632 -54.4993
3057 -47.6712 7.6855 -43.1356
3058 -48.3883 8.966 -44.2678
3059 -49.4224 9.0485 -45.7015
3060 -41.7973 9.0485 -52.4364
3061 -34.4141 9.0464 -57.5914
3062 -53.0896 7.6855 -36.3223
3063 -54.2009 8.966 -37.0935
3064 -55.6716 9.0485 -38.1141
3065 -52.7312 0.784596 -48.997
3066 -44.3275 0.784596 -56.3945
3067 -44.3242 2.1989 -56.3902
3068 -52.7273 2.1989 -48.9933
3069 -36.1197 0.784595 -62.1654
3070 -36.117 2.19889 -62.1607
3071 -36.0429 4.0892 -62.035
3072 -44.2345 4.0892 -56.2753
3073 -52.6216 4.0892 -48.8928
3074 -37.3455 1.3541 -50.8779
3075 -42.0495 1.3573 -47.7299
3076 -42.0525 4.49 -47.7345
3077 -37.3474 4.4868 -50.883
3078 -47.4284 1.3573 -42.7544
3079 -47.4322 4.49 -42.7583
3080 -52.7192 4.49 -36.0652
3081 -52.7147 1.3573 -36.0621
3082 -22.0784 3.874 -40.7939
3083 -24.3688 2.5015 -46.1331
3084 -24.3645 5.6341 -46.1362
3085 -22.0733 7.0067 -40.7958
3086 -27.0944 1.5761 -49.5494
3087 -27.091 4.7088 -49.5536
3088 -26.1711 7.8428 -50.0662
3089 -23.5637 8.7549 -46.4561
3090 -21.3011 10.1229 -41.0618
3091 -21.054 8.631 -33.231
3092 -21.0593 5.4983 -33.2303
3093 -20.0883 11.7458 -33.5451
3094 -19.795 13.1176 -25.8459
3095 -21.0401 9.9437 -25.5719
3096 -21.046 6.811 -25.5729
3097 -29.9184 0.784595 -65.4978
3098 -29.9162 2.19889 -65.4929
3099 -24.68 0.784595 -67.4979
3100 -24.6782 2.19889 -67.4928
3101 -24.6292 4.0892 -67.3557
3102 -29.8552 4.0892 -65.3603
3103 -35.3756 7.67699 -60.9007
3104 -34.6324 8.64899 -59.6352
3105 -42.5298 8.6502 -54.0927
3106 -43.427 7.6773 -55.2415
3107 -50.6129 8.6502 -46.9833
3108 -51.6701 7.6773 -47.9883
3109 -52.3044 6.0361 -48.5913
3110 -43.9653 6.0361 -55.9307
3111 -35.8208 6.0361 -61.6578
3112 -59.0366 6.0361 -40.4494
3113 -58.3179 7.6773 -39.9506
3114 -59.396 4.0892 -40.6987
3115 -31.6468 1.3253 -52.0224
3116 -34.0835 1.3445 -52.0879
3117 -34.084 4.4772 -52.0933
3118 -31.6459 4.458 -52.0278
3119 -33.3155 7.6732 -53.2271
3120 -30.6756 7.6456 -53.2005
3121 -28.4179 7.5876 -52.2306
3122 -29.4166 4.4259 -51.3493
3123 -29.4187 1.2933 -51.3444
3124 -57.1201 8.6502 -39.1193
3125 30.3416 7.6855 55.4024
3126 31.2602 8.966 56.3766
3127 21.1549 8.966 60.7147
3128 20.7007 7.6855 59.4443
3129 32.4122 8.9529 57.7891
3130 21.8372 8.66601 62.6234
3131 20.5494 4.49 59.0208
3132 30.0354 4.49 55.0777
3133 20.5475 1.3573 59.0157
3134 30.0327 1.3573 55.073
3135 -10.7945 14.3649 -28.6564
3136 -16.0612 14.3331 -26.6689
3137 -17.1911 12.7841 -34.4874
3138 -13.348 12.7841 -35.7991
3139 -18.9842 11.1657 -41.86
3140 -15.9015 11.1687 -42.9421
3141 -29.6725 6.0361 -64.9626
3142 -29.303 7.67619 -64.1564
3143 -24.4821 6.0361 -66.9444
3144 -24.1822 7.6756 -66.1055
3145 58.2062 7.6826 -23.949
3146 58.5217 8.9641 -26.9854
3147 61.4556 8.966 -20.006
3148 60.6377 7.6855 -18.3123
3149 59.2279 9.0477 -30.2205
3150 62.686 9.0485 -21.8448
3151 65.4884 9.0485 -12.1994
3152 63.8439 8.966 -11.5462
3153 62.6292 7.6855 -10.9768
3154 63.3793 7.6855 5.6002
3155 63.5563 7.6855 -2.7133
3156 64.9093 8.966 -2.7745
3157 64.6405 8.966 6.0576
3158 66.6999 9.0485 -2.8555
3159 66.3373 9.0485 6.5596
3160 70.0532 0.784599 -13.1997
3161 70.0479 2.1989 -13.1986
3162 66.9464 2.1989 -23.8114
3163 66.9515 0.784598 -23.8132
3164 69.9046 4.0892 -13.1707
3165 66.8089 4.0892 -23.7631
3166 62.9791 4.0892 -33.0853
3167 63.1092 2.1989 -33.1514
3168 63.114 0.784598 -33.1539
3169 58.0966 1.3541 -22.9335
3170 58.101 4.4868 -22.9368
3171 60.365 4.49 -17.7477
3172 60.36 1.3573 -17.7455
3173 62.2242 4.49 -10.787
3174 62.2189 1.3573 -10.7858
3175 62.9589 4.49 5.4477
3176 63.1053 4.49 -2.6929
3177 62.9535 1.3573 5.4471
3178 63.0998 1.3573 -2.6926
3179 39.8017 3.874 -22.6761
3180 39.7985 7.0067 -22.6804
3181 44.6081 5.6341 -25.9417
3182 44.6101 2.5015 -25.9368
3183 39.2655 10.123 -23.354
3184 44.0783 8.7552 -26.6818
3185 48.2213 7.8434 -28.322
3186 48.7473 4.7088 -27.3489
3187 48.7479 1.5761 -27.3437
3188 34.8642 5.4983 -16.8565
3189 34.8601 8.631 -16.8599
3190 30.7163 6.811 -10.4431
3191 30.7116 9.9437 -10.4456
3192 29.7958 13.1175 -11.3672
3193 34.194 11.7458 -17.6725
3194 59.5698 2.1989 -39.4644
3195 59.5744 0.784597 -39.4674
3196 59.4473 4.0892 -39.3852
3197 55.9489 4.0892 -44.0831
3198 56.0634 2.1989 -44.173
3199 56.0677 0.784597 -44.1763
3200 61.8078 7.6772 -32.4904
3201 65.5713 7.6773 -23.328
3202 64.1962 8.6502 -22.8445
3203 60.5054 8.6499 -31.8285
3204 68.6153 7.6773 -12.9195
3205 67.1827 8.6502 -12.6404
3206 66.3963 6.0361 -23.618
3207 69.4748 6.0361 -13.087
3208 62.5888 6.0361 -32.8872
3209 53.9152 1.3253 -26.9708
3210 53.9173 4.458 -26.9758
3211 56.0057 4.4772 -25.716
3212 56.0023 1.3445 -25.7117
3213 53.7127 7.647 -28.5382
3214 55.9591 7.674 -27.116
3215 51.6741 4.4259 -27.6069
3216 51.2831 7.5887 -28.9405
3217 51.6733 1.2933 -27.6016
3218 27.5809 7.2486 -1.0853
3219 27.5753 10.3813 -1.0851
3220 28.2715 10.3813 -5.4024
3221 28.2768 7.2486 -5.4012
3222 26.5877 13.7588 -1.0391
3223 27.0029 13.7319 -6.1682
3224 60.1454 7.6827 18.9213
3225 62.0585 7.6855 13.0856
3226 63.0261 8.966 14.6985
3227 60.732 8.9643 21.9243
3228 64.4175 9.0485 16.4187
3229 61.7248 9.0481 25.0898
3230 25.0795 14.3657 16.903
3231 28.1832 14.3326 12.0261
3232 33.7411 12.7841 17.672
3233 31.2861 12.7841 21.2897
3234 30.7039 13.1175 8.972
3235 35.6266 11.7458 14.8935
3236 41.1719 10.123 20.1216
3237 39.5907 11.1661 22.5323
3238 37.5237 11.1689 25.5902
3239 28.949 12.7841 24.7338
3240 21.7077 14.3368 21.5248
3241 35.5392 11.1645 28.3351
3242 34.0818 10.1202 30.2764
3243 27.2403 11.7458 27.2516
3244 19.8592 13.1185 24.857
3245 51.7985 0.784604 49.0999
3246 44.4001 0.784604 55.4339
3247 44.3968 2.1989 55.4295
3248 51.7947 2.1989 49.096
3249 44.3076 4.0892 55.3142
3250 51.6913 4.0892 48.9931
3251 59.776 0.784603 39.3362
3252 56.5062 0.784603 43.9958
3253 56.5019 2.1989 43.9924
3254 59.7715 2.1989 39.3332
3255 56.3883 4.0892 43.901
3256 59.65 4.0892 39.253
3257 70.9738 0.784601 7.1435
3258 68.8433 0.784601 17.9938
3259 68.8381 2.1989 17.9924
3260 70.9684 2.1989 7.1429
3261 65.8529 0.784602 27.6641
3262 65.8478 2.1989 27.6621
3263 65.7124 4.0892 27.6079
3264 68.6968 4.0892 17.9567
3265 70.8232 4.0892 7.1281
3266 36.5602 1.3573 51.0838
3267 36.5638 4.49 51.0878
3268 40.6068 1.3541 47.4035
3269 40.6113 4.4867 47.4066
3270 41.5957 7.6827 47.2062
3271 37.1862 7.6855 51.1694
3272 59.9453 1.3541 17.9174
3273 61.7308 1.3573 12.5462
3274 61.736 4.49 12.5479
3275 59.9499 4.4868 17.9203
3276 41.7018 3.874 19.3134
3277 46.7851 2.5015 22.1265
3278 46.7836 5.6341 22.1316
3279 41.699 7.0067 19.318
3280 51.033 1.5761 23.1539
3281 51.0329 4.7088 23.1592
3282 50.5811 7.8437 24.203
3283 46.2817 8.7553 22.9787
3284 19.2435 6.8111 25.9765
3285 19.2437 9.9437 25.9693
3286 26.6708 8.631 28.0909
3287 26.6688 5.4983 28.0959
3288 33.596 7.0034 30.9235
3289 33.5931 3.8707 30.928
3290 36.2551 8.631 13.9674
3291 36.2589 5.4983 13.9635
3292 31.5442 9.9437 7.9539
3293 31.5487 6.811 7.9511
3294 37.9153 5.6212 33.8594
3295 37.9117 2.4885 33.8633
3296 38.522 8.744 33.2405
3297 41.385 7.8267 36.0575
3298 40.523 4.6894 36.7071
3299 40.5187 1.5567 36.7102
3300 62.861 0.784603 34.3353
3301 62.8562 2.1989 34.3327
3302 62.7274 4.0892 34.2643
3303 43.084 1.3219 41.7684
3304 42.3083 1.2803 39.2772
3305 42.3135 4.4129 39.2754
3306 43.0896 4.4546 41.768
3307 43.4953 7.5777 38.6407
3308 44.4711 7.6444 41.2071
3309 37.3117 7.4669 58.3809
3310 33.4187 8.2677 59.4287
3311 42.6132 8.6502 53.1238
3312 43.505 7.6773 54.2767
3313 41.1881 9.0485 52.0046
3314 47.812 9.0481 46.3127
3315 49.7268 8.6502 47.0383
3316 50.7607 7.6773 48.0671
3317 58.5563 7.6773 38.5313
3318 57.3412 8.6502 37.7294
3319 60.2799 8.6502 32.965
3320 61.5681 7.6773 33.6488
3321 55.0404 9.1155 36.2026
3322 59.0431 9.0469 30.9411
3323 63.1392 8.6502 26.5784
3324 64.4935 7.6773 27.1202
3325 66.0119 8.6502 17.2779
3326 67.425 7.6773 17.6351
3327 68.0644 8.6502 6.8458
3328 69.5164 7.6773 6.9944
3329 54.2298 8.6502 42.1637
3330 55.3659 7.6773 43.0781
3331 51.9308 9.0469 41.7561
3332 51.3811 6.0361 48.6845
3333 44.0401 6.0361 54.9684
3334 34.3592 6.3072 60.9152
3335 59.2854 6.0361 39.0124
3336 56.0475 6.0361 43.6267
3337 70.3876 6.0361 7.0835
3338 68.2728 6.0361 17.8495
3339 65.3061 6.0361 27.4453
3340 69.9217 7.6773 -3.0013
3341 70.7967 6.0361 -3.0409
3342 71.2343 4.0892 -3.0607
3343 62.341 6.0361 34.0592
3344 43.9309 7.6742 43.9739
3345 42.6544 4.4771 44.3892
3346 42.6491 1.3444 44.3878
3347 56.1455 1.3253 22.3159
3348 58.1104 1.3445 20.8734
3349 58.1142 4.4772 20.8773
3350 56.1481 4.458 22.3207
3351 58.1917 7.6743 22.2857
3352 56.0806 7.6474 23.9118
3353 53.6956 7.5891 24.5325
3354 53.971 4.4259 23.1518
3355 53.9698 1.2933 23.1465
3356 39.0534 8.966 51.4141
3357 44.5487 8.9643 46.6051
3358 71.3855 0.7846 -3.0676
3359 71.3801 2.1989 -3.0673
3360 28.6638 7.2486 3.1501
3361 28.6586 10.3813 3.1517
3362 27.4622 13.7319 4.0343
3363 68.4634 8.6502 -2.9353
3364 23.598 14.3648 -18.7112
3365 29.5669 12.7841 -23.3883
3366 32.1957 12.7841 -20.1102
3367 27.0486 14.3326 -14.1322
3368 35.5402 11.1692 -28.0739
3369 37.6665 11.166 -25.3749
3370 58.3427 7.677 -38.6707
3371 59.0798 6.0361 -39.1476
3372 54.9147 7.6769 -43.2718
3373 55.6052 6.0361 -43.8135
3374 36.9315 7.6826 -51.0701
3375 32.036 7.6855 -54.7739
3376 33.8758 8.966 -55.165
3377 39.9557 8.9641 -50.6534
3378 25.2544 7.6855 -58.4738
3379 26.0939 8.96599 -59.5183
3380 27.1162 9.0485 -60.9604
3381 35.9547 9.0485 -55.9222
3382 43.2659 9.0477 -50.569
3383 17.0551 7.6855 -61.3984
3384 17.4257 8.96599 -62.6994
3385 8.5453 7.6855 -63.2326
3386 8.3821 8.96599 -64.5627
3387 8.273 9.0485 -66.3271
3388 17.916 9.0485 -64.4211
3389 29.1651 0.784595 -65.157
3390 38.8822 0.784596 -59.5962
3391 38.8792 2.19889 -59.5916
3392 29.1628 2.19889 -65.1521
3393 47.0403 0.784596 -53.6447
3394 47.0367 2.1989 -53.6406
3395 46.9416 4.0892 -53.53
3396 38.7995 4.0892 -59.4696
3397 29.1019 4.0892 -65.0195
3398 35.9192 1.3541 -51.2056
3399 31.4194 1.3573 -54.6393
3400 31.4227 4.49 -54.6436
3401 35.9234 4.4868 -51.209
3402 24.9722 1.3573 -58.1207
3403 24.9745 4.49 -58.1256
3404 31.3125 3.874 -33.4982
3405 35.6245 2.5015 -37.3918
3406 35.6288 5.6341 -37.3887
3407 31.3159 7.0067 -33.4941
3408 37.9762 1.5761 -41.0755
3409 37.9811 4.7088 -41.0737
3410 38.8009 7.8434 -40.3311
3411 36.2214 8.7552 -36.6979
3412 31.8432 10.123 -32.816
3413 24.4869 8.631 -30.0838
3414 24.4845 5.4983 -30.0886
3415 25.1174 11.7458 -29.2434
3416 17.9222 13.1176 -26.4834
3417 17.2436 9.9437 -27.5945
3418 17.2426 6.811 -27.6004
3419 52.3293 0.784596 -48.7035
3420 52.3253 2.1989 -48.6997
3421 52.2192 4.0892 -48.5996
3422 46.0849 7.6772 -52.5341
3423 45.1319 8.6499 -51.4268
3424 37.2852 8.6502 -57.1509
3425 38.0822 7.6773 -58.3712
3426 27.9444 8.6502 -62.5014
3427 28.5536 7.67729 -63.8267
3428 28.9191 6.0361 -64.6219
3429 38.5604 6.0361 -59.1035
3430 46.6562 6.0361 -53.1982
3431 8.5615 7.67729 -69.5206
3432 8.6698 6.0361 -70.3891
3433 19.0379 6.0361 -68.3603
3434 18.7983 7.67729 -67.519
3435 8.7239 4.0892 -70.8233
3436 19.1577 4.0892 -68.781
3437 38.8446 1.3253 -46.183
3438 38.1187 1.3445 -48.5099
3439 38.1236 4.4772 -48.5122
3440 38.8499 4.458 -46.1839
3441 39.4723 7.674 -48.1335
3442 40.3187 7.647 -45.613
3443 40.1308 7.5887 -43.1575
3444 38.9286 4.4259 -43.8549
3445 38.9233 1.2933 -43.8554
3446 18.3989 8.6502 -66.1167
3447 8.381 8.6502 -68.0732
3448 19.9584 14.3331 -23.1522
3449 27.0091 12.7841 -26.7221
3450 33.4252 11.166 -30.7818
3451 51.9009 6.0361 -48.2993
3452 51.2622 7.677 -47.697
3453 -5.2722 7.68239 -63.0925
3454 -8.0377 8.9632 -64.3324
3455 -0.5257 8.96599 -64.9627
3456 0.832 7.6855 -63.661
3457 -10.8716 9.0464 -66.0076
3458 -1.8937 9.0485 -66.7016
3459 8.7426 0.784595 -70.9734
3460 8.742 2.19889 -70.968
3461 -2.4461 2.19889 -71.3613
3462 -2.4462 0.784595 -71.3667
3463 -2.4426 4.0892 -71.2156
3464 -12.429 4.0892 -70.4767
3465 -12.4515 2.19889 -70.6209
3466 -12.4523 0.784595 -70.6263
3467 -4.3486 1.3541 -62.674
3468 -4.3503 4.48679 -62.6792
3469 1.2846 4.49 -63.2271
3470 1.2851 1.35729 -63.2217
3471 8.5997 4.49 -62.7892
3472 8.5992 1.35729 -62.7838
3473 16.9316 4.49 -60.9647
3474 16.9301 1.35729 -60.9595
3475 -9.7627 3.874 -45.1967
3476 -9.7677 7.0067 -45.1949
3477 -11.3815 5.6341 -50.7775
3478 -11.3762 2.5015 -50.7779
3479 -10.5337 10.1229 -44.9111
3480 -12.2036 8.7549 -50.5173
3481 -12.4759 7.8428 -54.9622
3482 -11.4394 4.7088 -55.1489
3483 -11.4342 1.5761 -55.1478
3484 -5.7557 5.4983 -38.7012
3485 -5.7603 8.631 -38.6983
3486 -0.9115 6.811 -32.7708
3487 -0.9155 9.9437 -32.7663
3488 -2.0521 13.1176 -32.1888
3489 -6.7063 11.7458 -38.329
3490 -19.3594 2.19889 -69.2668
3491 -19.3608 0.784595 -69.2721
3492 -19.3225 4.0892 -69.1256
3493 -12.226 7.67699 -69.1765
3494 -2.4116 7.67729 -69.9041
3495 -2.3772 8.6502 -68.4469
3496 -11.9985 8.64899 -67.7266
3497 -2.4323 6.0361 -70.7784
3498 -12.3617 6.0361 -70.0442
3499 -9.4813 1.32529 -59.9464
3500 -9.4853 4.458 -59.95
3501 -7.6413 4.4772 -61.5463
3502 -7.6383 1.34449 -61.5418
3503 -10.9792 7.6456 -60.2418
3504 -8.9545 7.67319 -61.936
3505 -10.7793 4.4259 -58.012
3506 -12.1104 7.5876 -58.0604
3507 -10.7745 1.2933 -58.0096
3508 -9.5443 12.7841 -37.2211
3509 -5.4614 14.3331 -30.4583
3510 -12.8314 11.1657 -44.0596
3511 -18.9864 7.67619 -67.8446
3512 -19.2117 6.0361 -68.7022
3513 -4.347 17.7952 14.124
3514 -8.5049 17.7803 12.1658
3515 -7.7092 17.9764 11.2318
3516 -3.8959 17.9876 13.0385
3517 -11.8414 17.7704 9.0676
3518 -10.7879 17.9689 8.367
3519 -10.397 17.8218 8.107
3520 -7.4139 17.8284 10.8851
3521 -3.7285 17.8382 12.6356
3522 -59.5202 0.784597 -40.785
3523 -59.5158 2.1989 -40.7819
3524 19.1992 0.784595 -68.9265
3525 19.1977 2.19889 -68.9212
3526 -10.2667 15.7564 8.0203
3527 -7.3154 15.7627 10.7696
3528 -7.3154 17.1903 10.7696
3529 -10.2667 17.1841 8.0203
3530 -3.6727 15.7721 12.5014
3531 -3.6727 17.1997 12.5014
3532 0.3309 15.7753 12.9909
3533 0.3309 17.2029 12.9909
3534 4.2959 15.7754 12.2508
3535 4.2959 17.203 12.2508
3536 4.3357 17.8417 12.3889
3537 0.3233 17.8416 13.1345
3538 -12.9738 15.7693 0.536499
3539 -12.1958 15.7625 4.4781
3540 -12.1958 17.1902 4.4781
3541 -12.9738 17.1969 0.536499
3542 -12.3421 17.8282 4.5251
3543 -13.1237 17.8353 0.537699
3544 -10.7817 15.76 -7.033
3545 -12.4717 15.7649 -3.4112
3546 -12.4717 17.1925 -3.4112
3547 -10.7817 17.1876 -7.033
3548 -12.6164 17.8307 -3.457
3549 -10.9096 17.8254 -7.1198
3550 -4.4504 15.7701 -12.006
3551 -7.9963 15.7651 -9.9969
3552 -7.9963 17.1927 -9.9969
3553 -4.4504 17.1977 -12.006
3554 -8.0922 17.8308 -10.1112
3555 -4.5056 17.8361 -12.1379
3556 7.8226 15.7755 10.2935
3557 7.8226 17.2032 10.2935
3558 10.5953 15.7724 7.3642
3559 10.5953 17.2001 7.3642
3560 10.707 17.8386 7.4393
3561 7.9027 17.8418 10.4061
3562 12.298 15.7626 3.7078
3563 12.298 17.1902 3.7078
3564 12.8193 15.756 -0.291801
3565 12.8193 17.1837 -0.291801
3566 12.9592 17.8214 -0.300501
3567 12.4312 17.8283 3.7416
3568 12.0477 15.7626 -4.2507
3569 12.0477 17.1902 -4.2507
3570 10.1186 15.7698 -7.7929
3571 10.1186 17.1975 -7.7929
3572 10.2204 17.8358 -7.8801
3573 12.1751 17.8283 -4.3003
3574 7.1673 15.7652 -10.5422
3575 7.1673 17.1928 -10.5422
3576 3.5246 15.7599 -12.2739
3577 3.5246 17.1875 -12.2739
3578 3.5557 17.8253 -12.4149
3579 7.2367 17.8309 -10.6623
3580 -0.479 15.7649 -12.7634
3581 -0.479 17.1926 -12.7634
3582 -0.4907 17.8307 -12.9063
3583 22.6732 7.1204 64.9617
3584 -69.4093 8.6486 1.6661
3585 -69.1538 8.6491 7.2652
3586 -66.6438 9.1126 1.6067
3587 -66.9895 9.0453 8.2297
3588 -57.3205 8.9811 1.4063
3589 -52.3158 9.825 1.2987
3590 -52.1578 9.8124 4.9333
3591 -56.8534 8.9414 5.7582
3592 -60.6124 8.771 6.6409
3593 -61.754 8.867 1.5016
3594 -63.1039 8.9079 8.3158
3595 -13.5161 8.9079 61.7358
3596 -14.0654 8.7659 58.5814
3597 -19.1028 8.8676 58.4632
3598 -17.6043 8.98 54.2142
3599 -13.3576 8.9325 54.6029
3600 8.3923 13.7661 25.0141
3601 3.4293 13.7361 27.4907
3602 -0.0796 15.4944 25.0268
3603 7.4715 15.6144 22.4385
3604 -7.8751 15.6103 23.5308
3605 -6.4765 16.7167 19.4778
3606 -0.0108 16.6948 20.5113
3607 6.3403 16.7248 19.1379
3608 -15.2019 15.4777 20.6507
3609 -19.8172 15.5852 14.629
3610 -16.749 16.675 12.3956
3611 -12.38 16.6623 16.8702
3612 0.239 17.8001 14.7259
3613 0.1153 17.4157 17.0594
3614 -5.2538 17.4082 16.3063
3615 4.7768 17.8002 13.9199
3616 5.4236 17.4157 16.1649
3617 -15.7879 9.824 49.5762
3618 -12.2782 9.8063 50.1952
3619 8.7085 7.2486 25.8987
3620 4.607 7.2486 28.3303
3621 4.6013 10.3813 28.3185
3622 8.7027 10.3813 25.8824
3623 -10.8239 8.95951 63.6712
3624 -19.4249 9.8128 48.4713
3625 -21.716 8.9422 52.6956
3626 -26.0043 8.90961 57.9576
3627 -29.3518 8.95951 57.89
3628 -23.6841 8.7725 56.0419
3629 -24.2822 15.4777 8.5078
3630 -19.8127 16.6623 6.9609
3631 -25.0571 15.6065 0.696699
3632 -20.7033 16.7095 0.613899
3633 -17.2202 17.4017 0.570199
3634 -16.34 17.386 5.8086
3635 -14.7847 17.7907 0.550899
3636 -13.9631 17.7802 5.0455
3637 -13.9595 17.3713 10.4761
3638 -63.9974 8.9585 11.5173
3639 -69.3946 8.6491 -3.9387
3640 -67.2738 9.0453 -4.9953
3641 -57.0409 8.9414 -2.9616
3642 -52.3141 9.8124 -2.3393
3643 -60.8342 8.771 -3.682
3644 -63.3954 8.9079 -5.2483
3645 -23.5771 7.2486 -15.8413
3646 -23.5689 10.3813 -15.8356
3647 -26.7909 10.3813 -12.7068
3648 -26.7969 7.2486 -12.7126
3649 -22.7504 13.7596 -15.2627
3650 -26.2349 13.7324 -11.3225
3651 -24.5731 15.4796 -7.174
3652 -20.3044 15.5884 -13.5504
3653 -17.1798 16.6807 -11.3897
3654 -20.046 16.666 -5.7924
3655 -14.2211 17.7831 -3.9652
3656 -13.0507 17.9788 -3.5946
3657 -13.5732 17.9843 0.541299
3658 -12.3267 17.7748 -8.0819
3659 -11.2931 17.9727 -7.3802
3660 -64.4257 8.9585 -8.4085
3661 -23.6746 8.6435 -64.6856
3662 -28.6821 8.6457 -62.7983
3663 -22.7265 9.1028 -62.0333
3664 -28.8907 9.0402 -60.4389
3665 -19.6148 8.9771 -53.3291
3666 -17.937 9.8232 -48.636
3667 -21.1614 9.8112 -47.4159
3668 -23.4112 8.9387 -51.6043
3669 -25.422 8.7664 -54.8745
3670 -21.0951 8.86009 -57.4699
3671 -27.7646 8.9025 -56.7185
3672 -21.7727 7.2486 -19.9523
3673 -21.7652 10.3813 -19.9488
3674 -20.2907 13.7324 -19.9043
3675 -15.8737 15.4796 -19.7752
3676 -12.9811 16.666 -16.034
3677 -8.7592 15.607 -22.9632
3678 -7.2618 16.7104 -18.889
3679 -6.0144 17.4027 -15.743
3680 -10.7157 17.3898 -13.2368
3681 -5.1173 17.7916 -13.5996
3682 -9.156 17.7832 -11.3785
3683 -14.4048 17.3768 -9.4926
3684 -31.0098 8.9551 -56.6287
3685 57.1114 8.6491 -37.8735
3686 53.7594 8.6486 -42.3656
3687 56.0491 9.0453 -35.7556
3688 51.583 9.1126 -40.6584
3689 44.2456 8.9811 -34.9027
3690 46.6434 8.9414 -31.2411
3691 42.489 9.8124 -28.9021
3692 40.307 9.825 -31.8131
3693 47.7347 8.867 -37.6397
3694 50.11 8.771 -32.9414
3695 53.0987 8.9079 -33.2256
3696 47.0406 8.7659 36.7365
3697 48.6155 8.9079 39.5243
3698 43.971 8.9325 34.1084
3699 47.0087 8.98 31.1156
3700 50.8613 8.8676 33.4516
3701 14.9521 15.4944 19.6531
3702 20.0324 15.6103 13.5541
3703 13.8004 13.7361 23.7831
3704 12.1217 16.6948 16.172
3705 16.4655 16.7167 11.2724
3706 19.9164 16.675 -0.718201
3707 23.6246 15.5852 -0.901101
3708 23.8729 15.4777 6.6818
3709 19.3762 16.6623 5.5125
3710 8.7905 17.8003 11.6544
3711 10.0923 17.4158 13.4847
3712 11.9455 17.7954 8.2721
3713 13.7616 17.4084 9.4932
3714 16.0717 17.386 4.6648
3715 13.9073 17.7802 4.1159
3716 14.5099 17.7701 -0.397201
3717 16.7836 17.3711 -0.538901
3718 40.3419 9.8063 31.3839
3719 42.6637 9.824 28.6803
3720 13.4189 10.3813 25.1663
3721 13.422 7.2486 25.1791
3722 47.7605 8.9595 42.7278
3723 44.776 9.8128 25.5201
3724 49.2259 8.9422 27.3345
3725 58.4242 8.9595 26.5108
3726 55.8782 8.9096 28.6853
3727 52.8694 8.7725 28.6747
3728 23.1971 15.4777 -8.4656
3729 18.8384 16.6623 -6.863
3730 15.5001 16.7095 -12.3362
3731 18.8444 15.6065 -14.9977
3732 11.3493 17.7911 -8.8475
3733 13.5873 17.7802 -4.8501
3734 12.5573 17.9763 -4.4491
3735 10.5259 17.9847 -8.1419
3736 13.3789 17.9685 -0.326701
3737 55.8193 8.9585 -31.3161
3738 50.1947 8.6491 -46.6909
3739 47.8848 9.0453 -46.1635
3740 37.9993 9.8124 -34.6255
3741 41.2603 8.9414 -38.1034
3742 43.7373 8.771 -41.0654
3743 44.725 8.9079 -43.9005
3744 7.2154 7.2486 -26.8494
3745 11.689 7.2486 -26.4709
3746 11.688 10.3813 -26.4627
3747 7.2127 10.3813 -26.8398
3748 12.1356 13.7324 -25.0396
3749 6.9429 13.7596 -25.8778
3750 5.1549 16.6807 -19.3874
3751 6.1367 15.5884 -23.0029
3752 13.4804 15.4796 -20.7778
3753 10.9241 16.666 -16.8754
3754 13.0045 17.4019 -10.2659
3755 9.132 17.3898 -13.946
3756 8.0051 17.7833 -11.9937
3757 3.9004 17.7747 -13.9781
3758 4.4059 17.3768 -16.2702
3759 43.5183 8.9585 -46.9975
3760 -18.6055 8.6457 -66.4006
3761 -16.9484 9.0402 -64.7081
3762 -15.5853 8.9387 -54.402
3763 -14.6699 9.8112 -49.7366
3764 -16.1034 8.7664 -58.2058
3765 -15.4608 8.9025 -61.1171
3766 3.2101 10.3813 -28.8772
3767 3.2137 7.2486 -28.8847
3768 2.098 13.7324 -27.9081
3769 -1.2361 15.4796 -25.008
3770 -1.0335 16.666 -20.3134
3771 3.649 17.9727 -12.838
3772 -0.5255 17.9788 -13.3349
3773 -0.6195 17.7831 -14.4898
3774 -4.6711 17.9851 -12.5335
3775 -12.8942 8.9551 -63.1049
3776 -3.2877 8.4635 10.9754
3777 -3.4792 8.4658 11.8767
3778 -6.9325 8.4569 10.235
3779 -5.802 8.4572 9.5315
3780 -3.6243 8.6822 12.3452
3781 -7.2197 8.673 10.636
3782 -10.1326 8.6668 7.9224
3783 -9.7302 8.451 7.6287
3784 -8.6169 8.4514 6.789
3785 2.9886 8.4665 10.1597
3786 4.0749 8.4689 11.6391
3787 0.3162 8.4688 12.3407
3788 -0.5644 8.4658 11.053
3789 4.2406 8.6855 12.0978
3790 0.3272 8.6854 12.8284
3791 8.869 8.4664 5.5947
3792 10.0467 8.4661 7.0067
3793 7.4182 8.4691 9.7837
3794 6.2291 8.4679 8.265
3795 10.4581 8.6826 7.2748
3796 7.7215 8.6856 10.1661
3797 11.2265 8.4548 -0.284801
3798 12.1551 8.4506 -0.251101
3799 11.6609 8.4568 3.5405
3800 10.6201 8.4586 2.3742
3801 12.6533 8.6664 -0.281601
3802 12.1387 8.6729 3.666
3803 8.4881 8.4646 -6.4851
3804 9.5948 8.4637 -7.362
3805 11.4236 8.4568 -4.0041
3806 10.4487 8.4586 -3.0772
3807 9.9876 8.68 -7.6852
3808 11.8917 8.6728 -4.189
3809 3.1587 8.4575 -10.6853
3810 3.3438 8.4542 -11.61
3811 6.797 8.4593 -9.9683
3812 5.6747 8.4607 -9.2315
3813 3.4794 8.6702 -12.1079
3814 7.0748 8.6754 -10.3987
3815 -3.1221 8.4645 -9.8431
3816 -4.2164 8.4639 -11.356
3817 -0.4516 8.459 -12.0741
3818 0.4371 8.4605 -10.7531
3819 -4.3919 8.6802 -11.8435
3820 -0.4722 8.6751 -12.5911
3821 -9.028 8.4542 -5.2091
3822 -10.2184 8.4543 -6.6417
3823 -7.5779 8.4592 -9.4514
3824 -6.3783 8.4595 -7.9061
3825 -10.6409 8.6703 -6.9352
3826 -7.8917 8.6753 -9.8605
3827 -11.3646 8.4597 0.599399
3828 -12.2966 8.4632 0.534099
3829 -11.8205 8.459 -3.2083
3830 -10.7679 8.4575 -2.0192
3831 -12.8045 8.6795 0.535899
3832 -12.3089 8.6751 -3.3605
3833 -11.559 8.4568 4.2708
3834 -10.5789 8.4559 3.3849
3835 -12.0366 8.6728 4.4263
3836 -3.1768 8.4582 8.4902
3837 -6.3497 8.4522 5.053
3838 -3.3585 8.4554 2.7437
3839 0.1714 8.4608 6.9448
3840 -8.9122 8.4536 1.1422
3841 -6.5832 8.4539 -1.6941
3842 3.4705 8.4657 4.7289
3843 6.4332 8.4684 2.0736
3844 -0.0728 8.4632 0.183899
3845 3.2157 8.4695 -2.3836
3846 -3.6162 8.461 -4.361
3847 -0.307 8.4673 -6.6041
3848 6.2155 8.4682 -4.7162
3849 8.7723 8.4642 -0.789901
3850 3.0483 8.4653 -8.1688
3851 -10.2667 10.7277 8.0203
3852 -10.2667 9.3145 8.0203
3853 -7.3154 9.3208 10.7696
3854 -7.3154 10.734 10.7696
3855 -3.6727 9.3302 12.5014
3856 -3.6727 10.7434 12.5014
3857 0.3309 9.3334 12.9909
3858 0.3309 10.7465 12.9909
3859 4.2959 9.3335 12.2508
3860 4.2959 10.7466 12.2508
3861 -12.9738 10.7406 0.536499
3862 -12.9738 9.3274 0.536499
3863 -12.1958 9.3206 4.4781
3864 -12.1958 10.7338 4.4781
3865 -10.7817 10.7312 -7.033
3866 -10.7817 9.3181 -7.033
3867 -12.4717 9.323 -3.4112
3868 -12.4717 10.7362 -3.4112
3869 -4.4504 10.7413 -12.006
3870 -4.4504 9.3282 -12.006
3871 -7.9963 9.3232 -9.9969
3872 -7.9963 10.7363 -9.9969
3873 7.8226 9.3337 10.2935
3874 7.8226 10.7468 10.2935
3875 10.5953 9.3305 7.3642
3876 10.5953 10.7437 7.3642
3877 12.298 9.3207 3.7078
3878 12.298 10.7339 3.7078
3879 12.8193 9.3141 -0.291801
3880 12.8193 10.7273 -0.291801
3881 12.0477 9.3207 -4.2507
3882 12.0477 10.7338 -4.2507
3883 10.1186 9.3279 -7.7929
3884 10.1186 10.7411 -7.7929
3885 7.1673 9.3233 -10.5422
3886 7.1673 10.7365 -10.5422
3887 3.5246 9.318 -12.2739
3888 3.5246 10.7311 -12.2739
3889 -0.479 9.323 -12.7634
3890 -0.479 10.7362 -12.7634
3891 -10.2667 13.2396 8.0203
3892 -7.3154 13.2459 10.7696
3893 -3.6727 13.2553 12.5014
3894 0.3309 13.2585 12.9909
3895 4.2959 13.2586 12.2508
3896 -12.9738 13.2525 0.536499
3897 -12.1958 13.2458 4.4781
3898 -10.7817 13.2432 -7.033
3899 -12.4717 13.2481 -3.4112
3900 -4.4504 13.2533 -12.006
3901 -7.9963 13.2483 -9.9969
3902 7.8226 13.2588 10.2935
3903 10.5953 13.2556 7.3642
3904 12.298 13.2458 3.7078
3905 12.8193 13.2392 -0.291801
3906 12.0477 13.2458 -4.2507
3907 10.1186 13.253 -7.7929
3908 7.1673 13.2484 -10.5422
3909 3.5246 13.2431 -12.2739
3910 -0.479 13.2481 -12.7634
3911 -10.1047 17.3861 14.0436
3912 0.3005 17.9914 13.5652
3913 4.4551 17.9915 12.8033
3914 -12.7808 17.9763 4.6659
3915 -16.5741 17.3897 -4.7103
3916 -8.3801 17.979 -10.4542
3917 8.143 17.9916 10.744
3918 11.0422 17.9879 7.6647
3919 12.8307 17.9763 3.8429
3920 15.6581 17.386 -5.6563
3921 7.4446 17.9791 -11.0226
3922 -0.8083 17.3897 -16.8116
3923 -64.3623 0.152303 35.0015
3924 -68.7491 0.152302 24.7008
3925 -68.423 0.146402 24.5834
3926 -64.0569 0.146403 34.8384
3927 -71.7404 0.152301 14.9259
3928 -71.4006 0.146401 14.8514
3929 -71.0607 0.152301 14.777
3930 -68.0969 0.152302 24.4661
3931 -63.7515 0.152303 34.6752
3932 -59.5115 0.149201 19.4026
3933 -57.9996 0.152302 24.6375
3934 -58.3271 0.146402 24.7293
3935 -59.848 0.143201 19.4175
3936 -55.0875 0.152302 31.0197
3937 -55.3931 0.146402 31.1763
3938 -55.6988 0.152302 31.333
3939 -58.6548 0.152302 24.8212
3940 -60.1846 0.149001 19.4325
3941 -50.7176 0.152303 37.6987
3942 -50.9946 0.146403 37.9055
3943 -45.5543 0.152303 43.7852
3944 -45.7913 0.146403 44.0337
3945 -46.0284 0.152303 44.2824
3946 -51.2717 0.152303 38.1125
3947 -46.0777 2.67 8.9791
3948 -51.6317 1.2969 9.4575
3949 -51.7364 1.2905 9.1365
3950 -46.0986 2.6631 8.6409
3951 -55.5035 0.371001 10.8905
3952 -55.6874 0.365201 10.6062
3953 -55.8716 0.371201 10.3216
3954 -51.8414 1.296 8.8153
3955 -46.1197 2.668 8.3025
3956 -31.7199 5.6068 12.6058
3957 -38.7869 4.2944 10.3421
3958 -38.7287 4.2874 10.0062
3959 -31.5867 5.6001 12.2939
3960 -38.6705 4.2924 9.6701
3961 -31.4535 5.6053 11.9818
3962 -73.0249 0.152301 7.7018
3963 -72.6778 0.146401 7.6627
3964 -73.3043 0.1523 1.7498
3965 -72.9549 0.1464 1.7423
3966 -72.6055 0.1523 1.7348
3967 -72.3306 0.152301 7.6236
3968 -58.9464 0.120401 14.1021
3969 -59.6807 0.139601 16.165
3970 -60.007 0.133501 16.0937
3971 -59.2436 0.114301 13.9462
3972 -60.3336 0.139401 16.0224
3973 -59.541 0.120201 13.7901
3974 -57.7479 0.088201 12.3913
3975 -57.9967 0.082301 12.1632
3976 -58.2458 0.088401 11.9349
3977 -23.7346 6.0438 17.548
3978 -26.837 6.044 14.8298
3979 -26.6326 6.0377 14.5657
3980 -23.4689 6.0377 17.3496
3981 -26.4282 6.0432 14.3015
3982 -23.2032 6.0434 17.1511
3983 35.2197 0.152305 62.5828
3984 23.6474 0.152305 67.6869
3985 23.5312 0.146405 67.362
3986 35.053 0.146405 62.28
3987 11.462 0.152305 71.076
3988 11.3989 0.146405 70.7361
3989 11.3359 0.152305 70.3963
3990 23.4151 0.152305 67.037
3991 34.8863 0.152305 61.9772
3992 -0.1385 0.152305 72.3217
3993 -0.1499 0.146405 71.9755
3994 -10.0031 0.152305 72.1127
3995 -9.9683 0.146405 71.7666
3996 -9.9334 0.152305 71.4206
3997 -0.1613 0.152305 71.6294
3998 -16.9811 0.152305 71.1375
3999 -16.9094 0.146405 70.7958
4000 -22.5515 0.152305 69.5843
4001 -22.4479 0.146405 69.2506
4002 -22.3444 0.152305 68.917
4003 -16.8376 0.152305 70.454
4004 -34.8274 0.152305 64.3314
4005 -43.3747 0.152304 58.6787
4006 -43.1696 0.146404 58.3993
4007 -34.6599 0.146405 64.0266
4008 -52.0058 0.152304 51.5476
4009 -51.7627 0.146404 51.3011
4010 -51.5195 0.152304 51.0546
4011 -42.9644 0.152304 58.12
4012 -34.4924 0.152305 63.7217
4013 -2.0717 0.149205 61.8663
4014 3.169 0.152405 62.0922
4015 3.157 0.146405 62.4323
4016 -2.1634 0.143105 62.1856
4017 10.5549 0.152305 61.0459
4018 10.6121 0.146405 61.3841
4019 10.6692 0.152305 61.7225
4020 3.1449 0.152305 62.7726
4021 -2.2552 0.149005 62.5051
4022 -40.2618 0.152304 48.3896
4023 -40.4428 0.146404 48.6776
4024 -35.6716 0.149204 51.3258
4025 -35.7814 0.143204 51.6441
4026 -35.8914 0.149004 51.9627
4027 -40.6239 0.152304 48.9657
4028 -26.3718 0.371004 49.8997
4029 -23.8984 1.2969 46.5941
4030 -23.6203 1.2905 46.7857
4031 -26.1514 0.365204 50.1568
4032 -21.8626 2.67 41.4045
4033 -21.5443 2.6631 41.5206
4034 -21.2258 2.668 41.6369
4035 -23.3421 1.296 46.9776
4036 -25.9308 0.371204 50.4141
4037 1.3206 5.6071 33.2527
4038 -2.9576 4.2941 39.4361
4039 -3.2591 4.2874 39.2727
4040 1.063 5.6004 33.0304
4041 -6.4431 2.6665 45.8481
4042 -6.7715 2.6598 45.746
4043 -7.1001 2.6651 45.6439
4044 -3.5609 4.2926 39.1093
4045 0.8052 5.6055 32.8081
4046 -21.0993 4.2944 34.0269
4047 -20.7607 4.2874 34.0664
4048 -21.2632 5.6068 26.6079
4049 -20.9264 5.6001 26.5687
4050 -20.5893 5.6053 26.5297
4051 -20.4219 4.2924 34.106
4052 -7.8831 1.284 50.6915
4053 -8.2257 1.2776 50.6487
4054 -8.1014 0.351804 54.3611
4055 -8.441 0.345704 54.3844
4056 -8.7808 0.351604 54.4078
4057 -8.5687 1.2831 50.606
4058 -28.1933 0.152305 67.6411
4059 -28.0588 0.146405 67.319
4060 -27.9242 0.152305 66.9968
4061 -7.9221 0.075404 57.252
4062 -8.2362 0.069304 57.3566
4063 -7.0796 0.117104 59.4337
4064 -7.3424 0.110904 59.6228
4065 -7.6052 0.116705 59.8121
4066 -8.5504 0.075104 57.4613
4067 -5.3088 0.139605 60.9759
4068 -5.4906 0.133405 61.2408
4069 -5.6727 0.139205 61.5058
4070 -32.6152 0.139604 52.4073
4071 -32.6396 0.133504 52.7404
4072 -30.4288 0.120404 52.2889
4073 -30.3637 0.114304 52.6181
4074 -30.2985 0.120204 52.9476
4075 -32.6639 0.139404 53.0738
4076 -28.4481 0.088204 51.6255
4077 -28.3 0.082304 51.9289
4078 -28.1519 0.088404 52.2326
4079 -58.8914 0.152303 43.8028
4080 -58.6143 0.146403 43.5959
4081 -58.3372 0.152303 43.3889
4082 -22.0091 6.044 21.2945
4083 -21.698 6.0377 21.1735
4084 -21.3866 6.0432 21.0526
4085 -72.3078 0.152299 -11.4816
4086 -69.7385 0.152298 -21.3774
4087 -69.408 0.146398 -21.2735
4088 -71.9651 0.146399 -11.4217
4089 -65.696 0.152298 -31.9687
4090 -65.3849 0.146398 -31.8176
4091 -65.0737 0.152298 -31.6664
4092 -69.0775 0.152298 -21.1697
4093 -71.6225 0.152299 -11.3618
4094 -56.2752 0.152298 -28.3691
4095 -58.9981 0.152298 -21.7725
4096 -59.3288 0.146398 -21.8508
4097 -56.5864 0.146398 -28.5138
4098 -60.283 0.149199 -16.4788
4099 -60.6197 0.143199 -16.4794
4100 -60.9566 0.148999 -16.48
4101 -59.6598 0.152298 -21.9291
4102 -56.8977 0.152298 -28.6585
4103 -55.9127 0.370999 -8.1472
4104 -51.9828 1.2969 -6.8819
4105 -52.0737 1.2905 -6.5567
4106 -56.0842 0.365199 -7.8552
4107 -46.4141 2.67 -6.6423
4108 -46.4203 2.6631 -6.3036
4109 -46.4265 2.668 -5.9647
4110 -52.1648 1.296 -6.2312
4111 -56.256 0.371199 -7.5631
4112 -39.1908 4.2944 -8.3162
4113 -39.1171 4.2874 -7.9837
4114 -32.2174 5.6069 -10.908
4115 -32.0695 5.6002 -10.6026
4116 -31.9217 5.6054 -10.2968
4117 -39.0436 4.2924 -7.6508
4118 -73.2809 0.1523 -4.2086
4119 -72.9324 0.1464 -4.1844
4120 -72.5839 0.1523 -4.1603
4121 -60.3126 0.139599 -13.2373
4122 -60.6356 0.133499 -13.1521
4123 -59.4904 0.120399 -11.2079
4124 -59.7806 0.114299 -11.0394
4125 -60.071 0.120199 -10.8707
4126 -60.9589 0.139399 -13.0668
4127 -58.2195 0.088199 -9.5502
4128 -58.4583 0.082299 -9.3116
4129 -58.6974 0.088399 -9.0728
4130 -53.4221 0.152296 -49.6551
4131 -44.9147 0.152296 -57.1479
4132 -44.7018 0.146396 -56.8746
4133 -53.1716 0.146396 -49.4165
4134 -36.6057 0.152295 -62.9919
4135 -36.4294 0.146395 -62.692
4136 -36.253 0.152295 -62.392
4137 -44.4888 0.152296 -56.6013
4138 -52.9211 0.152296 -49.1779
4139 -37.0173 0.149196 -50.004
4140 -41.5269 0.152296 -46.9481
4141 -41.7159 0.146396 -47.2305
4142 -37.1357 0.143196 -50.3192
4143 -46.7537 0.152297 -42.0893
4144 -46.9982 0.146397 -42.3301
4145 -47.2427 0.152297 -42.5711
4146 -41.9051 0.152296 -47.5132
4147 -37.2542 0.148996 -50.6346
4148 -51.9318 0.152297 -35.5188
4149 -52.2156 0.146397 -35.7157
4150 -52.4995 0.152297 -35.9127
4151 -22.95 2.67 -40.4535
4152 -25.1229 1.2969 -45.5864
4153 -24.8501 1.2905 -45.7853
4154 -22.6349 2.6631 -40.5777
4155 -27.6833 0.370996 -48.8251
4156 -27.4698 0.365196 -49.0879
4157 -27.2561 0.371196 -49.351
4158 -24.577 1.296 -45.9845
4159 -22.3196 2.668 -40.7022
4160 -21.9788 5.6069 -25.6616
4161 -21.9907 4.2944 -33.101
4162 -21.6534 4.2874 -33.1484
4163 -21.6409 5.6002 -25.6299
4164 -21.3159 4.2924 -33.1959
4165 -21.3028 5.6054 -25.5984
4166 -30.32 0.152295 -66.3723
4167 -30.1742 0.146395 -66.0547
4168 -25.004 0.152295 -68.4043
4169 -24.8863 0.146395 -68.075
4170 -24.7686 0.152295 -67.7458
4171 -30.0284 0.152295 -65.7371
4172 -31.8023 0.120396 -51.1057
4173 -33.9911 0.139596 -51.1659
4174 -34.0243 0.133496 -51.4983
4175 -31.7459 0.114296 -51.4365
4176 -34.0575 0.139396 -51.831
4177 -31.6896 0.120196 -51.7676
4178 -29.8047 0.088196 -50.4951
4179 -29.6647 0.082296 -50.8024
4180 -29.5247 0.088396 -51.1099
4181 20.2271 0.152304 58.1195
4182 20.3432 0.146404 58.4443
4183 29.5625 0.152304 54.2509
4184 29.7327 0.146404 54.5486
4185 29.9031 0.152304 54.8466
4186 20.4594 0.152304 58.7692
4187 63.9684 0.152297 -33.5889
4188 67.852 0.152298 -24.1329
4189 67.5253 0.146398 -24.0169
4190 63.6584 0.146397 -33.431
4191 70.9896 0.152299 -13.3856
4192 70.65 0.146399 -13.3182
4193 70.3104 0.152299 -13.2508
4194 67.1987 0.152298 -23.9009
4195 63.3483 0.152297 -33.2731
4196 61.2925 0.152299 -10.5852
4197 59.4986 0.152299 -17.367
4198 59.81 0.146399 -17.5037
4199 61.6281 0.146399 -10.6578
4200 57.349 0.149198 -22.3741
4201 57.6187 0.143198 -22.5758
4202 57.8886 0.148998 -22.7777
4203 60.1217 0.152299 -17.6404
4204 61.9639 0.152299 -10.7304
4205 62.0127 0.1523 5.3309
4206 62.1472 0.1523 -2.6495
4207 62.4925 0.1464 -2.6651
4208 62.3535 0.1464 5.3729
4209 62.838 0.1523 -2.6808
4210 62.6945 0.1523 5.4149
4211 48.8531 0.370998 -26.4161
4212 44.9503 1.2969 -25.0697
4213 44.8278 1.2905 -25.3844
4214 48.8151 0.365198 -26.7526
4215 40.3517 2.67 -21.9187
4216 40.1535 2.6631 -22.1934
4217 39.9552 2.668 -22.4685
4218 44.7053 1.296 -25.6994
4219 48.7771 0.371198 -27.0893
4220 35.5774 4.2944 -16.2425
4221 35.3194 4.2874 -16.4653
4222 31.5471 5.6068 -10.0116
4223 31.2464 5.6001 -10.1683
4224 30.9455 5.6053 -10.3253
4225 35.0613 4.2924 -16.6884
4226 56.8248 0.152297 -44.7702
4227 60.3819 0.152297 -39.99
4228 60.0887 0.146397 -39.8002
4229 56.5498 0.146397 -44.5545
4230 59.7955 0.152297 -39.6104
4231 56.2748 0.152297 -44.3387
4232 55.4274 0.139598 -24.9852
4233 55.6346 0.133498 -25.2472
4234 53.5517 0.120398 -26.115
4235 53.6827 0.114298 -26.424
4236 53.8138 0.120198 -26.7332
4237 55.8419 0.139398 -25.5094
4238 51.5402 0.088198 -26.6782
4239 51.5881 0.082298 -27.0124
4240 51.636 0.088398 -27.3469
4241 29.1807 6.044 -5.1961
4242 28.8553 6.0377 -5.2707
4243 28.5047 6.0438 -1.1271
4244 28.1735 6.0377 -1.1121
4245 27.8421 6.0434 -1.0971
4246 28.5298 6.0432 -5.3455
4247 52.4773 0.152304 49.7765
4248 44.9808 0.152304 56.1919
4249 44.7702 0.146404 55.917
4250 52.2309 0.146404 49.5309
4251 44.5596 0.152304 55.6421
4252 51.9846 0.152304 49.2854
4253 60.5788 0.152303 39.8659
4254 57.2556 0.152303 44.5985
4255 56.9834 0.146403 44.3797
4256 60.2872 0.146403 39.6735
4257 56.7113 0.152303 44.1609
4258 59.9956 0.152303 39.4811
4259 71.9231 0.152301 7.2441
4260 69.769 0.152301 18.2308
4261 69.4332 0.146401 18.1448
4262 71.5789 0.146401 7.2076
4263 66.7425 0.152302 28.0211
4264 66.4197 0.146402 27.8915
4265 66.0968 0.152302 27.762
4266 69.0975 0.152301 18.0588
4267 71.2346 0.152301 7.1711
4268 35.9378 0.152404 50.3777
4269 36.1627 0.146404 50.633
4270 39.8476 0.149204 46.8805
4271 40.1209 0.143104 47.0693
4272 40.3945 0.149004 47.2582
4273 36.3878 0.152304 50.8885
4274 59.1502 0.149201 17.4278
4275 60.8387 0.152301 12.2471
4276 61.1612 0.146401 12.355
4277 59.437 0.143201 17.6043
4278 61.4839 0.152301 12.463
4279 59.7239 0.149001 17.781
4280 42.1812 2.67 18.5094
4281 47.0455 1.2969 21.2322
4282 46.952 1.2905 21.5567
4283 42.0086 2.6631 18.801
4284 51.054 0.371002 22.2206
4285 51.0465 0.365202 22.5592
4286 51.0391 0.371202 22.898
4287 46.8585 1.296 21.8815
4288 41.836 2.668 19.0929
4289 33.0733 2.6665 31.7213
4290 26.3128 4.2941 28.9722
4291 26.4424 4.2874 28.6547
4292 33.2625 2.6598 31.4342
4293 19.0842 5.6071 26.9023
4294 19.1425 5.6004 26.5672
4295 19.2009 5.6055 26.2318
4296 26.5722 4.2926 28.337
4297 33.4519 2.6651 31.1469
4298 32.3371 5.6068 7.4463
4299 36.9137 4.2944 13.2877
4300 36.6769 4.2874 13.5329
4301 32.0518 5.6001 7.6295
4302 36.44 4.2924 13.7784
4303 31.7663 5.6053 7.813
4304 39.7527 0.351803 37.2537
4305 37.2574 1.284 34.5541
4306 37.4953 1.2776 34.3038
4307 40.0301 0.345703 37.0564
4308 37.7335 1.2831 34.0534
4309 40.3077 0.351603 36.8591
4310 63.7101 0.152303 34.7865
4311 63.4018 0.146403 34.6226
4312 63.0935 0.152303 34.4587
4313 42.1783 0.117103 41.8244
4314 41.4467 0.075403 39.6031
4315 41.7559 0.069303 39.4848
4316 42.5014 0.110903 41.8041
4317 42.0653 0.075103 39.3666
4318 42.8247 0.116703 41.7838
4319 41.7865 0.139603 44.1398
4320 42.0951 0.133403 44.2293
4321 42.4039 0.139203 44.3188
4322 55.7062 0.120402 21.4964
4323 57.4722 0.139602 20.2018
4324 57.7022 0.133502 20.444
4325 55.8646 0.114302 21.7923
4326 57.9324 0.139402 20.6864
4327 56.023 0.120202 22.0884
4328 53.7538 0.088202 22.239
4329 53.8317 0.082302 22.5675
4330 53.9096 0.088402 22.8963
4331 72.3383 0.1523 -3.1107
4332 71.9928 0.1464 -3.095
4333 71.6473 0.1523 -3.0794
4334 29.5455 6.044 2.8642
4335 29.2281 6.0377 2.9679
4336 28.9107 6.0432 3.0718
4337 29.5645 0.152295 -66.0236
4338 39.4053 0.152295 -60.3954
4339 39.2155 0.146395 -60.1055
4340 29.4197 0.146395 -65.7093
4341 47.6658 0.152296 -54.3712
4342 47.4388 0.146396 -54.1076
4343 47.2118 0.152296 -53.844
4344 39.0258 0.152295 -59.8156
4345 29.2748 0.152295 -65.3951
4346 35.1983 0.149196 -50.6125
4347 30.8485 0.152296 -53.8919
4348 31.0547 0.146396 -54.1621
4349 35.4582 0.143196 -50.8264
4350 24.5608 0.152296 -57.2673
4351 24.7097 0.146396 -57.5764
4352 24.8587 0.152296 -57.8857
4353 31.261 0.152296 -54.4325
4354 35.7184 0.148996 -51.0405
4355 30.7086 2.67 -34.213
4356 34.8633 1.2969 -37.9287
4357 35.1398 1.2905 -37.7348
4358 30.928 2.6631 -33.955
4359 37.1003 0.370997 -41.3986
4360 37.4181 0.365197 -41.2815
4361 37.7361 0.371197 -41.1644
4362 35.4165 1.296 -37.5408
4363 31.1477 2.668 -33.6968
4364 17.025 5.6069 -28.5118
4365 24.061 4.2944 -30.9282
4366 24.2149 4.2874 -30.6243
4367 17.1043 5.6002 -28.1818
4368 24.369 4.2924 -30.3203
4369 17.1838 5.6054 -27.8516
4370 53.0292 0.152296 -49.3633
4371 52.775 0.146396 -49.1237
4372 52.5208 0.152296 -48.8841
4373 37.9268 0.120397 -46.0337
4374 37.2761 0.139596 -48.1245
4375 37.58 0.133496 -48.2634
4376 38.2581 0.114297 -46.0874
4377 37.884 0.139396 -48.4023
4378 38.5896 0.120197 -46.141
4379 37.9948 0.088197 -43.946
4380 38.3308 0.082297 -43.9129
4381 38.6671 0.088397 -43.8798
4382 -12.6004 0.152295 -71.5736
4383 -2.4697 0.152295 -72.3216
4384 -2.4611 0.146395 -71.9753
4385 -12.5467 0.146395 -71.2298
4386 8.8598 0.152295 -71.9204
4387 8.8173 0.146395 -71.577
4388 8.7749 0.152295 -71.2336
4389 -2.4526 0.152295 -71.6289
4390 -12.4929 0.152295 -70.8861
4391 8.4991 0.152295 -61.8417
4392 1.3766 0.152295 -62.2857
4393 1.3437 0.146395 -62.624
4394 8.5355 0.146395 -62.1829
4395 -4.0483 0.149195 -61.7901
4396 -4.1565 0.143195 -62.1089
4397 -4.2649 0.148995 -62.428
4398 1.3108 0.152295 -62.9625
4399 8.5718 0.152295 -62.5243
4400 16.6691 0.152295 -60.0431
4401 16.7637 0.146395 -60.3752
4402 16.8584 0.152295 -60.7076
4403 -10.5195 0.370996 -54.961
4404 -10.4464 1.2969 -50.8331
4405 -10.7835 1.2905 -50.814
4406 -10.8513 0.365196 -55.0289
4407 -8.8728 2.67 -45.486
4408 -9.1952 2.6631 -45.3823
4409 -9.518 2.668 -45.2786
4410 -11.121 1.296 -50.7949
4411 -11.1833 0.371196 -55.0969
4412 -4.9535 4.2944 -39.1917
4413 -5.2443 4.2874 -39.0145
4414 -0.2463 5.6069 -33.4307
4415 -0.4876 5.6002 -33.1921
4416 -0.7291 5.6054 -32.9533
4417 -5.5355 4.2924 -38.8373
4418 -19.6047 0.152295 -70.2029
4419 -19.5161 0.146395 -69.8649
4420 -19.4275 0.152295 -69.5269
4421 -7.1253 0.139595 -60.7702
4422 -7.3103 0.133495 -61.0483
4423 -8.7799 0.120396 -59.336
4424 -9.0332 0.114296 -59.5562
4425 -9.2867 0.120195 -59.7765
4426 -7.4955 0.139395 -61.3266
4427 -9.9376 0.088196 -57.5974
4428 -10.2407 0.082296 -57.7463
4429 -10.5439 0.088396 -57.8953
4430 -60.3032 0.152297 -41.3284
4431 -60.0194 0.146397 -41.1313
4432 -59.7354 0.152297 -40.9343
4433 19.4602 0.152295 -69.8431
4434 19.3656 0.146395 -69.5108
4435 19.2709 0.152295 -69.1784
4436 9.0219 6.0465 26.7754
4437 5.1387 6.0457 29.0948
4438 4.9468 6.0388 28.8206
4439 8.9099 6.0393 26.4621
4440 4.7547 6.0437 28.5463
4441 8.7978 6.044 26.1486
4442 -27.3988 6.0447 -13.422
4443 -27.1826 6.0381 -13.166
4444 -24.3404 6.0448 -16.3711
4445 -24.0668 6.0383 -16.1812
4446 -23.7931 6.0436 -15.9912
4447 -26.9664 6.0434 -12.9099
4448 -22.6479 6.0447 -20.2679
4449 -22.3325 6.0381 -20.155
4450 -22.0168 6.0434 -20.0421
4451 13.4954 6.0457 26.1073
4452 13.47 6.0388 25.7736
4453 13.4446 6.0437 25.4397
4454 7.4699 6.0448 -27.743
4455 11.7047 6.0447 -27.4012
4456 11.6998 6.0381 -27.0662
4457 7.3787 6.0383 -27.4227
4458 11.695 6.0434 -26.731
4459 7.2874 6.0436 -27.1022
4460 3.6905 6.0447 -29.6837
4461 3.5181 6.0381 -29.3964
4462 3.3456 6.0434 -29.109
4463 -68.9801 0.265502 24.7841
4464 -64.5788 0.265503 35.1172
4465 -71.9809 0.265501 14.9786
4466 -71.9492 0.205901 14.9717
4467 -68.9497 0.205902 24.7731
4468 -64.5502 0.205903 35.1019
4469 -57.7684 0.265402 24.5729
4470 -59.2726 0.262201 19.3917
4471 -54.8732 0.265402 30.9099
4472 -54.9003 0.205902 30.9238
4473 -57.7978 0.205902 24.5811
4474 -59.303 0.202701 19.3932
4475 -50.5239 0.265403 37.554
4476 -45.3882 0.265403 43.6109
4477 -45.4092 0.205903 43.633
4478 -50.5483 0.205903 37.5723
4479 -51.5629 1.4095 9.6817
4480 -46.0685 2.7821 9.2157
4481 -55.3771 0.484101 11.0886
4482 -55.3924 0.424601 11.0638
4483 -51.5704 1.3502 9.6537
4484 -46.0682 2.723 9.1862
4485 -38.8317 4.4065 10.576
4486 -31.8162 5.7192 12.823
4487 -38.8249 4.3474 10.5469
4488 -31.8031 5.6599 12.7959
4489 -73.2699 0.265501 7.7295
4490 -73.5507 0.2655 1.7551
4491 -73.5183 0.2059 1.7544
4492 -73.2377 0.205901 7.7258
4493 -59.4487 0.252601 16.215
4494 -58.7359 0.233301 14.2118
4495 -59.4783 0.193101 16.2088
4496 -58.7626 0.173901 14.198
4497 -57.5734 0.201301 12.5508
4498 -57.5952 0.141801 12.5308
4499 -26.9859 6.1568 15.017
4500 -23.9283 6.1567 17.6926
4501 -26.966 6.0974 14.9932
4502 -23.9028 6.0973 17.6736
4503 23.7299 0.265505 67.9177
4504 35.338 0.265505 62.7978
4505 11.5068 0.265505 71.3172
4506 11.5009 0.205905 71.2853
4507 23.719 0.205905 67.8872
4508 35.3223 0.205905 62.7694
4509 -0.1303 0.265505 72.5671
4510 -10.0277 0.265505 72.3575
4511 -10.0245 0.205905 72.3253
4512 -0.1314 0.205905 72.5347
4513 -17.0317 0.265505 71.3788
4514 -22.6245 0.265505 69.8196
4515 -22.6149 0.205905 69.7887
4516 -17.025 0.205905 71.3471
4517 -43.5201 0.265504 58.8766
4518 -34.946 0.265505 64.5471
4519 -52.1782 0.265504 51.7223
4520 -52.1555 0.205904 51.6993
4521 -43.5009 0.205904 58.8505
4522 -34.9304 0.205905 64.5187
4523 3.1769 0.265405 61.8524
4524 -2.0067 0.262105 61.6389
4525 10.5147 0.265405 60.8087
4526 10.5198 0.205905 60.8387
4527 3.1761 0.205905 61.8828
4528 -2.0149 0.202705 61.668
4529 -40.1341 0.265404 48.1863
4530 -35.5933 0.262204 51.0997
4531 -35.6034 0.202704 51.1285
4532 -40.1504 0.205904 48.2122
4533 -24.0938 1.4095 46.4644
4534 -26.5258 0.484104 49.7222
4535 -22.0869 2.7821 41.3285
4536 -22.0585 2.723 41.3367
4537 -24.0691 1.3502 46.4796
4538 -26.5064 0.424604 49.7438
4539 -2.7493 4.4065 39.5527
4540 1.4989 5.7197 33.4095
4541 -6.216 2.7789 45.9236
4542 -6.2439 2.7196 45.913
4543 -2.7749 4.3472 39.5374
4544 1.477 5.6604 33.3894
4545 -21.3363 4.4065 34.0034
4546 -21.4988 5.7192 26.6386
4547 -21.4692 5.6599 26.6338
4548 -21.3065 4.3474 34.0051
4549 -7.6458 1.3966 50.7251
4550 -7.8643 0.464804 54.346
4551 -7.894 0.405304 54.3472
4552 -7.6752 1.3373 50.7198
4553 -28.2884 0.265505 67.8686
4554 -28.2759 0.205905 67.8387
4555 -7.697 0.188304 57.1751
4556 -6.8865 0.229904 59.2939
4557 -6.9116 0.170504 59.3122
4558 -7.7258 0.128804 57.1848
4559 -5.1754 0.252405 60.7839
4560 -5.1927 0.193005 60.8088
4561 -32.5974 0.252604 52.1706
4562 -30.4742 0.233304 52.056
4563 -30.4686 0.173904 52.0855
4564 -32.5998 0.193104 52.2007
4565 -28.5515 0.201304 51.4129
4566 -28.5385 0.141804 51.4395
4567 -59.088 0.265503 43.9496
4568 -59.062 0.205903 43.9302
4569 -22.231 6.1568 21.3841
4570 -22.2025 6.0974 21.3718
4571 -69.9728 0.265498 -21.4512
4572 -72.5502 0.265499 -11.5242
4573 -65.9168 0.265498 -32.076
4574 -65.8877 0.205898 -32.0619
4575 -69.9419 0.205898 -21.4414
4576 -72.5183 0.205899 -11.5185
4577 -58.7645 0.265398 -21.7174
4578 -56.057 0.265398 -28.2676
4579 -60.0438 0.262199 -16.478
4580 -60.0743 0.202699 -16.4782
4581 -58.7942 0.205898 -21.7244
4582 -56.0846 0.205898 -28.2805
4583 -51.9238 1.4095 -7.1089
4584 -55.7949 0.484099 -8.3506
4585 -46.4153 2.7821 -6.879
4586 -46.4137 2.723 -6.8495
4587 -51.9301 1.3502 -7.0806
4588 -55.8091 0.424599 -8.3252
4589 -39.246 4.4065 -8.5477
4590 -32.3235 5.7194 -11.1206
4591 -32.3094 5.6601 -11.0942
4592 -39.238 4.3473 -8.519
4593 -73.5269 0.2655 -4.2257
4594 -73.4945 0.2059 -4.2235
4595 -60.083 0.252599 -13.2973
4596 -59.2848 0.233299 -11.3265
4597 -59.3109 0.173899 -11.3116
4598 -60.1123 0.193099 -13.2898
4599 -58.0521 0.201299 -9.717
4600 -58.0729 0.141799 -9.6961
4601 -45.0657 0.265496 -57.3415
4602 -53.5999 0.265496 -49.8244
4603 -36.7306 0.265495 -63.204
4604 -36.7142 0.205895 -63.1761
4605 -45.0458 0.205896 -57.316
4606 -53.5764 0.205896 -49.802
4607 -41.3935 0.265396 -46.7486
4608 -36.9329 0.262196 -49.7802
4609 -46.5824 0.265397 -41.9204
4610 -46.6041 0.205897 -41.9417
4611 -41.4105 0.205896 -46.7739
4612 -36.9438 0.202696 -49.8087
4613 -51.7333 0.265397 -35.381
4614 -51.7584 0.205897 -35.3984
4615 -25.3149 1.4095 -45.4516
4616 -23.1721 2.7821 -40.3717
4617 -27.8325 0.484096 -48.6436
4618 -27.8137 0.424596 -48.6658
4619 -25.2906 1.3502 -45.4674
4620 -23.144 2.723 -40.3806
4621 -22.227 4.4065 -33.0718
4622 -22.2151 5.7194 -25.6866
4623 -22.1972 4.3473 -33.0743
4624 -22.1854 5.6601 -25.6826
4625 -30.4229 0.265495 -66.5964
4626 -25.087 0.265495 -68.6364
4627 -25.0761 0.205895 -68.6059
4628 -30.4094 0.205895 -66.567
4629 -33.9669 0.252596 -50.9298
4630 -31.8415 0.233296 -50.8717
4631 -33.9702 0.193096 -50.9599
4632 -31.8367 0.173896 -50.9013
4633 -29.9024 0.201296 -50.28
4634 -29.8901 0.141796 -50.3068
4635 20.1458 0.265404 57.8921
4636 29.4432 0.265404 54.0419
4637 29.4583 0.205904 54.0683
4638 20.1561 0.205904 57.9209
4639 68.0834 0.265498 -24.215
4640 64.1878 0.265497 -33.7005
4641 71.2304 0.265499 -13.4334
4642 71.1986 0.205899 -13.4271
4643 68.0529 0.205898 -24.2042
4644 64.1589 0.205897 -33.6858
4645 59.2788 0.265399 -17.2705
4646 61.0572 0.265399 -10.5342
4647 57.1573 0.262198 -22.231
4648 57.1819 0.202698 -22.2492
4649 59.3067 0.205899 -17.2827
4650 61.0869 0.205899 -10.5407
4651 61.9057 0.2654 -2.6386
4652 61.7738 0.2654 5.3014
4653 61.9362 0.2059 -2.64
4654 61.804 0.2059 5.3051
4655 45.0392 1.4095 -24.8527
4656 48.8809 0.484098 -26.1828
4657 40.4946 2.7821 -21.7299
4658 40.4757 2.723 -21.7525
4659 45.0273 1.3502 -24.8791
4660 48.877 0.424598 -26.2116
4661 35.7603 4.4065 -16.09
4662 31.7593 5.7192 -9.9047
4663 31.732 5.6599 -9.9173
4664 35.7366 4.3474 -16.1081
4665 60.589 0.265497 -40.1239
4666 57.0187 0.265497 -44.9223
4667 60.5618 0.205897 -40.1063
4668 56.9932 0.205897 -44.9023
4669 55.2797 0.252598 -24.7994
4670 53.4585 0.233298 -25.8968
4671 53.4704 0.173898 -25.9243
4672 55.2986 0.193098 -24.8229
4673 51.5064 0.201298 -26.4443
4674 51.5106 0.141798 -26.4736
4675 29.4146 6.1568 -5.1456
4676 28.7462 6.1567 -1.138
4677 28.7144 6.0973 -1.1366
4678 29.3842 6.0974 -5.1515
4679 45.13 0.265504 56.3869
4680 52.6515 0.265504 49.9502
4681 45.1104 0.205904 56.3612
4682 52.6285 0.205904 49.9273
4683 57.4476 0.265503 44.7531
4684 60.7844 0.265503 40.0016
4685 57.4224 0.205903 44.7328
4686 60.7574 0.205903 39.9838
4687 70.0069 0.265501 18.2917
4688 72.1673 0.265501 7.2699
4689 66.9709 0.265502 28.1127
4690 66.9408 0.205902 28.1006
4691 69.9755 0.205901 18.2836
4692 72.135 0.205901 7.2665
4693 35.7796 0.265404 50.1972
4694 39.6531 0.262104 46.7459
4695 39.6779 0.202704 46.7632
4696 35.7996 0.205904 50.2202
4697 60.6111 0.265401 12.1708
4698 58.9463 0.262201 17.3026
4699 60.64 0.205901 12.1805
4700 58.9724 0.202701 17.3185
4701 47.1145 1.4095 21.0081
4702 42.3064 2.7821 18.3085
4703 51.0606 0.484102 21.9857
4704 51.0593 0.424602 22.0148
4705 47.105 1.3502 21.0355
4706 42.2896 2.723 18.3328
4707 26.2257 4.4065 29.1944
4708 32.9456 2.7789 31.9237
4709 19.0457 5.7197 27.1367
4710 19.0499 5.6604 27.1073
4711 26.2357 4.3472 29.1664
4712 32.9604 2.7196 31.8978
4713 37.0821 4.4065 13.1193
4714 32.5388 5.7192 7.3207
4715 37.0601 4.3474 13.1395
4716 32.5128 5.6599 7.3357
4717 37.0953 1.3966 34.7305
4718 39.5597 0.464803 37.3923
4719 37.1146 1.3373 34.7078
4720 39.5835 0.405303 37.3744
4721 63.9278 0.265503 34.9021
4722 63.8992 0.205903 34.8869
4723 41.2239 0.188303 39.6863
4724 41.9403 0.229903 41.8387
4725 41.2524 0.128803 39.6756
4726 41.9714 0.170503 41.8369
4727 41.5617 0.252403 44.0758
4728 41.5909 0.193003 44.0841
4729 57.3083 0.252602 20.0301
4730 55.5937 0.233302 21.2875
4731 57.3293 0.193102 20.0518
4732 55.608 0.173902 21.3138
4733 53.699 0.201302 22.0091
4734 53.7058 0.141802 22.0378
4735 72.5834 0.2655 -3.1218
4736 72.551 0.2059 -3.1203
4737 29.7739 6.1568 2.7928
4738 29.7441 6.0974 2.8014
4739 39.5397 0.265495 -60.6009
4740 29.6672 0.265495 -66.2465
4741 47.8264 0.265496 -54.5578
4742 47.8052 0.205896 -54.5332
4743 39.522 0.205895 -60.5738
4744 29.6536 0.205895 -66.217
4745 30.7028 0.265396 -53.7012
4746 35.0138 0.262196 -50.4603
4747 24.4564 0.265396 -57.0505
4748 24.4696 0.205896 -57.0779
4749 30.7213 0.205896 -53.7255
4750 35.0372 0.202696 -50.4798
4751 34.6737 1.4095 -38.0667
4752 30.5594 2.7821 -34.3967
4753 36.8803 0.484097 -41.4812
4754 36.9074 0.424597 -41.4705
4755 34.6965 1.3502 -38.0488
4756 30.5769 2.723 -34.373
4757 23.957 4.4065 -31.1423
4758 16.9723 5.7194 -28.7434
4759 23.969 4.3473 -31.115
4760 16.9781 5.6601 -28.714
4761 53.2086 0.265496 -49.5325
4762 53.185 0.205896 -49.5103
4763 37.0605 0.252596 -48.0253
4764 37.6927 0.233297 -45.9951
4765 37.0879 0.193096 -48.0381
4766 37.7223 0.173897 -46.0001
4767 37.7596 0.201297 -43.9689
4768 37.789 0.141797 -43.966
4769 -2.4756 0.265495 -72.5671
4770 -12.6383 0.265495 -71.8168
4771 8.89 0.265495 -72.1639
4772 8.886 0.205895 -72.1318
4773 -2.4749 0.205895 -72.5347
4774 -12.6334 0.205895 -71.7848
4775 1.3999 0.265395 -62.0468
4776 8.4737 0.265395 -61.6024
4777 -3.9717 0.262195 -61.5635
4778 -3.9814 0.202695 -61.5925
4779 1.397 0.205895 -62.0772
4780 8.4769 0.205895 -61.6327
4781 16.6029 0.265395 -59.8106
4782 16.6113 0.205895 -59.84
4783 -10.2125 1.4095 -50.8506
4784 -10.289 0.484096 -54.9153
4785 -8.6492 2.7821 -45.5636
4786 -8.6766 2.723 -45.5526
4787 -10.2413 1.3502 -50.8474
4788 -10.3177 0.424596 -54.9205
4789 -4.7522 4.4065 -39.3188
4790 -0.0795 5.7194 -33.5999
4791 -0.0999 5.6601 -33.578
4792 -4.7768 4.3473 -39.3019
4793 -19.6671 0.265495 -70.4415
4794 -19.6589 0.205895 -70.4102
4795 -6.9943 0.252595 -60.5723
4796 -8.6012 0.233296 -59.1799
4797 -8.6237 0.173896 -59.1997
4798 -7.0108 0.193095 -60.5976
4799 -9.7257 0.201296 -57.4929
4800 -9.7522 0.141796 -57.506
4801 -60.5047 0.265497 -41.4682
4802 -60.4781 0.205897 -41.4497
4803 19.5274 0.265495 -70.079
4804 19.5185 0.205895 -70.0478
4805 5.2733 6.1589 29.2912
4806 9.1027 6.1599 27.0016
4807 5.2565 6.0994 29.2659
4808 9.0923 6.1004 26.9723
4809 -27.5551 6.1575 -13.603
4810 -24.5387 6.1579 -16.5086
4811 -24.5127 6.0984 -16.4906
4812 -27.5345 6.0981 -13.5801
4813 -22.8722 6.1575 -20.351
4814 -22.8435 6.0981 -20.3397
4815 13.5158 6.1589 26.3446
4816 13.5128 6.0994 26.3143
4817 11.7108 6.1575 -27.6402
4818 7.536 6.1579 -27.975
4819 11.7094 6.0981 -27.6095
4820 7.5273 6.0984 -27.9447
4821 3.8112 6.1575 -29.8901
4822 3.7962 6.0981 -29.8632
4823 -67.8654 0.265502 24.3827
4824 -70.8198 0.265501 14.7241
4825 -63.5346 0.265503 34.5593
4826 -63.5634 0.205903 34.5747
4827 -67.8961 0.205902 24.3938
4828 -70.8517 0.205901 14.7311
4829 -58.89 0.265502 24.8866
4830 -55.9167 0.265502 31.4444
4831 -60.428 0.262201 19.4432
4832 -60.3952 0.202701 19.4417
4833 -58.8585 0.205902 24.8779
4834 -55.8877 0.205902 31.4296
4835 -51.4686 0.265503 38.2595
4836 -46.197 0.265503 44.4597
4837 -51.4425 0.205903 38.24
4838 -46.1746 0.205903 44.4361
4839 -51.9137 1.4095 8.5865
4840 -56.0016 0.484301 10.1198
4841 -46.1318 2.782 8.0608
4842 -46.1306 2.7221 8.093
4843 -51.9044 1.3499 8.6169
4844 -55.9844 0.424801 10.1466
4845 -38.6275 4.4063 9.431
4846 -31.3574 5.7191 11.7601
4847 -31.3703 5.6593 11.7895
4848 -38.6334 4.3465 9.4628
4849 -72.0852 0.265501 7.5958
4850 -72.3587 0.2655 1.7295
4851 -72.1176 0.205901 7.5995
4852 -72.3913 0.2059 1.7302
4853 -60.57 0.252601 15.9711
4854 -59.7556 0.233401 13.6782
4855 -59.7267 0.173801 13.6932
4856 -60.5381 0.193001 15.978
4857 -58.4242 0.201501 11.7724
4858 -58.4004 0.141901 11.794
4859 -26.2782 6.1567 14.1109
4860 -23.0071 6.1568 17.0047
4861 -23.0339 6.0971 17.0248
4862 -26.2987 6.097 14.1365
4863 23.3324 0.265505 66.8059
4864 11.291 0.265505 70.1546
4865 34.7678 0.265505 61.7618
4866 34.7836 0.205905 61.7904
4867 23.3434 0.205905 66.8366
4868 11.2969 0.205905 70.1867
4869 -0.1694 0.265505 71.3836
4870 -9.9088 0.265505 71.1753
4871 -0.1683 0.205905 71.4162
4872 -9.912 0.205905 71.2078
4873 -16.787 0.265505 70.2123
4874 -22.2713 0.265505 68.6813
4875 -16.7937 0.205905 70.2442
4876 -22.281 0.205905 68.7124
4877 -42.8188 0.265504 57.9217
4878 -51.3468 0.265504 50.8796
4879 -34.3736 0.265505 63.5057
4880 -34.3894 0.205905 63.5343
4881 -42.8381 0.205904 57.948
4882 -51.3697 0.205904 50.9028
4883 3.1359 0.265505 63.0166
4884 10.7098 0.265505 61.9637
4885 -2.3227 0.262205 62.7365
4886 -2.3135 0.202605 62.7053
4887 3.1372 0.205905 62.9839
4888 10.7044 0.205905 61.9316
4889 -40.7534 0.265504 49.1726
4890 -35.9707 0.262204 52.1929
4891 -40.7361 0.205904 49.1449
4892 -35.96 0.202704 52.1619
4893 -23.1433 1.4095 47.1118
4894 -20.9975 2.782 41.7172
4895 -25.7743 0.484304 50.5961
4896 -25.795 0.424804 50.5721
4897 -23.1698 1.3499 47.0942
4898 -21.028 2.7221 41.7069
4899 -3.7743 4.4064 38.992
4900 -7.3326 2.7788 45.5692
4901 0.6227 5.7191 32.6489
4902 0.6469 5.6594 32.6702
4903 -3.7461 4.3466 39.0077
4904 -7.3019 2.719 45.5794
4905 -20.1805 4.4063 34.1327
4906 -20.3494 5.7191 26.5005
4907 -20.2126 4.3465 34.1294
4908 -20.3813 5.6593 26.5045
4909 -8.811 1.3966 50.5742
4910 -9.0222 0.464804 54.4252
4911 -8.779 1.3369 50.5786
4912 -8.9902 0.405204 54.4228
4913 -27.829 0.265505 66.769
4914 -27.8416 0.205905 66.7991
4915 -8.7794 0.188404 57.5406
4916 -7.8019 0.230005 59.9546
4917 -8.7483 0.128804 57.5295
4918 -7.7746 0.170405 59.9347
4919 -5.8091 0.252505 61.7012
4920 -5.7902 0.192905 61.6744
4921 -32.6818 0.252604 53.315
4922 -30.2521 0.233404 53.1852
4923 -32.6794 0.193004 53.2825
4924 -30.2583 0.173804 53.1533
4925 -28.0467 0.201504 52.4497
4926 -28.0607 0.141904 52.4208
4927 -58.1403 0.265503 43.2419
4928 -58.1664 0.205903 43.2614
4929 -21.1612 6.1567 20.9629
4930 -21.1916 6.097 20.9752
4931 -68.8429 0.265498 -21.0958
4932 -64.8525 0.265498 -31.5589
4933 -71.3796 0.265499 -11.3192
4934 -71.4118 0.205899 -11.3249
4935 -68.874 0.205898 -21.1056
4936 -64.8819 0.205898 -31.5732
4937 -59.8974 0.265498 -21.9849
4938 -61.2001 0.262199 -16.4804
4939 -57.1196 0.265498 -28.7615
4940 -57.0901 0.205898 -28.7478
4941 -59.8656 0.205898 -21.9775
4942 -61.1673 0.202699 -16.4803
4943 -52.2272 1.4095 -5.9996
4944 -46.4281 2.782 -5.7228
4945 -56.3772 0.484299 -7.3558
4946 -56.3612 0.424799 -7.3833
4947 -52.2192 1.3499 -6.0304
4948 -46.4282 2.7221 -5.755
4949 -38.9897 4.4063 -7.4142
4950 -31.8153 5.7191 -10.0798
4951 -38.997 4.3465 -7.4456
4952 -31.8296 5.6593 -10.1086
4953 -72.3375 0.2655 -4.1431
4954 -72.3701 0.2059 -4.1454
4955 -61.1928 0.252599 -13.0054
4956 -60.2807 0.233399 -10.7496
4957 -61.1613 0.192999 -13.0136
4958 -60.2524 0.173799 -10.7658
4959 -58.8686 0.201499 -8.9028
4960 -58.8457 0.141899 -8.9254
4961 -44.3376 0.265496 -56.4074
4962 -36.128 0.265495 -62.1795
4963 -52.743 0.265496 -49.0083
4964 -52.7667 0.205896 -49.0308
4965 -44.3576 0.205896 -56.4331
4966 -36.1446 0.205895 -62.2076
4967 -42.0405 0.265496 -47.7163
4968 -47.4168 0.265497 -42.743
4969 -37.3397 0.262196 -50.8626
4970 -37.3282 0.202696 -50.8318
4971 -42.0224 0.205896 -47.6891
4972 -47.3937 0.205897 -42.7201
4973 -52.7013 0.265497 -36.0528
4974 -52.6745 0.205897 -36.0342
4975 -24.3818 1.4095 -46.124
4976 -27.1044 0.484296 -49.5371
4977 -22.0935 2.782 -40.7883
4978 -22.1237 2.7221 -40.7771
4979 -24.4079 1.3499 -46.1057
4980 -27.1246 0.424796 -49.5125
4981 -21.0753 4.4063 -33.2282
4982 -21.0622 5.7191 -25.5747
4983 -21.0942 5.6593 -25.578
4984 -21.1074 4.3465 -33.2241
4985 -29.9253 0.265495 -65.5126
4986 -24.6855 0.265495 -67.5133
4987 -29.9389 0.205895 -65.5423
4988 -24.6965 0.205895 -67.544
4989 -34.0818 0.252596 -52.0716
4990 -31.6495 0.233396 -52.0064
4991 -31.6548 0.173796 -51.9743
4992 -34.0785 0.192996 -52.0392
4993 -29.4253 0.201496 -51.3298
4994 -29.4385 0.141896 -51.3004
4995 20.542 0.265504 59.0004
4996 30.0246 0.265504 55.0588
4997 20.5311 0.205904 58.9697
4998 30.0084 0.205904 55.0306
4999 66.9669 0.265498 -23.8187
5000 70.0692 0.265499 -13.2029
5001 63.1286 0.265498 -33.1613
5002 63.1577 0.205897 -33.1761
5003 66.9976 0.205898 -23.8296
5004 70.1012 0.205899 -13.2092
5005 60.3451 0.265499 -17.7389
5006 58.0835 0.262198 -22.9237
5007 62.203 0.265499 -10.7824
5008 62.1712 0.205899 -10.7754
5009 60.3152 0.205899 -17.7256
5010 58.0573 0.202698 -22.904
5011 63.0835 0.2655 -2.6919
5012 62.9374 0.2655 5.4451
5013 62.9051 0.2059 5.441
5014 63.051 0.2059 -2.6904
5015 44.6162 1.4095 -25.9221
5016 39.8114 2.782 -22.6632
5017 48.7497 0.484298 -27.3279
5018 48.7534 0.424798 -27.2963
5019 44.6283 1.3499 -25.8927
5020 39.8309 2.7221 -22.6375
5021 34.8766 4.4063 -16.846
5022 30.7307 5.7191 -10.4358
5023 34.9012 4.3465 -16.8252
5024 30.7593 5.6593 -10.4213
5025 59.5881 0.265497 -39.4762
5026 56.0805 0.265497 -44.1864
5027 56.1062 0.205897 -44.2065
5028 59.6155 0.205897 -39.4939
5029 55.9922 0.252598 -25.6989
5030 53.9088 0.233398 -26.9559
5031 55.9719 0.192998 -25.6734
5032 53.896 0.173798 -26.926
5033 51.6709 0.201498 -27.5857
5034 51.6662 0.141898 -27.5538
5035 28.2929 6.1567 -5.3978
5036 27.5977 6.1568 -1.0861
5037 28.325 6.097 -5.391
5038 27.6312 6.0971 -1.0876
5039 44.41 0.265504 55.4468
5040 51.8101 0.265504 49.1114
5041 51.8332 0.205904 49.1344
5042 44.4299 0.205904 55.4727
5043 56.5189 0.265503 44.0061
5044 59.7896 0.265503 39.3452
5045 59.8168 0.205903 39.3631
5046 56.5443 0.205903 44.0265
5047 68.8592 0.265501 17.9978
5048 65.868 0.265502 27.6702
5049 70.99 0.265501 7.1452
5050 71.0225 0.205901 7.1486
5051 68.8908 0.205901 18.0059
5052 65.8983 0.205902 27.6823
5053 36.5494 0.265504 51.0715
5054 40.5934 0.262204 47.3944
5055 36.5278 0.205904 51.0471
5056 40.5664 0.202604 47.3761
5057 61.7153 0.265501 12.541
5058 59.9313 0.262201 17.9088
5059 59.9034 0.202701 17.8916
5060 61.6844 0.205901 12.5305
5061 46.7898 1.4095 22.1113
5062 51.0334 0.484302 23.138
5063 41.7104 2.782 19.2997
5064 41.7274 2.7221 19.2723
5065 46.7992 1.3499 22.0809
5066 51.0342 0.424802 23.1063
5067 26.6629 4.4064 28.111
5068 19.2411 5.7191 25.993
5069 33.5845 2.7788 30.9417
5070 33.5671 2.719 30.9691
5071 26.651 4.3466 28.141
5072 19.2359 5.6594 26.0248
5073 36.2702 4.4063 13.9521
5074 31.5623 5.7191 7.9425
5075 31.5895 5.6593 7.9254
5076 36.2929 4.3465 13.9291
5077 37.9007 1.3966 33.8752
5078 40.5055 0.464803 36.7195
5079 40.4792 0.405203 36.7379
5080 37.8787 1.3369 33.8988
5081 62.8754 0.265503 34.3429
5082 62.9043 0.205903 34.3582
5083 42.2928 0.188403 39.2828
5084 43.0671 0.230003 41.7693
5085 43.0335 0.170403 41.7713
5086 42.2617 0.128803 39.2939
5087 42.6333 0.252503 44.3834
5088 42.6017 0.192903 44.3747
5089 58.0992 0.252602 20.8616
5090 56.1378 0.233402 22.3016
5091 56.1223 0.173802 22.273
5092 58.0767 0.193002 20.838
5093 53.966 0.201502 23.1309
5094 53.9584 0.141902 23.0997
5095 71.4018 0.2655 -3.0683
5096 71.4344 0.2059 -3.0698
5097 28.6795 6.1567 3.1453
5098 28.7108 6.097 3.1355
5099 38.8911 0.265496 -59.6098
5100 47.0509 0.265496 -53.6571
5101 29.1719 0.265495 -65.1718
5102 29.1856 0.205895 -65.2015
5103 38.909 0.205895 -59.6371
5104 47.0722 0.205896 -53.6819
5105 31.4094 0.265496 -54.6263
5106 24.9651 0.265496 -58.106
5107 35.9065 0.262196 -51.1951
5108 35.8811 0.202696 -51.1743
5109 31.3895 0.205896 -54.6004
5110 24.9509 0.205896 -58.0767
5111 35.6116 1.4095 -37.4012
5112 37.9613 0.484297 -41.081
5113 31.3023 2.782 -33.5107
5114 31.282 2.7221 -33.5357
5115 35.5859 1.3499 -37.4199
5116 37.9315 0.424797 -41.0921
5117 24.4774 4.4063 -30.1031
5118 17.2391 5.7191 -27.6163
5119 17.2319 5.6593 -27.6476
5120 24.4631 4.3465 -30.1321
5121 52.3411 0.265496 -48.7147
5122 52.3649 0.205896 -48.7371
5123 38.1039 0.252596 -48.5031
5124 38.8285 0.233397 -46.1803
5125 38.7964 0.173797 -46.175
5126 38.0742 0.192996 -48.4895
5127 38.9073 0.201497 -43.8568
5128 38.8753 0.141897 -43.8598
5129 -2.4466 0.265495 -71.383
5130 8.7447 0.265495 -70.9896
5131 -12.4548 0.265495 -70.6424
5132 -12.4599 0.205895 -70.6747
5133 -2.4474 0.205895 -71.4156
5134 8.7487 0.205895 -71.022
5135 1.2867 0.265495 -63.2054
5136 -4.3433 0.262195 -62.6585
5137 8.5975 0.265495 -62.7676
5138 8.5941 0.205895 -62.7352
5139 1.29 0.205895 -63.1729
5140 -4.3327 0.202695 -62.6274
5141 16.9257 0.265495 -60.9438
5142 16.9167 0.205895 -60.9124
5143 -11.3603 1.4095 -50.7791
5144 -9.7474 2.782 -45.2019
5145 -11.4186 0.484296 -55.1447
5146 -11.3874 0.424796 -55.1384
5147 -11.3286 1.3499 -50.7814
5148 -9.717 2.7221 -45.2125
5149 -5.742 4.4063 -38.7098
5150 -0.9001 5.7191 -32.7824
5151 -5.7147 4.3465 -38.7269
5152 -0.8775 5.6593 -32.8053
5153 -19.3649 0.265495 -69.2879
5154 -19.3732 0.205895 -69.3194
5155 -7.6293 0.252595 -61.5282
5156 -9.469 0.233395 -59.9357
5157 -7.6113 0.192995 -61.501
5158 -9.4446 0.173795 -59.9143
5159 -10.7601 0.201496 -58.0024
5160 -10.7314 0.141896 -57.9881
5161 -59.5336 0.265497 -40.7943
5162 -59.5604 0.205897 -40.8129
5163 19.2036 0.265495 -68.9422
5164 19.2126 0.205895 -68.9735
5165 4.6171 6.1567 28.3464
5166 8.7154 6.1568 25.9182
5167 8.7267 6.0972 25.9498
5168 4.6355 6.0971 28.3736
5169 -26.8085 6.1567 -12.7255
5170 -23.5921 6.1568 -15.8517
5171 -26.83 6.0971 -12.7503
5172 -23.6195 6.0972 -15.8708
5173 -21.7889 6.1567 -19.9586
5174 -21.8196 6.0971 -19.9701
5175 13.4244 6.1567 25.1979
5176 13.4273 6.0971 25.2306
5177 11.6897 6.1567 -26.4883
5178 7.2204 6.1568 -26.8669
5179 7.2295 6.0972 -26.8991
5180 11.6906 6.0971 -26.5211
5181 3.2222 6.1567 -28.8999
5182 3.2387 6.0971 -28.9282
5183 -68.8986 0.170202 24.7547
5184 -71.8962 0.170201 14.96
5185 -64.5024 0.170203 35.0764
5186 -67.9472 0.170202 24.4122
5187 -63.6114 0.170203 34.6004
5188 -70.9049 0.170201 14.7428
5189 -57.849 0.170202 24.5954
5190 -54.9475 0.170202 30.9479
5191 -59.3563 0.167001 19.3956
5192 -58.806 0.170102 24.8634
5193 -60.3406 0.166901 19.4394
5194 -55.8394 0.170202 31.405
5195 -50.5909 0.170203 37.6041
5196 -45.4458 0.170203 43.6713
5197 -51.3989 0.170203 38.2075
5198 -46.1373 0.170203 44.3968
5199 -51.5848 1.3147 9.6045
5200 -55.4198 0.388901 11.0204
5201 -46.0694 2.6878 9.1341
5202 -51.8888 1.3139 8.6676
5203 -46.1284 2.6859 8.1467
5204 -55.9558 0.389101 10.1911
5205 -38.8145 4.3122 10.4956
5206 -31.7815 5.6246 12.7483
5207 -38.6432 4.3103 9.5157
5208 -31.3919 5.6232 11.8386
5209 -73.1838 0.170201 7.7197
5210 -73.4642 0.1702 1.7533
5211 -72.1717 0.170201 7.6056
5212 -72.4455 0.1702 1.7314
5213 -59.53 0.157501 16.1977
5214 -58.8094 0.138201 14.1738
5215 -60.485 0.157201 15.9894
5216 -59.6786 0.138101 13.7182
5217 -57.6337 0.106001 12.4958
5218 -58.3606 0.106201 11.83
5219 -26.9322 6.0618 14.9515
5220 -23.8587 6.0617 17.6407
5221 -26.3328 6.0611 14.1793
5222 -23.0787 6.0613 17.0582
5223 23.7007 0.170205 67.8361
5224 11.4909 0.170205 71.232
5225 35.2962 0.170205 62.7218
5226 23.3617 0.170205 66.8878
5227 34.8098 0.170205 61.8381
5228 11.3069 0.170205 70.2402
5229 -0.1332 0.170205 72.4805
5230 -10.0191 0.170205 72.2713
5231 -0.1665 0.170205 71.4705
5232 -9.9174 0.170205 71.2619
5233 -17.0139 0.170205 71.294
5234 -22.5988 0.170205 69.737
5235 -16.8048 0.170205 70.2975
5236 -22.2971 0.170205 68.7642
5237 -43.4688 0.170204 58.8068
5238 -52.1174 0.170204 51.6607
5239 -34.9042 0.170205 64.4711
5240 -42.8703 0.170204 57.9918
5241 -34.4156 0.170205 63.582
5242 -51.4079 0.170204 50.9415
5243 3.1744 0.170205 61.9359
5244 10.5287 0.170205 60.8909
5245 -2.0294 0.167005 61.7188
5246 3.1392 0.170105 62.9295
5247 -2.2981 0.166805 62.6533
5248 10.6954 0.170205 61.8781
5249 -40.1786 0.170204 48.2572
5250 -35.6208 0.167004 51.1789
5251 -40.7073 0.170104 49.0987
5252 -35.9422 0.166904 52.1102
5253 -24.026 1.3147 46.5074
5254 -22.0089 2.6878 41.3526
5255 -26.4726 0.388904 49.7825
5256 -23.214 1.3139 47.065
5257 -25.8296 0.389104 50.532
5258 -21.0789 2.6859 41.6895
5259 -2.8202 4.3119 39.5114
5260 -6.2934 2.6843 45.8958
5261 1.438 5.625 33.3548
5262 -3.6991 4.3105 39.0338
5263 0.6871 5.6234 32.7056
5264 -7.2506 2.683 45.5963
5265 -21.2544 4.3122 34.0097
5266 -21.4174 5.6246 26.6265
5267 -20.2662 4.3103 34.1237
5268 -20.4344 5.6232 26.5113
5269 -7.7269 1.3018 50.7118
5270 -7.9461 0.369704 54.3505
5271 -8.7256 1.301 50.5859
5272 -8.9368 0.369404 54.4188
5273 -28.2549 0.170205 67.7886
5274 -27.8626 0.170205 66.8493
5275 -7.7764 0.093204 57.2026
5276 -6.956 0.134904 59.3445
5277 -8.6966 0.093004 57.511
5278 -7.7292 0.134605 59.9016
5279 -5.2233 0.157405 60.8524
5280 -5.7586 0.157105 61.6298
5281 -32.6039 0.157504 52.2535
5282 -30.4586 0.138204 52.1372
5283 -32.6753 0.157204 53.2283
5284 -30.2685 0.138104 53.1
5285 -28.5158 0.106004 51.4863
5286 -28.0839 0.106204 52.3724
5287 -59.0186 0.170203 43.8978
5288 -58.21 0.170203 43.2939
5289 -22.153 6.0618 21.3513
5290 -21.2423 6.0611 20.9958
5291 -69.8901 0.170198 -21.4251
5292 -65.8388 0.170198 -32.0381
5293 -72.4648 0.170199 -11.5091
5294 -68.9259 0.170198 -21.122
5295 -71.4654 0.170199 -11.3343
5296 -64.9308 0.170198 -31.5969
5297 -58.8459 0.170198 -21.7366
5298 -60.1276 0.166999 -16.4784
5299 -56.1327 0.170198 -28.3028
5300 -59.8126 0.170098 -21.9651
5301 -57.0409 0.170198 -28.725
5302 -61.1126 0.166899 -16.4803
5303 -51.9424 1.3147 -7.0307
5304 -46.4127 2.6878 -6.7974
5305 -55.8347 0.388899 -8.2806
5306 -52.2059 1.3139 -6.0817
5307 -56.3345 0.389099 -7.4291
5308 -46.4284 2.6859 -5.8087
5309 -39.2253 4.3121 -8.4683
5310 -32.2857 5.6248 -11.0476
5311 -39.0093 4.3103 -7.498
5312 -31.8533 5.6232 -10.1565
5313 -73.4404 0.1702 -4.2197
5314 -72.4243 0.1702 -4.1492
5315 -60.1635 0.157499 -13.2765
5316 -59.3566 0.138199 -11.2854
5317 -61.1087 0.157199 -13.0274
5318 -60.2054 0.138099 -10.7929
5319 -58.1099 0.105999 -9.6595
5320 -58.8076 0.106199 -8.9631
5321 -45.0124 0.170196 -57.2732
5322 -36.6866 0.170195 -63.1293
5323 -53.5371 0.170196 -49.7646
5324 -44.391 0.170196 -56.476
5325 -52.8061 0.170196 -49.0683
5326 -36.1722 0.170195 -62.2545
5327 -41.44 0.170196 -46.8181
5328 -46.6418 0.170197 -41.9789
5329 -36.9626 0.166996 -49.8586
5330 -41.9923 0.170096 -47.6437
5331 -37.309 0.166896 -50.7807
5332 -47.3551 0.170197 -42.682
5333 -51.802 0.170197 -35.4287
5334 -52.6298 0.170197 -36.0032
5335 -25.2482 1.3147 -45.4964
5336 -27.7809 0.388896 -48.7053
5337 -23.0948 2.6878 -40.3978
5338 -24.4513 1.3139 -46.0753
5339 -22.1741 2.6859 -40.7585
5340 -27.1581 0.389096 -49.4715
5341 -22.1452 4.3121 -33.0802
5342 -22.1335 5.6248 -25.6767
5343 -21.1607 4.3103 -33.2173
5344 -21.1474 5.6232 -25.5835
5345 -30.3867 0.170195 -66.5177
5346 -25.0579 0.170195 -68.5549
5347 -29.9616 0.170195 -65.5917
5348 -24.7148 0.170195 -67.5951
5349 -33.9757 0.157496 -51.0125
5350 -31.8281 0.138196 -50.9533
5351 -34.073 0.157196 -51.9851
5352 -31.6637 0.138096 -51.9208
5353 -29.8687 0.105996 -50.3543
5354 -29.4605 0.106196 -51.2515
5355 20.174 0.170204 57.9709
5356 29.4845 0.170204 54.1144
5357 20.5128 0.170204 58.9185
5358 29.9814 0.170204 54.9835
5359 68.0018 0.170198 -24.186
5360 71.1454 0.170199 -13.4165
5361 64.1105 0.170197 -33.6612
5362 67.0488 0.170198 -23.8478
5363 63.2062 0.170198 -33.2007
5364 70.1546 0.170199 -13.2198
5365 59.3554 0.170199 -17.3042
5366 57.2246 0.166998 -22.281
5367 61.1387 0.170199 -10.5519
5368 60.2654 0.170099 -17.7036
5369 62.1183 0.170199 -10.7639
5370 58.0135 0.166898 -22.8712
5371 61.9892 0.1702 -2.6424
5372 61.8566 0.1702 5.3116
5373 62.9967 0.1702 -2.688
5374 62.8513 0.1702 5.4343
5375 45.0072 1.3147 -24.9264
5376 40.4436 2.6878 -21.7936
5377 48.8707 0.388898 -26.2625
5378 44.6484 1.3139 -25.8436
5379 48.7595 0.389098 -27.2437
5380 39.8633 2.6859 -22.5946
5381 35.696 4.3122 -16.1412
5382 31.6851 5.6246 -9.9404
5383 34.9424 4.3103 -16.7905
5384 30.807 5.6232 -10.397
5385 60.5162 0.170197 -40.0769
5386 56.9506 0.170197 -44.8689
5387 59.6612 0.170197 -39.5235
5388 56.1489 0.170197 -44.24
5389 55.3316 0.157498 -24.8643
5390 53.4912 0.138198 -25.9727
5391 55.9381 0.157198 -25.6308
5392 53.8746 0.138098 -26.8761
5393 51.5181 0.105998 -26.5251
5394 51.6583 0.106198 -27.5008
5395 29.3316 6.0618 -5.1623
5396 28.6595 6.0617 -1.1341
5397 28.3785 6.0611 -5.3795
5398 27.687 6.0613 -1.0901
5399 45.0774 0.170204 56.3181
5400 52.5901 0.170204 49.889
5401 44.4629 0.170204 55.5159
5402 51.8717 0.170204 49.1728
5403 57.3801 0.170203 44.6987
5404 60.7122 0.170203 39.954
5405 56.5867 0.170203 44.0606
5406 59.8622 0.170203 39.393
5407 69.923 0.170201 18.2702
5408 66.8904 0.170202 28.0804
5409 72.0811 0.170201 7.2608
5410 68.9434 0.170201 18.0194
5411 71.0765 0.170201 7.1544
5412 65.9488 0.170202 27.7026
5413 35.8346 0.170204 50.2602
5414 39.7213 0.167004 46.7932
5415 36.4917 0.170104 51.0063
5416 40.5216 0.166804 47.3456
5417 60.6904 0.170201 12.1974
5418 59.0178 0.167001 17.3464
5419 61.6328 0.170101 12.513
5420 59.8568 0.166901 17.8629
5421 47.0893 1.3147 21.0843
5422 51.0577 0.388902 22.0661
5423 42.2614 2.6878 18.3766
5424 46.8148 1.3139 22.0303
5425 41.7558 2.6859 19.2267
5426 51.0356 0.389102 23.0533
5427 26.2543 4.3119 29.1175
5428 19.058 5.625 27.0558
5429 32.9878 2.6843 31.8531
5430 26.6312 4.3105 28.191
5431 33.5382 2.683 31.0147
5432 19.2272 5.6234 26.0777
5433 37.0227 4.3122 13.1761
5434 32.4682 5.6246 7.3629
5435 36.3308 4.3103 13.8908
5436 31.6349 5.6232 7.8969
5437 37.1496 1.3018 34.6689
5438 39.6258 0.369703 37.3439
5439 37.8422 1.301 33.9383
5440 40.4353 0.369403 36.7687
5441 63.8512 0.170203 34.8614
5442 62.9523 0.170203 34.3837
5443 41.3027 0.093203 39.6572
5444 42.0262 0.134903 41.8337
5445 42.2099 0.093003 39.3123
5446 42.9773 0.134603 41.7745
5447 41.6421 0.157403 44.0984
5448 42.549 0.157103 44.3603
5449 57.3659 0.157502 20.0901
5450 55.6331 0.138202 21.3602
5451 58.0392 0.157202 20.7987
5452 56.0965 0.138102 22.2253
5453 53.718 0.106002 22.0885
5454 53.9457 0.106202 23.0476
5455 72.4969 0.1702 -3.1179
5456 71.4887 0.1702 -3.0722
5457 29.6927 6.0618 2.8169
5458 28.7631 6.0611 3.1193
5459 39.4923 0.170195 -60.5284
5460 47.7698 0.170196 -54.492
5461 29.6309 0.170195 -66.1677
5462 38.9387 0.170196 -59.6826
5463 29.2084 0.170195 -65.2509
5464 47.1077 0.170196 -53.7231
5465 30.7536 0.170196 -53.7677
5466 24.4926 0.170196 -57.1256
5467 35.0783 0.166996 -50.5137
5468 31.3563 0.170096 -54.5572
5469 35.8389 0.166896 -51.1396
5470 24.9273 0.170196 -58.0279
5471 34.7376 1.3147 -38.0181
5472 36.9554 0.388897 -41.4523
5473 30.6091 2.6878 -34.332
5474 35.5431 1.3139 -37.4512
5475 31.2481 2.6859 -33.5774
5476 37.8819 0.389097 -41.1106
5477 23.9914 4.3121 -31.0677
5478 16.9893 5.6248 -28.663
5479 24.4394 4.3103 -30.1803
5480 17.2199 5.6232 -27.6998
5481 53.1455 0.170196 -49.473
5482 52.4044 0.170196 -48.7744
5483 37.136 0.157496 -48.0603
5484 37.7742 0.138197 -46.0088
5485 38.0249 0.157196 -48.4668
5486 38.7429 0.138097 -46.1661
5487 37.8408 0.105997 -43.961
5488 38.8219 0.106197 -43.8648
5489 -2.4736 0.170195 -72.4805
5490 8.8793 0.170195 -72.0779
5491 -12.625 0.170195 -71.7311
5492 -2.4487 0.170195 -71.47
5493 -12.4683 0.170195 -70.7284
5494 8.7553 0.170195 -71.076
5495 1.3918 0.170195 -62.1301
5496 -3.9984 0.166995 -61.643
5497 8.4825 0.170195 -61.6854
5498 1.2955 0.170095 -63.1187
5499 8.5884 0.170195 -62.6813
5500 -4.3151 0.166895 -62.5757
5501 16.6258 0.170195 -59.891
5502 16.9018 0.170195 -60.8602
5503 -10.2925 1.3147 -50.8429
5504 -8.7255 2.6878 -45.5347
5505 -10.3681 0.388896 -54.9303
5506 -11.2757 1.3139 -50.7854
5507 -11.3355 0.389096 -55.128
5508 -9.6662 2.6859 -45.23
5509 -4.8207 4.3121 -39.2735
5510 -0.1363 5.6248 -33.5405
5511 -5.6691 4.3103 -38.7554
5512 -0.8398 5.6232 -32.8433
5513 -19.6452 0.170195 -70.3576
5514 -19.387 0.170195 -69.3721
5515 -7.04 0.157495 -60.6418
5516 -8.6633 0.138196 -59.2345
5517 -7.5813 0.157195 -61.4557
5518 -9.4038 0.138095 -59.8785
5519 -9.7988 0.105996 -57.529
5520 -10.6834 0.106196 -57.9642
5521 -60.4335 0.170197 -41.4188
5522 -59.6051 0.170197 -40.8438
5523 19.5037 0.170195 -69.9956
5524 19.2275 0.170195 -69.0258
5525 5.2267 6.0639 29.2218
5526 9.074 6.0647 26.9211
5527 4.6662 6.0613 28.4187
5528 8.7455 6.0615 26.0022
5529 -27.4992 6.0626 -13.5399
5530 -24.4679 6.0628 -16.4595
5531 -26.8657 6.0612 -12.7915
5532 -23.6653 6.0614 -15.9025
5533 -22.7935 6.0626 -20.3208
5534 -21.8707 6.0612 -19.9892
5535 13.5078 6.0639 26.2614
5536 13.4322 6.0613 25.2849
5537 11.7076 6.0626 -27.556
5538 7.5124 6.0628 -27.8921
5539 11.6922 6.0612 -26.5756
5540 7.2448 6.0614 -26.9526
5541 3.7696 6.0626 -29.8168
5542 3.2661 6.0612 -28.9754
5543 22.519 9.7914 64.5304
5544 13.6963 12.5918 -0.394101
5545 12.8907 12.5918 -4.6165
5546 12.8907 19.5914 -4.6165
5547 13.6963 19.5914 -0.394102
5548 10.8198 12.5918 -8.3833
5549 10.8198 19.5914 -8.3833
5550 7.6862 12.5918 -11.3257
5551 7.6862 19.5914 -11.3257
5552 3.7968 12.5918 -13.1559
5553 3.7968 19.5914 -13.1559
5554 -0.4678 12.5918 -13.6945
5555 -0.4678 19.5914 -13.6945
5556 -4.6902 12.5918 -12.8889
5557 -4.6902 19.5914 -12.8889
5558 -8.457 12.5918 -10.818
5559 -8.457 19.5914 -10.818
5560 -11.3994 12.5918 -7.6845
5561 -11.3994 19.5914 -7.6845
5562 -13.2295 12.5918 -3.795
5563 -13.2295 19.5914 -3.795
5564 -13.7682 12.5918 0.469599
5565 -13.7682 19.5914 0.469599
5566 -12.9626 12.5918 4.6919
5567 -12.9626 19.5914 4.6919
5568 -10.8917 12.5918 8.4587
5569 -10.8917 19.5914 8.4587
5570 -7.7582 12.5918 11.4012
5571 -7.7582 19.5914 11.4012
5572 -3.8687 12.5918 13.2313
5573 -3.8687 19.5914 13.2313
5574 0.3959 12.5918 13.7699
5575 0.3959 19.5914 13.7699
5576 4.6183 12.5918 12.9644
5577 4.6183 19.5914 12.9644
5578 8.385 12.5918 10.8935
5579 8.385 19.5914 10.8935
5580 11.3275 12.5918 7.7599
5581 11.3275 19.5914 7.7599
5582 13.1576 12.5918 3.8705
5583 13.1576 19.5914 3.8705
5584 13.2865 19.9963 -0.381302
5585 12.505 19.9963 -4.4776
5586 11.0104 19.9963 -3.9395
5587 11.6988 19.9963 -0.331302
5588 10.4958 19.9963 -8.132
5589 9.2407 19.9963 -7.1583
5590 7.4558 19.9963 -10.9866
5591 6.563 19.9963 -9.6728
5592 3.6824 19.9963 -12.7622
5593 3.2393 19.9963 -11.2367
5594 -0.4549 19.9963 -13.2847
5595 -0.405 19.9963 -11.697
5596 -4.5513 19.9963 -12.5032
5597 -4.0132 19.9963 -11.0086
5598 -8.2057 19.9963 -10.4941
5599 -7.232 19.9963 -9.239
5600 -11.0603 19.9963 -7.4541
5601 -9.7465 19.9963 -6.5612
5602 -12.8358 19.9963 -3.6807
5603 -11.3104 19.9963 -3.2375
5604 -13.3584 19.9963 0.456698
5605 -11.7707 19.9963 0.406798
5606 -12.5769 19.9963 4.5531
5607 -11.0823 19.9963 4.0149
5608 -10.5678 19.9963 8.2074
5609 -9.3126 19.9963 7.2338
5610 -7.5277 19.9963 11.0621
5611 -6.6349 19.9963 9.7482
5612 -3.7543 19.9963 12.8376
5613 -3.3112 19.9963 11.3122
5614 0.383 19.9963 13.3602
5615 0.3331 19.9963 11.7724
5616 4.4794 19.9963 12.5786
5617 3.9413 19.9963 11.0841
5618 8.1337 19.9963 10.5695
5619 7.1601 19.9963 9.3144
5620 10.9884 19.9963 7.5295
5621 9.6746 19.9963 6.6366
5622 12.7639 19.9963 3.7561
5623 11.2385 19.9963 3.3129
5624 11.0288 20.3067 -0.310302
5625 10.3797 20.3067 -3.7124
5626 8.6361 22.5157 -3.0847
5627 9.1766 22.5157 -0.252002
5628 8.711 20.3067 -6.7475
5629 7.2468 22.5157 -5.6117
5630 6.1862 20.3067 -9.1184
5631 5.1446 22.5157 -7.5857
5632 3.0523 20.3067 -10.593
5633 2.5353 22.5157 -8.8135
5634 -0.3839 20.3067 -11.027
5635 -0.3257 22.5157 -9.1748
5636 -3.7861 20.3067 -10.3779
5637 -3.1583 22.5157 -8.6344
5638 -6.8212 20.3067 -8.7093
5639 -5.6854 22.5157 -7.2451
5640 -9.1921 20.3067 -6.1844
5641 -7.6594 22.5157 -5.1429
5642 -10.6667 20.3067 -3.0505
5643 -8.8871 22.5157 -2.5336
5644 -11.1007 20.3067 0.385698
5645 -9.2485 22.5157 0.327398
5646 -10.4516 20.3067 3.7879
5647 -8.7081 22.5157 3.1601
5648 -8.783 20.3067 6.8229
5649 -7.3188 22.5157 5.6871
5650 -6.2581 20.3067 9.1938
5651 -5.2166 22.5157 7.6611
5652 -3.1242 20.3067 10.6684
5653 -2.6072 22.5157 8.8889
5654 0.312 20.3067 11.1024
5655 0.2538 22.5157 9.2503
5656 3.7142 20.3067 10.4534
5657 3.0864 22.5157 8.7098
5658 6.7492 20.3067 8.7847
5659 5.6134 22.5157 7.3205
5660 9.1201 20.3067 6.2599
5661 7.5874 22.5157 5.2183
5662 10.5947 20.3067 3.1259
5663 8.8152 22.5157 2.609
5664 8.5066 22.8261 -0.230902
5665 8.0055 22.8261 -2.8576
5666 7.0832 22.8261 -2.5255
5667 7.5268 22.8261 -0.200102
5668 6.7172 22.8261 -5.2008
5669 5.9426 22.8261 -4.6
5670 4.7679 22.8261 -7.0313
5671 4.2169 22.8261 -6.2205
5672 2.3483 22.8261 -8.1697
5673 2.0749 22.8261 -7.2284
5674 -0.3046 22.8261 -8.5048
5675 -0.2738 22.8261 -7.525
5676 -2.9313 22.8261 -8.0037
5677 -2.5992 22.8261 -7.0814
5678 -5.2745 22.8261 -6.7154
5679 -4.6737 22.8261 -5.9409
5680 -7.1049 22.8261 -4.7661
5681 -6.2942 22.8261 -4.2151
5682 -8.2434 22.8261 -2.3466
5683 -7.3021 22.8261 -2.0731
5684 -8.5785 22.8261 0.306398
5685 -7.5987 22.8261 0.275598
5686 -8.0774 22.8261 2.933
5687 -7.1551 22.8261 2.6009
5688 -6.7891 22.8261 5.2762
5689 -6.0146 22.8261 4.6754
5690 -4.8398 22.8261 7.1067
5691 -4.2888 22.8261 6.2959
5692 -2.4202 22.8261 8.2452
5693 -2.1468 22.8261 7.3038
5694 0.2327 22.8261 8.5803
5695 0.2019 22.8261 7.6005
5696 2.8593 22.8261 8.0791
5697 2.5273 22.8261 7.1568
5698 5.2026 22.8261 6.7909
5699 4.6017 22.8261 6.0163
5700 7.033 22.8261 4.8415
5701 6.2222 22.8261 4.2906
5702 8.1715 22.8261 2.422
5703 7.2301 22.8261 2.1485
5704 7.117 23.231 -0.187202
5705 6.6974 23.231 -2.3866
5706 6.6974 23.7611 -2.3866
5707 7.117 23.7611 -0.187202
5708 5.6187 23.231 -4.3487
5709 5.6187 23.7611 -4.3487
5710 3.9865 23.231 -5.8814
5711 3.9865 23.7611 -5.8814
5712 1.9605 23.231 -6.8347
5713 1.9605 23.7611 -6.8347
5714 -0.2609 23.231 -7.1153
5715 -0.2609 23.7611 -7.1153
5716 -2.4603 23.231 -6.6957
5717 -2.4603 23.7611 -6.6957
5718 -4.4224 23.231 -5.6169
5719 -4.4224 23.7611 -5.6169
5720 -5.9551 23.231 -3.9847
5721 -5.9551 23.7611 -3.9847
5722 -6.9084 23.231 -1.9587
5723 -6.9084 23.7611 -1.9587
5724 -7.1889 23.231 0.262698
5725 -7.1889 23.7611 0.262698
5726 -6.7693 23.231 2.4621
5727 -6.7693 23.7611 2.4621
5728 -5.6906 23.231 4.4241
5729 -5.6906 23.7611 4.4241
5730 -4.0584 23.231 5.9568
5731 -4.0584 23.7611 5.9568
5732 -2.0324 23.231 6.9101
5733 -2.0324 23.7611 6.9101
5734 0.189 23.231 7.1907
5735 0.189 23.7611 7.1907
5736 2.3884 23.231 6.7711
5737 2.3884 23.7611 6.7711
5738 4.3505 23.231 5.6924
5739 4.3505 23.7611 5.6924
5740 5.8831 23.231 4.0601
5741 5.8831 23.7611 4.0601
5742 6.8364 23.231 2.0342
5743 6.8364 23.7611 2.0342
5744 6.7072 24.166 -0.174302
5745 6.3117 24.166 -2.2477
5746 5.6479 24.166 -2.0087
5747 6.0021 24.166 -0.152202
5748 5.2948 24.166 -4.0974
5749 4.7373 24.166 -3.665
5750 3.756 24.166 -5.5423
5751 3.3595 24.166 -4.9588
5752 1.8461 24.166 -6.441
5753 1.6493 24.166 -5.7635
5754 -0.248 24.166 -6.7055
5755 -0.2259 24.166 -6.0003
5756 -2.3214 24.166 -6.3099
5757 -2.0824 24.166 -5.6461
5758 -4.1711 24.166 -5.293
5759 -3.7387 24.166 -4.7356
5760 -5.616 24.166 -3.7543
5761 -5.0325 24.166 -3.3577
5762 -6.5147 24.166 -1.8444
5763 -5.8372 24.166 -1.6475
5764 -6.7792 24.166 0.249798
5765 -6.074 24.166 0.227598
5766 -6.3836 24.166 2.3232
5767 -5.7198 24.166 2.0842
5768 -5.3667 24.166 4.1728
5769 -4.8092 24.166 3.7404
5770 -3.8279 24.166 5.6177
5771 -3.4314 24.166 5.0342
5772 -1.918 24.166 6.5164
5773 -1.7212 24.166 5.8389
5774 0.1761 24.166 6.7809
5775 0.1539 24.166 6.0758
5776 2.2495 24.166 6.3853
5777 2.0105 24.166 5.7216
5778 4.0992 24.166 5.3684
5779 3.6667 24.166 4.811
5780 5.5441 24.166 3.8297
5781 4.9605 24.166 3.4332
5782 6.4427 24.166 1.9198
5783 5.7653 24.166 1.723
5784 5.5923 23.7611 -0.139302
5785 5.2621 23.7611 -1.8699
5786 5.2621 15.4427 -1.8699
5787 5.5923 15.4427 -0.139301
5788 4.4134 23.7611 -3.4137
5789 4.4134 15.4427 -3.4137
5790 3.1291 23.7611 -4.6197
5791 3.1291 15.4427 -4.6197
5792 1.5349 23.7611 -5.3698
5793 1.5349 15.4427 -5.3698
5794 -0.213 23.7611 -5.5906
5795 -0.213 15.4427 -5.5906
5796 -1.9435 23.7611 -5.2604
5797 -1.9435 15.4427 -5.2604
5798 -3.4874 23.7611 -4.4116
5799 -3.4874 15.4427 -4.4116
5800 -4.6934 23.7611 -3.1273
5801 -4.6934 15.4427 -3.1273
5802 -5.4435 23.7611 -1.5332
5803 -5.4435 15.4427 -1.5332
5804 -5.6642 23.7611 0.214698
5805 -5.6642 15.4427 0.214699
5806 -5.3341 23.7611 1.9453
5807 -5.3341 15.4427 1.9453
5808 -4.4853 23.7611 3.4891
5809 -4.4853 15.4427 3.4891
5810 -3.201 23.7611 4.6951
5811 -3.201 15.4427 4.6951
5812 -1.6069 23.7611 5.4452
5813 -1.6069 15.4427 5.4452
5814 0.141 23.7611 5.666
5815 0.141 15.4427 5.666
5816 1.8716 23.7611 5.3358
5817 1.8716 15.4427 5.3358
5818 3.4155 23.7611 4.487
5819 3.4155 15.4427 4.487
5820 4.6215 23.7611 3.2027
5821 4.6215 15.4427 3.2027
5822 5.3715 23.7611 1.6086
5823 5.3715 15.4427 1.6086
5824 12.7943 19.8951 -4.5818
5825 13.5938 19.8951 -0.390901
5826 10.7388 19.8951 -8.3204
5827 7.6286 19.8951 -11.241
5828 3.7682 19.8951 -13.0574
5829 -0.4646 19.8951 -13.5921
5830 -4.6555 19.8951 -12.7925
5831 -8.3941 19.8951 -10.7371
5832 -11.3146 19.8951 -7.6269
5833 -13.1311 19.8951 -3.7664
5834 -13.6657 19.8951 0.466399
5835 -12.8662 19.8951 4.6572
5836 -10.8107 19.8951 8.3959
5837 -7.7006 19.8951 11.3164
5838 -3.8401 19.8951 13.1329
5839 0.3927 19.8951 13.6675
5840 4.5835 19.8951 12.8679
5841 8.3222 19.8951 10.8125
5842 11.2427 19.8951 7.7023
5843 13.0592 19.8951 3.8419
5844 10.6598 20.0739 -3.8133
5845 11.3264 20.0739 -0.319602
5846 8.9463 20.0739 -6.93
5847 6.3536 20.0739 -9.3646
5848 3.1353 20.0739 -10.8789
5849 -0.3933 20.0739 -11.3246
5850 -3.887 20.0739 -10.6581
5851 -7.0037 20.0739 -8.9446
5852 -9.4383 20.0739 -6.3518
5853 -10.9526 20.0739 -3.1336
5854 -11.3983 20.0739 0.395098
5855 -10.7318 20.0739 3.8887
5856 -9.0182 20.0739 7.0054
5857 -6.4255 20.0739 9.4401
5858 -3.2073 20.0739 10.9544
5859 0.3214 20.0739 11.4001
5860 3.815 20.0739 10.7335
5861 6.9317 20.0739 9.02
5862 9.3664 20.0739 6.4272
5863 10.8807 20.0739 3.209
5864 8.356 22.7485 -2.9838
5865 8.879 22.7485 -0.242602
5866 7.0116 22.7485 -5.4292
5867 4.9773 22.7485 -7.3394
5868 2.4523 22.7485 -8.5275
5869 -0.3163 22.7485 -8.8772
5870 -3.0575 22.7485 -8.3542
5871 -5.5028 22.7485 -7.0098
5872 -7.4131 22.7485 -4.9755
5873 -8.6012 22.7485 -2.4505
5874 -8.9509 22.7485 0.318098
5875 -8.4279 22.7485 3.0592
5876 -7.0835 22.7485 5.5046
5877 -5.0492 22.7485 7.4148
5878 -2.5242 22.7485 8.603
5879 0.2444 22.7485 8.9526
5880 2.9856 22.7485 8.4297
5881 5.4309 22.7485 7.0852
5882 7.3412 22.7485 5.051
5883 8.5293 22.7485 2.5259
5884 6.7938 22.9273 -2.4213
5885 7.2195 22.9273 -0.190502
5886 5.6997 22.9273 -4.4115
5887 4.0441 22.9273 -5.9662
5888 1.9891 22.9273 -6.9331
5889 -0.2641 22.9273 -7.2177
5890 -2.495 22.9273 -6.7921
5891 -4.4852 22.9273 -5.6979
5892 -6.0399 22.9273 -4.0423
5893 -7.0068 22.9273 -1.9873
5894 -7.2914 22.9273 0.265898
5895 -6.8658 22.9273 2.4968
5896 -5.7716 22.9273 4.487
5897 -4.116 22.9273 6.0416
5898 -2.061 22.9273 7.0086
5899 0.1922 22.9273 7.2931
5900 2.4231 22.9273 6.8675
5901 4.4133 22.9273 5.7734
5902 5.9679 22.9273 4.1177
5903 6.9349 22.9273 2.0628
5904 6.601 24.0648 -2.3519
5905 7.0146 24.0648 -0.184002
5906 5.5377 24.0648 -4.2859
5907 3.9288 24.0648 -5.7966
5908 1.9319 24.0648 -6.7363
5909 -0.2577 24.0648 -7.0128
5910 -2.4256 24.0648 -6.5992
5911 -4.3596 24.0648 -5.536
5912 -5.8703 24.0648 -3.9271
5913 -6.8099 24.0648 -1.9301
5914 -7.0865 24.0648 0.259498
5915 -6.6729 24.0648 2.4273
5916 -5.6096 24.0648 4.3613
5917 -4.0008 24.0648 5.8721
5918 -2.0038 24.0648 6.8117
5919 0.1858 24.0648 7.0883
5920 2.3537 24.0648 6.6747
5921 4.2876 24.0648 5.6114
5922 5.7984 24.0648 4.0025
5923 6.738 24.0648 2.0056
5924 5.3586 24.0648 -1.9046
5925 5.6948 24.0648 -0.142502
5926 4.4944 24.0648 -3.4765
5927 3.1867 24.0648 -4.7045
5928 1.5635 24.0648 -5.4682
5929 -0.2162 24.0648 -5.693
5930 -1.9783 24.0648 -5.3568
5931 -3.5502 24.0648 -4.4926
5932 -4.7782 24.0648 -3.1849
5933 -5.5419 24.0648 -1.5618
5934 -5.7667 24.0648 0.217898
5935 -5.4305 24.0648 1.98
5936 -4.5663 24.0648 3.552
5937 -3.2586 24.0648 4.7799
5938 -1.6354 24.0648 5.5437
5939 0.1443 24.0648 5.7684
5940 1.9063 24.0648 5.4323
5941 3.4783 24.0648 4.568
5942 4.7062 24.0648 3.2603
5943 5.47 24.0648 1.6372
5944 5.7907 19.7535 0.077899
5945 4.6848 19.7535 -3.3258
5946 4.6848 20.8369 -3.3258
5947 5.7907 20.8369 0.077898
5948 1.7894 19.7535 -5.4294
5949 1.7894 20.8369 -5.4294
5950 -1.7894 19.7535 -5.4294
5951 -1.7894 20.8369 -5.4294
5952 -4.6847 19.7535 -3.3258
5953 -4.6847 20.8369 -3.3258
5954 -5.7907 19.7535 0.077899
5955 -5.7907 20.8369 0.077898
5956 -4.6847 19.7535 3.4815
5957 -4.6847 20.8369 3.4815
5958 -1.7894 19.7535 5.5851
5959 -1.7894 20.8369 5.5851
5960 1.7894 19.7535 5.5851
5961 1.7894 20.8369 5.5851
5962 4.6848 19.7535 3.4815
5963 4.6848 20.8369 3.4815
5964 5.7907 160.926 0.077888
5965 4.6848 160.926 -3.32581
5966 4.1259 160.926 -2.91981
5967 5.0999 160.926 0.077888
5968 1.7894 160.926 -5.42941
5969 1.576 160.926 -4.77241
5970 -1.7894 160.926 -5.42941
5971 -1.5759 160.926 -4.77241
5972 -4.6847 160.926 -3.32581
5973 -4.1259 160.926 -2.91981
5974 -5.7907 160.926 0.077888
5975 -5.0999 160.926 0.077888
5976 -4.6847 160.926 3.48149
5977 -4.1259 160.926 3.07549
5978 -1.7894 160.926 5.58509
5979 -1.5759 160.926 4.92819
5980 1.7894 160.926 5.58509
5981 1.576 160.926 4.92819
5982 4.6848 160.926 3.48149
5983 4.1259 160.926 3.07549
5984 4.6848 159.709 -3.32581
5985 5.7907 159.709 0.077888
5986 1.7894 159.709 -5.42941
5987 -1.7894 159.709 -5.42941
5988 -4.6847 159.709 -3.32581
5989 -5.7907 159.709 0.077888
5990 -4.6847 159.709 3.48149
5991 -1.7894 159.709 5.58509
5992 1.7894 159.709 5.58509
5993 4.6848 159.709 3.48149
5994 4.6628 19.7535 0.077899
5995 3.7723 19.7535 -2.6629
5996 1.4409 19.7535 -4.3568
5997 -1.4409 19.7535 -4.3568
5998 -3.7723 19.7535 -2.6629
5999 -4.6628 19.7535 0.077899
6000 -3.7723 19.7535 2.8186
6001 -1.4409 19.7535 4.5125
6002 1.4409 19.7535 4.5125
6003 3.7723 19.7535 2.8186
6004 4.6848 27.3092 -3.3258
6005 5.7907 27.3091 0.077898
6006 1.7894 27.3092 -5.4294
6007 -1.7894 27.3092 -5.4294
6008 -4.6847 27.3092 -3.3258
6009 -5.7907 27.3092 0.077898
6010 -4.6847 27.3092 3.4815
6011 -1.7894 27.3092 5.5851
6012 1.7894 27.3092 5.5851
6013 4.6848 27.3092 3.4815
6014 4.6848 152.574 -3.32581
6015 5.7907 152.574 0.077888
6016 1.7894 152.574 -5.42941
6017 -1.7894 152.574 -5.42941
6018 -4.6847 152.574 -3.32581
6019 -5.7907 152.574 0.077888
6020 -4.6847 152.574 3.48149
6021 -1.7894 152.574 5.58509
6022 1.7894 152.574 5.58509
6023 4.6848 152.574 3.48149
6024 2.6603 196.905 -35.2835
6025 2.4565 198.061 -35.2835
6026 2.6973 198.022 -35.1116
6027 2.9287 196.905 -35.1116
6028 2.0858 198.762 -35.2389
6029 2.1651 198.937 -35.1116
6030 2.1656 198.936 -34.9103
6031 2.6973 198.022 -34.9103
6032 2.9287 196.905 -34.9103
6033 1.5529 199.128 -35.2835
6034 1.4941 199.445 -35.1116
6035 0.8221 199.5 -35.3569
6036 0.8461 199.714 -35.1116
6037 0.8486 199.713 -34.9103
6038 1.4962 199.445 -34.9103
6039 0.0187 199.833 -35.366
6040 -0.3447 199.796 -35.3661
6041 -0.3493 199.809 -35.1116
6042 0.0145 199.845 -35.1116
6043 -0.7817 199.508 -35.3569
6044 -0.8109 199.723 -35.1116
6045 -0.8146 199.724 -34.9103
6046 -0.354 199.809 -34.9103
6047 0.0106 199.845 -34.9103
6048 -2.0757 198.764 -35.2389
6049 -2.4497 198.061 -35.2835
6050 -2.6973 198.022 -35.1116
6051 -2.1597 198.938 -35.1116
6052 -2.6528 196.905 -35.2835
6053 -2.9287 196.905 -35.1116
6054 -2.9287 196.905 -34.9103
6055 -2.6973 198.022 -34.9103
6056 -2.1603 198.938 -34.9103
6057 1.855 196.905 -35.3408
6058 1.7339 198.176 -35.3408
6059 1.0499 196.906 -35.4226
6060 1.0114 198.284 -35.4228
6061 -0.9639 198.289 -35.4228
6062 -1.7068 198.178 -35.3408
6063 -1.53 199.133 -35.2835
6064 -0.9973 196.906 -35.4226
6065 -1.825 196.905 -35.3408
6066 0.3838 199.791 -35.3661
6067 0.3853 199.755 -35.671
6068 0.0221 199.797 -35.671
6069 0.6631 199.393 -35.6705
6070 0.5851 199.257 -36.2963
6071 0.3437 199.586 -36.2969
6072 0.0272 199.618 -36.2969
6073 0.7707 198.305 -35.6687
6074 0.7819 196.908 -35.6682
6075 0.6903 196.913 -36.2934
6076 0.6797 198.23 -36.2941
6077 -0.3417 199.76 -35.671
6078 -0.6173 199.401 -35.6705
6079 -0.2924 199.589 -36.2969
6080 -0.5358 199.262 -36.2963
6081 -1.4727 199.452 -35.1116
6082 -1.4747 199.452 -34.9103
6083 0.3829 199.803 -35.1116
6084 0.3824 199.802 -34.9103
6085 -0.7163 198.309 -35.6687
6086 -0.7216 196.908 -35.6681
6087 -0.6233 198.233 -36.2941
6088 -0.6281 196.913 -36.2933
6089 2.6973 195.788 -35.1116
6090 2.4565 195.749 -35.2835
6091 2.6973 195.788 -34.9103
6092 2.1656 194.873 -34.9103
6093 2.1651 194.873 -35.1116
6094 2.0858 195.048 -35.2389
6095 1.4941 194.365 -35.1116
6096 1.5529 194.682 -35.2835
6097 1.4962 194.365 -34.9103
6098 0.8486 194.097 -34.9103
6099 0.8461 194.096 -35.1116
6100 0.8221 194.313 -35.3576
6101 0.0187 193.965 -35.3672
6102 0.0145 193.948 -35.1116
6103 -0.3493 193.989 -35.1116
6104 -0.3447 194.007 -35.3672
6105 0.0106 193.948 -34.9103
6106 -0.354 193.988 -34.9103
6107 -0.8146 194.086 -34.9103
6108 -0.8109 194.087 -35.1116
6109 -0.7817 194.305 -35.3575
6110 -2.0757 195.046 -35.2389
6111 -2.1597 194.872 -35.1116
6112 -2.6973 195.788 -35.1116
6113 -2.4497 195.749 -35.2835
6114 -2.1603 194.872 -34.9103
6115 -2.6973 195.788 -34.9103
6116 1.7339 195.634 -35.3408
6117 1.0114 195.528 -35.4234
6118 -1.53 194.677 -35.2835
6119 -1.7068 195.632 -35.3408
6120 -0.9639 195.524 -35.4234
6121 0.0221 194.017 -35.6757
6122 0.3853 194.064 -35.6757
6123 0.3838 194.012 -35.3672
6124 0.0273 194.236 -36.3027
6125 0.3437 194.273 -36.3029
6126 0.6631 194.436 -35.6747
6127 0.5851 194.607 -36.3015
6128 0.7707 195.516 -35.6711
6129 0.6797 195.611 -36.2971
6130 -0.6173 194.428 -35.6746
6131 -0.3416 194.059 -35.6757
6132 -0.5358 194.601 -36.3014
6133 -0.2924 194.27 -36.3028
6134 -1.4727 194.358 -35.1116
6135 -1.4747 194.358 -34.9103
6136 0.3829 193.995 -35.1116
6137 0.3824 193.995 -34.9103
6138 -0.7163 195.511 -35.6711
6139 -0.6233 195.608 -36.297
6140 0.0303 198.732 -36.7076
6141 -0.178 199.005 -36.6788
6142 0.0271 199.31 -36.642
6143 0.2348 199.004 -36.6788
6144 -0.406 199.15 -36.54
6145 -0.1891 199.458 -36.5311
6146 0.0273 199.495 -36.4667
6147 0.2429 199.456 -36.5311
6148 0.4585 199.147 -36.54
6149 0.0377 196.916 -36.7402
6150 0.0346 198.034 -36.7403
6151 0.3125 198.082 -36.6907
6152 0.3188 196.916 -36.6905
6153 0.5423 198.167 -36.542
6154 0.5513 196.915 -36.5416
6155 -0.247 198.083 -36.6907
6156 -0.2474 196.916 -36.6905
6157 -0.4861 196.915 -36.5416
6158 -0.4828 198.169 -36.542
6159 0.0303 195.145 -36.7084
6160 0.2348 194.88 -36.68
6161 0.0272 194.57 -36.6437
6162 -0.178 194.879 -36.68
6163 0.4586 194.73 -36.5426
6164 0.243 194.417 -36.5342
6165 0.0274 194.37 -36.4705
6166 -0.1891 194.415 -36.5342
6167 -0.406 194.727 -36.5426
6168 0.0346 195.82 -36.7406
6169 0.3125 195.771 -36.6913
6170 0.5424 195.681 -36.5435
6171 -0.247 195.77 -36.6913
6172 -0.4828 195.679 -36.5434
6173 2.166 198.936 -34.7649
6174 2.6973 198.022 -34.7649
6175 2.9287 196.905 -34.7649
6176 0.8504 199.713 -34.7649
6177 1.4977 199.445 -34.7649
6178 -0.8173 199.725 -34.7649
6179 -0.3573 199.81 -34.7649
6180 0.0077 199.845 -34.7649
6181 -2.9287 196.905 -34.7649
6182 -2.6973 198.022 -34.7649
6183 -2.1606 198.939 -34.7649
6184 -1.4762 199.453 -34.7649
6185 0.382 199.802 -34.7649
6186 2.6973 195.788 -34.7649
6187 2.166 194.874 -34.7649
6188 1.4977 194.365 -34.7649
6189 0.8504 194.097 -34.7649
6190 0.0077 193.948 -34.7649
6191 -0.3573 193.988 -34.7649
6192 -0.8173 194.085 -34.7649
6193 -2.1606 194.871 -34.7649
6194 -2.6973 195.788 -34.7649
6195 -1.4762 194.357 -34.7649
6196 0.382 193.996 -34.7649
6197 1.8052 198.619 -34.6545
6198 2.2457 197.85 -34.6859
6199 1.2641 199.039 -34.6225
6200 0.7189 199.273 -34.5976
6201 0.3131 199.349 -34.6003
6202 0.0032 199.383 -34.6071
6203 -0.2941 199.356 -34.601
6204 -0.6871 199.285 -34.598
6205 -1.2439 199.047 -34.6224
6206 -1.8012 198.619 -34.6546
6207 -2.2458 197.849 -34.6861
6208 -2.4397 196.905 -34.7002
6209 -2.2458 195.961 -34.6861
6210 -1.8012 195.191 -34.6546
6211 -1.2439 194.763 -34.6224
6212 -0.6815 194.523 -34.5988
6213 -0.2852 194.44 -34.6014
6214 0.0033 194.41 -34.6068
6215 0.3045 194.447 -34.6008
6216 0.7134 194.535 -34.5985
6217 1.2641 194.771 -34.6225
6218 1.8052 195.191 -34.6545
6219 2.2457 195.96 -34.6859
6220 2.4398 196.905 -34.7
6221 -0.054 179.189 -9.13281
6222 -0.0392 179.078 -9.40671
6223 -0.0201 179.65 -10.3978
6224 -0.0392 179.451 -9.27081
6225 -0.054 178.785 -9.36661
6226 -0.0392 178.773 -9.66221
6227 -0.054 178.484 -9.72471
6228 -0.0392 178.574 -10.0064
6229 -0.054 178.324 -10.164
6230 -0.0392 178.505 -10.3978
6231 -0.054 178.324 -10.6315
6232 -0.0392 178.574 -10.7892
6233 -0.054 178.484 -11.0708
6234 -0.0392 178.773 -11.1334
6235 -0.054 178.785 -11.4289
6236 -0.0392 179.078 -11.3888
6237 -0.054 179.189 -11.6627
6238 -0.0392 179.451 -11.5248
6239 -0.054 179.65 -11.7439
6240 -0.0392 179.848 -11.5248
6241 -0.054 180.11 -11.6627
6242 -0.0392 180.222 -11.3888
6243 -0.054 180.515 -11.4289
6244 -0.0392 180.527 -11.1334
6245 -0.054 180.816 -11.0708
6246 -0.0392 180.725 -10.7892
6247 -0.054 180.975 -10.6315
6248 -0.0392 180.794 -10.3978
6249 -0.054 180.975 -10.164
6250 -0.0392 180.725 -10.0064
6251 -0.054 180.816 -9.72471
6252 -0.0392 180.527 -9.66221
6253 -0.054 180.515 -9.36661
6254 -0.0392 180.222 -9.40671
6255 -0.054 180.11 -9.13281
6256 -0.0392 179.848 -9.27081
6257 -0.054 179.65 -9.05171
6258 -0.0964 179.915 -8.89511
6259 -0.0964 179.65 -8.87171
6260 -0.0964 180.172 -8.96381
6261 -0.1726 180.172 -8.96381
6262 -0.1726 179.915 -8.89511
6263 -0.1726 179.65 -8.87171
6264 -0.0964 180.413 -9.07631
6265 -0.0964 180.631 -9.22871
6266 -0.1726 180.631 -9.22871
6267 -0.1726 180.413 -9.07631
6268 -0.0964 180.819 -9.41701
6269 -0.0964 180.971 -9.63471
6270 -0.1726 180.971 -9.63471
6271 -0.1726 180.819 -9.41701
6272 -0.0964 181.084 -9.87591
6273 -0.0964 181.153 -10.1328
6274 -0.1726 181.153 -10.1328
6275 -0.1726 181.084 -9.87591
6276 -0.0964 181.176 -10.3978
6277 -0.0964 181.153 -10.6628
6278 -0.1726 181.153 -10.6628
6279 -0.1726 181.176 -10.3978
6280 -0.0964 181.084 -10.9196
6281 -0.0964 180.971 -11.1608
6282 -0.1726 180.971 -11.1608
6283 -0.1726 181.084 -10.9196
6284 -0.0964 180.819 -11.3786
6285 -0.0964 180.631 -11.5668
6286 -0.1726 180.631 -11.5668
6287 -0.1726 180.819 -11.3786
6288 -0.0964 180.413 -11.7192
6289 -0.0964 180.172 -11.8318
6290 -0.1726 180.172 -11.8318
6291 -0.1726 180.413 -11.7192
6292 -0.0964 179.915 -11.9005
6293 -0.0964 179.65 -11.9238
6294 -0.1726 179.65 -11.9238
6295 -0.1726 179.915 -11.9005
6296 -0.0964 179.385 -11.9005
6297 -0.0964 179.128 -11.8318
6298 -0.1726 179.128 -11.8318
6299 -0.1726 179.385 -11.9005
6300 -0.0964 178.887 -11.7192
6301 -0.0964 178.669 -11.5668
6302 -0.1726 178.669 -11.5668
6303 -0.1726 178.887 -11.7192
6304 -0.0964 178.481 -11.3786
6305 -0.0964 178.328 -11.1608
6306 -0.1726 178.328 -11.1608
6307 -0.1726 178.481 -11.3786
6308 -0.0964 178.216 -10.9196
6309 -0.0964 178.147 -10.6628
6310 -0.1726 178.147 -10.6628
6311 -0.1726 178.216 -10.9196
6312 -0.0964 178.124 -10.3978
6313 -0.0964 178.147 -10.1328
6314 -0.1726 178.147 -10.1328
6315 -0.1726 178.124 -10.3978
6316 -0.0964 178.216 -9.87591
6317 -0.0964 178.328 -9.63471
6318 -0.1726 178.328 -9.63471
6319 -0.1726 178.216 -9.87591
6320 -0.0964 178.481 -9.41701
6321 -0.0964 178.669 -9.22871
6322 -0.1726 178.669 -9.22871
6323 -0.1726 178.481 -9.41701
6324 -0.0964 178.887 -9.07631
6325 -0.0964 179.128 -8.96381
6326 -0.1726 179.128 -8.96381
6327 -0.1726 178.887 -9.07631
6328 -0.0964 179.385 -8.89511
6329 -0.1726 179.385 -8.89511
6330 -0.2489 179.915 -8.89511
6331 -0.2489 179.65 -8.87171
6332 -0.2489 180.172 -8.96381
6333 -0.3251 180.172 -8.96381
6334 -0.3251 179.915 -8.89511
6335 -0.3251 179.65 -8.87171
6336 -0.2489 180.413 -9.07631
6337 -0.2489 180.631 -9.22871
6338 -0.3251 180.631 -9.22871
6339 -0.3251 180.413 -9.07631
6340 -0.2489 180.819 -9.41701
6341 -0.2489 180.971 -9.63471
6342 -0.3251 180.971 -9.63471
6343 -0.3251 180.819 -9.41701
6344 -0.2489 181.084 -9.87591
6345 -0.2489 181.153 -10.1328
6346 -0.3251 181.153 -10.1328
6347 -0.3251 181.084 -9.87591
6348 -0.2489 181.176 -10.3978
6349 -0.2489 181.153 -10.6628
6350 -0.3251 181.153 -10.6628
6351 -0.3251 181.176 -10.3978
6352 -0.2489 181.084 -10.9196
6353 -0.2489 180.971 -11.1608
6354 -0.3251 180.971 -11.1608
6355 -0.3251 181.084 -10.9196
6356 -0.2489 180.819 -11.3786
6357 -0.2489 180.631 -11.5668
6358 -0.3251 180.631 -11.5668
6359 -0.3251 180.819 -11.3786
6360 -0.2489 180.413 -11.7192
6361 -0.2489 180.172 -11.8318
6362 -0.3251 180.172 -11.8318
6363 -0.3251 180.413 -11.7192
6364 -0.2489 179.915 -11.9005
6365 -0.2489 179.65 -11.9238
6366 -0.3251 179.65 -11.9238
6367 -0.3251 179.915 -11.9005
6368 -0.2489 179.385 -11.9005
6369 -0.2489 179.128 -11.8318
6370 -0.3251 179.128 -11.8318
6371 -0.3251 179.385 -11.9005
6372 -0.2489 178.887 -11.7192
6373 -0.2489 178.669 -11.5668
6374 -0.3251 178.669 -11.5668
6375 -0.3251 178.887 -11.7192
6376 -0.2489 178.481 -11.3786
6377 -0.2489 178.328 -11.1608
6378 -0.3251 178.328 -11.1608
6379 -0.3251 178.481 -11.3786
6380 -0.2489 178.216 -10.9196
6381 -0.2489 178.147 -10.6628
6382 -0.3251 178.147 -10.6628
6383 -0.3251 178.216 -10.9196
6384 -0.2489 178.124 -10.3978
6385 -0.2489 178.147 -10.1328
6386 -0.3251 178.147 -10.1328
6387 -0.3251 178.124 -10.3978
6388 -0.2489 178.216 -9.87591
6389 -0.2489 178.328 -9.63471
6390 -0.3251 178.328 -9.63471
6391 -0.3251 178.216 -9.87591
6392 -0.2489 178.481 -9.41701
6393 -0.2489 178.669 -9.22871
6394 -0.3251 178.669 -9.22871
6395 -0.3251 178.481 -9.41701
6396 -0.2489 178.887 -9.07631
6397 -0.2489 179.128 -8.96381
6398 -0.3251 179.128 -8.96381
6399 -0.3251 178.887 -9.07631
6400 -0.2489 179.385 -8.89511
6401 -0.3251 179.385 -8.89511
6402 -0.4014 179.915 -8.89511
6403 -0.4014 179.65 -8.87171
6404 -0.4014 180.172 -8.96381
6405 -0.4776 180.172 -8.96381
6406 -0.4776 179.915 -8.89511
6407 -0.4776 179.65 -8.87171
6408 -0.4014 180.413 -9.07631
6409 -0.4014 180.631 -9.22871
6410 -0.4776 180.631 -9.22871
6411 -0.4776 180.413 -9.07631
6412 -0.4014 180.819 -9.41701
6413 -0.4014 180.971 -9.63471
6414 -0.4776 180.971 -9.63471
6415 -0.4776 180.819 -9.41701
6416 -0.4014 181.084 -9.87591
6417 -0.4014 181.153 -10.1328
6418 -0.4776 181.153 -10.1328
6419 -0.4776 181.084 -9.87591
6420 -0.4014 181.176 -10.3978
6421 -0.4014 181.153 -10.6628
6422 -0.4776 181.153 -10.6628
6423 -0.4776 181.176 -10.3978
6424 -0.4014 181.084 -10.9196
6425 -0.4014 180.971 -11.1608
6426 -0.4776 180.971 -11.1608
6427 -0.4776 181.084 -10.9196
6428 -0.4014 180.819 -11.3786
6429 -0.4014 180.631 -11.5668
6430 -0.4776 180.631 -11.5668
6431 -0.4776 180.819 -11.3786
6432 -0.4014 180.413 -11.7192
6433 -0.4014 180.172 -11.8318
6434 -0.4776 180.172 -11.8318
6435 -0.4776 180.413 -11.7192
6436 -0.4014 179.915 -11.9005
6437 -0.4014 179.65 -11.9238
6438 -0.4776 179.65 -11.9238
6439 -0.4776 179.915 -11.9005
6440 -0.4014 179.385 -11.9005
6441 -0.4014 179.128 -11.8318
6442 -0.4776 179.128 -11.8318
6443 -0.4776 179.385 -11.9005
6444 -0.4014 178.887 -11.7192
6445 -0.4014 178.669 -11.5668
6446 -0.4776 178.669 -11.5668
6447 -0.4776 178.887 -11.7192
6448 -0.4014 178.481 -11.3786
6449 -0.4014 178.328 -11.1608
6450 -0.4776 178.328 -11.1608
6451 -0.4776 178.481 -11.3786
6452 -0.4014 178.216 -10.9196
6453 -0.4014 178.147 -10.6628
6454 -0.4776 178.147 -10.6628
6455 -0.4776 178.216 -10.9196
6456 -0.4014 178.124 -10.3978
6457 -0.4014 178.147 -10.1328
6458 -0.4776 178.147 -10.1328
6459 -0.4776 178.124 -10.3978
6460 -0.4014 178.216 -9.87591
6461 -0.4014 178.328 -9.63471
6462 -0.4776 178.328 -9.63471
6463 -0.4776 178.216 -9.87591
6464 -0.4014 178.481 -9.41701
6465 -0.4014 178.669 -9.22881
6466 -0.4776 178.669 -9.22871
6467 -0.4776 178.481 -9.41701
6468 -0.4014 178.887 -9.07631
6469 -0.4014 179.128 -8.96381
6470 -0.4776 179.128 -8.96381
6471 -0.4776 178.887 -9.07631
6472 -0.4014 179.385 -8.89511
6473 -0.4776 179.385 -8.89511
6474 -0.5539 179.915 -8.89511
6475 -0.5539 179.65 -8.87171
6476 -0.5539 180.172 -8.96381
6477 -0.6301 180.172 -8.96381
6478 -0.6301 179.915 -8.89511
6479 -0.6301 179.65 -8.87171
6480 -0.5539 180.413 -9.07631
6481 -0.5539 180.631 -9.22871
6482 -0.6301 180.631 -9.22871
6483 -0.6301 180.413 -9.07631
6484 -0.5539 180.819 -9.41701
6485 -0.5539 180.971 -9.63471
6486 -0.6301 180.971 -9.63471
6487 -0.6301 180.819 -9.41701
6488 -0.5539 181.084 -9.87591
6489 -0.5539 181.153 -10.1328
6490 -0.6301 181.153 -10.1328
6491 -0.6301 181.084 -9.87591
6492 -0.5539 181.176 -10.3978
6493 -0.5539 181.153 -10.6628
6494 -0.6301 181.153 -10.6628
6495 -0.6301 181.176 -10.3978
6496 -0.5539 181.084 -10.9196
6497 -0.5539 180.971 -11.1608
6498 -0.6301 180.971 -11.1608
6499 -0.6301 181.084 -10.9196
6500 -0.5539 180.819 -11.3786
6501 -0.5539 180.631 -11.5668
6502 -0.6301 180.631 -11.5668
6503 -0.6301 180.819 -11.3786
6504 -0.5539 180.413 -11.7192
6505 -0.5539 180.172 -11.8318
6506 -0.6301 180.172 -11.8318
6507 -0.6301 180.413 -11.7192
6508 -0.5539 179.915 -11.9005
6509 -0.5539 179.65 -11.9238
6510 -0.6301 179.65 -11.9238
6511 -0.6301 179.915 -11.9005
6512 -0.5539 179.385 -11.9005
6513 -0.5539 179.128 -11.8318
6514 -0.6301 179.128 -11.8318
6515 -0.6301 179.385 -11.9005
6516 -0.5539 178.887 -11.7192
6517 -0.5539 178.669 -11.5668
6518 -0.6301 178.669 -11.5668
6519 -0.6301 178.887 -11.7192
6520 -0.5539 178.481 -11.3786
6521 -0.5539 178.328 -11.1608
6522 -0.6301 178.328 -11.1608
6523 -0.6301 178.481 -11.3786
6524 -0.5539 178.216 -10.9196
6525 -0.5539 178.147 -10.6628
6526 -0.6301 178.147 -10.6628
6527 -0.6301 178.216 -10.9196
6528 -0.5539 178.124 -10.3978
6529 -0.5539 178.147 -10.1328
6530 -0.6301 178.147 -10.1328
6531 -0.6301 178.124 -10.3978
6532 -0.5539 178.216 -9.87591
6533 -0.5539 178.328 -9.63471
6534 -0.6301 178.328 -9.63471
6535 -0.6301 178.216 -9.87591
6536 -0.5539 178.481 -9.41701
6537 -0.5539 178.669 -9.22881
6538 -0.6301 178.669 -9.22871
6539 -0.6301 178.481 -9.41701
6540 -0.5539 178.887 -9.07631
6541 -0.5539 179.128 -8.96381
6542 -0.6301 179.128 -8.96381
6543 -0.6301 178.887 -9.07631
6544 -0.5539 179.385 -8.89511
6545 -0.6301 179.385 -8.89511
6546 -0.7064 179.915 -8.89511
6547 -0.7064 179.65 -8.87171
6548 -0.7064 180.172 -8.96381
6549 -0.7488 180.11 -9.13281
6550 -0.7636 179.848 -9.27081
6551 -0.7488 179.65 -9.05171
6552 -0.7064 180.413 -9.07631
6553 -0.7064 180.631 -9.22871
6554 -0.7488 180.515 -9.36661
6555 -0.7636 180.222 -9.40671
6556 -0.7064 180.819 -9.41701
6557 -0.7064 180.971 -9.63471
6558 -0.7488 180.816 -9.72471
6559 -0.7636 180.527 -9.66221
6560 -0.7064 181.084 -9.87591
6561 -0.7064 181.153 -10.1328
6562 -0.7488 180.975 -10.164
6563 -0.7636 180.725 -10.0064
6564 -0.7064 181.176 -10.3978
6565 -0.7064 181.153 -10.6628
6566 -0.7488 180.975 -10.6315
6567 -0.7636 180.794 -10.3978
6568 -0.7064 181.084 -10.9196
6569 -0.7064 180.971 -11.1608
6570 -0.7488 180.816 -11.0708
6571 -0.7636 180.725 -10.7892
6572 -0.7064 180.819 -11.3786
6573 -0.7064 180.631 -11.5668
6574 -0.7488 180.515 -11.4289
6575 -0.7636 180.527 -11.1334
6576 -0.7064 180.413 -11.7192
6577 -0.7064 180.172 -11.8318
6578 -0.7488 180.11 -11.6627
6579 -0.7636 180.222 -11.3888
6580 -0.7064 179.915 -11.9005
6581 -0.7064 179.65 -11.9238
6582 -0.7488 179.65 -11.7439
6583 -0.7636 179.848 -11.5248
6584 -0.7064 179.385 -11.9005
6585 -0.7064 179.128 -11.8318
6586 -0.7488 179.189 -11.6627
6587 -0.7636 179.451 -11.5248
6588 -0.7064 178.887 -11.7192
6589 -0.7064 178.669 -11.5668
6590 -0.7488 178.785 -11.4289
6591 -0.7636 179.078 -11.3888
6592 -0.7064 178.481 -11.3786
6593 -0.7064 178.328 -11.1608
6594 -0.7488 178.484 -11.0708
6595 -0.7636 178.773 -11.1334
6596 -0.7064 178.216 -10.9196
6597 -0.7064 178.147 -10.6628
6598 -0.7488 178.324 -10.6315
6599 -0.7636 178.574 -10.7892
6600 -0.7064 178.124 -10.3978
6601 -0.7064 178.147 -10.1328
6602 -0.7488 178.324 -10.164
6603 -0.7636 178.505 -10.3978
6604 -0.7064 178.216 -9.87591
6605 -0.7064 178.328 -9.63471
6606 -0.7488 178.484 -9.72471
6607 -0.7636 178.574 -10.0064
6608 -0.7064 178.481 -9.41701
6609 -0.7064 178.669 -9.22881
6610 -0.7488 178.785 -9.36661
6611 -0.7636 178.773 -9.66221
6612 -0.7064 178.887 -9.07631
6613 -0.7064 179.128 -8.96381
6614 -0.7488 179.189 -9.13281
6615 -0.7636 179.078 -9.40671
6616 -0.7064 179.385 -8.89511
6617 -0.7636 179.451 -9.27081
6618 -0.7826 179.65 -10.3978
6619 -5.5824 201.554 -31.4502
6620 -7.0504 200.609 -31.4502
6621 -7.6769 200.934 -31.4502
6622 -6.1765 201.931 -31.4502
6623 -7.6797 200.93 -30.7398
6624 -6.1765 201.931 -30.7398
6625 -7.0531 200.604 -30.7398
6626 -5.5824 201.554 -30.7398
6627 -9.8727 185.095 -29.3851
6628 -9.8909 174.244 -27.3199
6629 -10.5987 174.324 -27.3259
6630 -10.583 185.23 -29.3881
6631 -10.6088 174.294 -26.6162
6632 -10.5931 185.207 -28.678
6633 -9.901 174.214 -26.6102
6634 -9.8828 185.073 -28.675
6635 -10.9933 152.541 -23.1896
6636 -10.0428 143.61 -22.5471
6637 -10.7453 143.572 -22.5596
6638 -11.6961 152.51 -23.2016
6639 -10.7555 143.53 -21.8504
6640 -11.7063 152.467 -22.4925
6641 -10.053 143.568 -21.838
6642 -11.0035 152.498 -22.4805
6643 -7.5129 109.025 -20.0593
6644 -3.8373 92.7652 -20.4413
6645 -4.5306 92.6441 -20.4574
6646 -8.2141 108.959 -20.0737
6647 -4.5427 92.6176 -19.7476
6648 -8.2244 108.924 -19.364
6649 -3.8494 92.7387 -19.7315
6650 -7.5232 108.989 -19.3497
6651 0.5966 68.8795 -21.0024
6652 2.0198 52.4333 -21.7466
6653 1.4154 52.0648 -21.7658
6654 -0.0848 68.6772 -21.0211
6655 1.3988 52.0547 -21.0556
6656 -0.0995 68.6641 -20.3109
6657 2.0032 52.4232 -21.0365
6658 0.5819 68.8664 -20.2923
6659 3.1453 42.1003 -24.9865
6660 2.5742 41.6889 -25.0057
6661 2.5585 41.6776 -24.2956
6662 3.1296 42.089 -24.2764
6663 12.5409 14.672 -30.4912
6664 19.3709 -0.162102 -29.1978
6665 19.0522 -0.846302 -29.2204
6666 12.0493 14.2191 -30.5454
6667 19.1401 -0.971302 -28.5104
6668 12.0534 14.2096 -29.8518
6669 19.4588 -0.287002 -28.4878
6670 12.5455 14.6624 -29.7979
6671 -8.5895 198.666 -31.4502
6672 -9.2588 198.924 -31.4502
6673 -9.2651 198.915 -30.7398
6674 -8.5959 198.656 -30.7398
6675 -9.1411 195.947 -31.4502
6676 -9.8539 196.137 -31.4502
6677 -9.8639 196.121 -30.7398
6678 -9.1511 195.931 -30.7398
6679 -9.4974 133.838 -21.8442
6680 -9.4249 121.431 -20.9518
6681 -10.1266 121.376 -20.9654
6682 -10.1995 133.792 -21.8572
6683 -10.1369 121.338 -20.256
6684 -10.2098 133.751 -21.1479
6685 -9.4352 121.393 -20.2423
6686 -9.5076 133.798 -21.1349
6687 -11.1309 163.393 -25.2547
6688 -11.8363 163.417 -25.2637
6689 -11.8464 163.38 -24.5544
6690 -11.1411 163.356 -24.5454
6691 -1.1807 79.6138 -20.7502
6692 -1.8674 79.4479 -20.7678
6693 -1.881 79.4288 -20.0578
6694 -1.1942 79.5946 -20.0402
6695 4.8215 34.4089 -27.7995
6696 4.2728 33.9542 -27.8346
6697 4.2577 33.9417 -27.1249
6698 4.8064 34.3964 -27.0898
6699 7.7353 24.2512 -28.7948
6700 8.262 24.7081 -28.7629
6701 7.7253 24.2394 -28.0889
6702 8.2521 24.6963 -28.0571
6703 4.4232 174.132 0.077887
6704 3.5784 174.132 2.67779
6705 4.5359 172.515 3.37339
6706 5.6067 172.515 0.077887
6707 3.5784 174.132 -2.52201
6708 4.5359 172.515 -3.21761
6709 1.3668 174.132 -4.12881
6710 1.7326 172.515 -5.25441
6711 -1.3668 174.132 -4.12881
6712 -1.7325 172.515 -5.25441
6713 -3.5784 174.132 -2.52201
6714 -4.5359 172.515 -3.21761
6715 -4.4232 174.132 0.077887
6716 -5.6066 172.515 0.077887
6717 -3.5784 174.132 2.67779
6718 -4.5359 172.515 3.37339
6719 -1.3668 174.132 4.28459
6720 -1.7325 172.515 5.41009
6721 1.3668 174.132 4.28459
6722 1.7326 172.515 5.41009
6723 6.575 170.971 0.077887
6724 5.3193 170.971 3.94259
6725 5.3193 168.695 3.94259
6726 6.575 168.695 0.077887
6727 5.3193 170.971 -3.78681
6728 5.3193 168.695 -3.78681
6729 2.0318 170.971 -6.17531
6730 2.0318 168.695 -6.17531
6731 -2.0318 170.971 -6.17531
6732 -2.0318 168.695 -6.17531
6733 -5.3193 170.971 -3.78681
6734 -5.3193 168.695 -3.78681
6735 -6.575 170.971 0.077887
6736 -6.575 168.695 0.077887
6737 -5.3193 170.971 3.94259
6738 -5.3193 168.695 3.94259
6739 -2.0318 170.971 6.33109
6740 -2.0318 168.695 6.33109
6741 2.0318 170.971 6.33109
6742 2.0318 168.695 6.33109
6743 6.4995 159.47 0.077888
6744 5.2582 159.47 3.89819
6745 4.5914 159.47 3.41369
6746 5.6753 159.47 0.077888
6747 5.2582 159.47 -3.74241
6748 4.5914 159.47 -3.25801
6749 2.0085 159.47 -6.10351
6750 1.7538 159.47 -5.31971
6751 -2.0085 159.47 -6.10351
6752 -1.7538 159.47 -5.31971
6753 -5.2582 159.47 -3.74241
6754 -4.5914 159.47 -3.25801
6755 -6.4995 159.47 0.077888
6756 -5.6753 159.47 0.077888
6757 -5.2582 159.47 3.89819
6758 -4.5914 159.47 3.41369
6759 -2.0085 159.47 6.25929
6760 -1.7538 159.47 5.47539
6761 2.0085 159.47 6.25929
6762 1.7538 159.47 5.47539
6763 5.5998 159.542 0.077888
6764 4.5303 159.542 3.36939
6765 4.5303 167.742 3.36939
6766 5.5998 167.742 0.077887
6767 4.5303 159.542 -3.21361
6768 4.5303 167.742 -3.21361
6769 1.7304 159.542 -5.24791
6770 1.7304 167.742 -5.24791
6771 -1.7304 159.542 -5.24791
6772 -1.7304 167.742 -5.24791
6773 -4.5303 159.542 -3.21361
6774 -4.5303 167.742 -3.21361
6775 -5.5998 159.542 0.077888
6776 -5.5998 167.742 0.077887
6777 -4.5303 159.542 3.36939
6778 -4.5303 167.742 3.36939
6779 -1.7304 159.542 5.40359
6780 -1.7304 167.742 5.40359
6781 1.7304 159.542 5.40359
6782 1.7304 167.742 5.40359
6783 3.7958 167.742 2.83569
6784 4.6919 167.742 0.077887
6785 3.7958 167.742 -2.68001
6786 1.4499 167.742 -4.38441
6787 -1.4499 167.742 -4.38441
6788 -3.7958 167.742 -2.68001
6789 -4.6919 167.742 0.077887
6790 -3.7958 167.742 2.83569
6791 -1.4499 167.742 4.54019
6792 1.4499 167.742 4.54019
6793 3.5441 174.262 2.65279
6794 4.3808 174.262 0.077887
6795 4.3808 174.812 0.077887
6796 3.5441 174.812 2.65279
6797 3.5441 174.262 -2.49711
6798 3.5441 174.812 -2.49711
6799 1.3537 174.262 -4.08851
6800 1.3537 174.812 -4.08851
6801 -1.3537 174.262 -4.08851
6802 -1.3537 174.812 -4.08851
6803 -3.5441 174.262 -2.49711
6804 -3.5441 174.812 -2.49711
6805 -4.3808 174.262 0.077887
6806 -4.3808 174.812 0.077887
6807 -3.5441 174.262 2.65279
6808 -3.5441 174.812 2.65279
6809 -1.3537 174.262 4.24429
6810 -1.3537 174.812 4.24429
6811 1.3537 174.262 4.24429
6812 1.3537 174.812 4.24429
6813 3.9848 174.812 0.077887
6814 3.2237 174.812 2.41999
6815 3.2237 174.812 -2.26431
6816 1.2314 174.812 -3.71181
6817 -1.2313 174.812 -3.71181
6818 -3.2237 174.812 -2.26431
6819 -3.9847 174.812 0.077887
6820 -3.2237 174.812 2.42009
6821 -1.2313 174.812 3.86759
6822 1.2314 174.812 3.86759
6823 1.2014 174.812 0.950787
6824 -1.2014 174.812 -0.795013
6825 6.575 159.542 0.077888
6826 5.3193 159.542 3.94259
6827 5.3193 159.542 -3.78681
6828 2.0318 159.542 -6.17531
6829 -2.0318 159.542 -6.17531
6830 -5.3193 159.542 -3.78681
6831 -6.575 159.542 0.077888
6832 -5.3193 159.542 3.94259
6833 -2.0318 159.542 6.33109
6834 2.0318 159.542 6.33109
6835 5.3193 161.582 3.94259
6836 6.575 161.582 0.077888
6837 5.3193 161.582 -3.78681
6838 2.0318 161.582 -6.17531
6839 -2.0318 161.582 -6.17531
6840 -5.3193 161.582 -3.78681
6841 -6.575 161.582 0.077888
6842 -5.3193 161.582 3.94259
6843 -2.0318 161.582 6.33109
6844 2.0318 161.582 6.33109
6845 5.2508 171.241 3.89279
6846 6.4904 171.241 0.077887
6847 5.2508 171.241 -3.73711
6848 2.0056 171.241 -6.09481
6849 -2.0056 171.241 -6.09481
6850 -5.2508 171.241 -3.73711
6851 -6.4903 171.241 0.077887
6852 -5.2508 171.241 3.89279
6853 -2.0056 171.241 6.25059
6854 2.0056 171.241 6.25059
6855 6.5538 171.113 0.077887
6856 5.3022 171.113 3.93009
6857 5.3022 171.113 -3.77441
6858 2.0253 171.113 -6.15521
6859 -2.0252 171.113 -6.15521
6860 -5.3022 171.113 -3.77441
6861 -6.5538 171.113 0.077887
6862 -5.3022 171.113 3.93009
6863 -2.0252 171.113 6.31099
6864 2.0253 171.113 6.31099
6865 1.5294 174.812 -10.1718
6866 -1.3219 174.812 -10.1718
6867 -1.3219 175.648 -12.7467
6868 1.5294 175.648 -12.7467
6869 -1.3219 177.839 -14.3381
6870 1.5294 177.839 -14.3381
6871 1.4603 174.812 -6.00541
6872 -1.4603 174.812 -6.00541
6873 4.3808 177.732 0.077887
6874 4.3808 180.653 0.077886
6875 3.5441 180.653 2.65279
6876 3.5441 177.732 2.65279
6877 -3.5441 177.732 2.65279
6878 -3.5441 180.653 2.65279
6879 -4.3808 180.653 0.077886
6880 -4.3808 177.732 0.077887
6881 1.3537 180.653 4.24429
6882 1.3537 177.732 4.24429
6883 4.3808 177.732 -6.00541
6884 4.3808 180.653 -6.00541
6885 1.5294 182.737 -12.7467
6886 -1.3219 182.737 -12.7467
6887 -1.3219 183.574 -10.1718
6888 1.5294 183.574 -10.1718
6889 1.5294 180.546 -14.3381
6890 -1.3219 180.546 -14.3381
6891 -1.4603 183.574 -6.00541
6892 1.4603 183.574 -6.00541
6893 -1.3537 177.732 4.24429
6894 -1.3537 180.653 4.24429
6895 -4.3808 180.653 -6.00541
6896 -4.3808 177.732 -6.00541
6897 4.3808 183.254 0.077886
6898 3.5441 183.254 2.65279
6899 3.5441 175.131 2.65279
6900 4.3808 175.131 0.077887
6901 -3.5441 183.254 2.65279
6902 -4.3808 183.254 0.077886
6903 -4.3808 175.131 0.077887
6904 -3.5441 175.131 2.65279
6905 1.3537 183.254 4.24429
6906 1.3537 175.131 4.24429
6907 4.3808 183.254 -6.00541
6908 4.3808 175.131 -6.00541
6909 -1.3537 175.131 4.24429
6910 -1.3537 183.254 4.24429
6911 -4.3818 175.131 -6.00541
6912 -4.3818 183.254 -6.00541
6913 -4.1733 177.646 -10.9675
6914 -4.1755 175.131 -10.1212
6915 -4.1733 177.943 -14.0189
6916 -4.1733 175.92 -12.5494
6917 -4.1733 180.739 -10.9675
6918 -4.1733 180.443 -14.0189
6919 -4.1755 183.254 -10.1212
6920 -4.1733 182.465 -12.5494
6921 4.3808 175.131 -10.1212
6922 4.3808 177.646 -10.9675
6923 4.3808 175.92 -12.5494
6924 4.3808 177.943 -14.0189
6925 4.3808 180.739 -10.9675
6926 4.3808 180.443 -14.0189
6927 4.3808 183.254 -10.1212
6928 4.3808 182.465 -12.5494
6929 -3.8541 174.812 -10.1718
6930 -3.8541 175.648 -12.7467
6931 4.0616 175.648 -12.7467
6932 4.0616 174.812 -10.1718
6933 -3.8541 177.839 -14.3381
6934 4.0616 177.839 -14.3381
6935 -4.0616 174.812 -5.99741
6936 4.0616 174.812 -6.00541
6937 -3.8541 182.737 -12.7467
6938 -3.8541 183.574 -10.1718
6939 4.0616 183.574 -10.1718
6940 4.0616 182.737 -12.7467
6941 -3.8541 180.546 -14.3381
6942 4.0616 180.546 -14.3381
6943 -4.0616 183.574 -5.99741
6944 4.0616 183.574 -6.00541
6945 4.0616 174.812 0.027287
6946 1.5465 174.812 0.873587
6947 3.2726 174.812 2.45559
6948 1.25 174.812 3.92509
6949 -1.5464 174.812 0.873587
6950 -1.25 174.812 3.92509
6951 -4.0616 174.812 0.027287
6952 -3.2726 174.812 2.45559
6953 -4.0616 183.574 0.027286
6954 -1.5464 183.574 0.873586
6955 -3.2726 183.574 2.45559
6956 -1.25 183.574 3.92509
6957 1.5465 183.574 0.873586
6958 1.25 183.574 3.92509
6959 4.0616 183.574 0.027286
6960 3.2726 183.574 2.45559
6961 4.301 183.494 0.065186
6962 3.4763 183.494 2.60349
6963 3.4763 174.892 2.60349
6964 4.301 174.892 0.065187
6965 -3.4763 183.494 2.60349
6966 -4.301 183.494 0.065186
6967 -4.301 174.892 0.065187
6968 -3.4763 174.892 2.60349
6969 1.3278 183.494 4.16449
6970 1.3278 174.892 4.16449
6971 4.301 183.494 -6.00541
6972 4.301 174.892 -6.00541
6973 -1.3278 174.892 4.16449
6974 -1.3278 183.494 4.16449
6975 -4.3012 174.892 -6.00341
6976 -4.3012 183.494 -6.00341
6977 -4.0941 174.892 -10.1591
6978 -4.0935 177.865 -14.2583
6979 -4.0935 175.716 -12.6974
6980 -4.0935 180.52 -14.2583
6981 -4.0941 183.494 -10.1591
6982 -4.0935 182.669 -12.6974
6983 4.301 174.892 -10.1591
6984 4.301 175.716 -12.6974
6985 4.301 177.865 -14.2583
6986 4.301 180.52 -14.2583
6987 4.301 183.494 -10.1591
6988 4.301 182.669 -12.6974
6989 -5.1155 182.737 -12.7467
6990 -5.1155 183.573 -10.1718
6991 -4.6155 183.573 -10.1718
6992 -4.6155 182.737 -12.7467
6993 -5.1155 180.546 -14.3381
6994 -4.6155 180.546 -14.3381
6995 -5.1155 177.839 -14.3381
6996 -4.6155 177.839 -14.3381
6997 -5.1155 175.648 -12.7467
6998 -4.6155 175.648 -12.7467
6999 -5.1155 174.812 -10.1718
7000 -4.6155 174.812 -10.1718
7001 -5.1155 175.648 -7.59681
7002 -4.6155 175.648 -7.59681
7003 -5.1155 177.839 -6.00541
7004 -4.6155 177.839 -6.00541
7005 -5.1155 180.546 -6.00541
7006 -4.6155 180.546 -6.00541
7007 -5.1155 182.737 -7.59681
7008 -4.6155 182.737 -7.59681
7009 -5.1155 182.497 -12.5724
7010 -5.1155 183.277 -10.1718
7011 -5.1155 180.455 -14.056
7012 -5.1155 177.931 -14.056
7013 -5.1155 175.889 -12.5724
7014 -5.1155 175.109 -10.1718
7015 -5.1155 175.889 -7.77121
7016 -5.1155 177.931 -6.28751
7017 -5.1155 180.455 -6.28751
7018 -5.1155 182.497 -7.77121
7019 -4.1155 180.546 -14.3381
7020 -4.1155 182.737 -12.7467
7021 -4.1155 182.497 -12.5724
7022 -4.1155 180.455 -14.056
7023 -4.1155 183.573 -10.1718
7024 -4.1155 183.277 -10.1718
7025 -4.1155 182.737 -7.59681
7026 -4.1155 182.497 -7.77121
7027 -4.1155 180.546 -6.00541
7028 -4.1155 180.455 -6.28751
7029 -4.1155 177.839 -6.00541
7030 -4.1155 177.931 -6.28751
7031 -4.1155 175.648 -7.59681
7032 -4.1155 175.889 -7.77121
7033 -4.1155 174.812 -10.1718
7034 -4.1155 175.109 -10.1718
7035 -4.1155 175.648 -12.7467
7036 -4.1155 175.889 -12.5724
7037 -4.1155 177.839 -14.3381
7038 -4.1155 177.931 -14.056
7039 -5.1155 181.529 -11.8694
7040 -5.1155 182.081 -10.1718
7041 -5.1155 180.085 -12.9187
7042 -5.1155 178.3 -12.9187
7043 -5.1155 176.856 -11.8694
7044 -5.1155 176.304 -10.1718
7045 -5.1155 176.856 -8.47411
7046 -5.1155 178.3 -7.42481
7047 -5.1155 180.085 -7.42481
7048 -5.1155 181.529 -8.47411
7049 -4.1155 181.529 -11.8694
7050 -4.1155 180.085 -12.9187
7051 -4.1155 182.081 -10.1718
7052 -4.1155 181.529 -8.47411
7053 -4.1155 180.085 -7.42481
7054 -4.1155 178.3 -7.42481
7055 -4.1155 176.856 -8.47411
7056 -4.1155 176.304 -10.1718
7057 -4.1155 176.856 -11.8694
7058 -4.1155 178.3 -12.9187
7059 -5.1155 180.269 -10.1718
7060 -5.1155 178.116 -10.1718
7061 -4.1155 179.525 -11.1955
7062 -4.1155 178.86 -9.14801
7063 5.0371 182.737 -12.7467
7064 4.5371 182.737 -12.7467
7065 4.5371 183.573 -10.1718
7066 5.0371 183.573 -10.1718
7067 5.0371 180.546 -14.3381
7068 4.5371 180.546 -14.3381
7069 5.0371 177.839 -14.3381
7070 4.5371 177.839 -14.3381
7071 5.0371 175.648 -12.7467
7072 4.5371 175.648 -12.7467
7073 5.0371 174.812 -10.1718
7074 4.5371 174.812 -10.1718
7075 5.0371 175.648 -7.59681
7076 4.5371 175.648 -7.59681
7077 5.0371 177.839 -6.00541
7078 4.5371 177.839 -6.00541
7079 5.0371 180.546 -6.00541
7080 4.5371 180.546 -6.00541
7081 4.5371 182.737 -7.59681
7082 5.0371 182.737 -7.59681
7083 5.0371 183.277 -10.1718
7084 5.0371 182.497 -12.5724
7085 5.0371 180.455 -14.056
7086 5.0371 177.931 -14.056
7087 5.0371 175.889 -12.5724
7088 5.0371 175.109 -10.1718
7089 5.0371 175.889 -7.77121
7090 5.0371 177.931 -6.28751
7091 5.0371 180.455 -6.28751
7092 5.0371 182.497 -7.77121
7093 4.0371 180.546 -14.3381
7094 4.0371 180.455 -14.056
7095 4.0371 182.497 -12.5724
7096 4.0371 182.737 -12.7467
7097 4.0371 183.277 -10.1718
7098 4.0371 183.573 -10.1718
7099 4.0371 182.497 -7.77121
7100 4.0371 182.737 -7.59681
7101 4.0371 180.455 -6.28751
7102 4.0371 180.546 -6.00541
7103 4.0371 177.931 -6.28751
7104 4.0371 177.839 -6.00541
7105 4.0371 175.889 -7.77121
7106 4.0371 175.648 -7.59681
7107 4.0371 175.109 -10.1718
7108 4.0371 174.812 -10.1718
7109 4.0371 175.889 -12.5724
7110 4.0371 175.648 -12.7467
7111 4.0371 177.931 -14.056
7112 4.0371 177.839 -14.3381
7113 5.0371 182.081 -10.1718
7114 5.0371 181.529 -11.8694
7115 5.0371 180.085 -12.9187
7116 5.0371 178.3 -12.9187
7117 5.0371 176.856 -11.8694
7118 5.0371 176.304 -10.1718
7119 5.0371 176.856 -8.47411
7120 5.0371 178.3 -7.42481
7121 5.0371 180.085 -7.42481
7122 5.0371 181.529 -8.47411
7123 4.0371 180.085 -12.9187
7124 4.0371 181.529 -11.8694
7125 4.0371 182.081 -10.1718
7126 4.0371 181.529 -8.47411
7127 4.0371 180.085 -7.42481
7128 4.0371 178.3 -7.42481
7129 4.0371 176.856 -8.47411
7130 4.0371 176.304 -10.1718
7131 4.0371 176.856 -11.8694
7132 4.0371 178.3 -12.9187
7133 5.0371 180.269 -10.1718
7134 5.0371 178.116 -10.1718
7135 4.0371 179.525 -11.1955
7136 4.0371 178.86 -9.14801
7137 1.3707 187.694 -0.918014
7138 1.6943 187.694 0.077886
7139 1.6943 187.345 0.077886
7140 1.3707 187.345 -0.918014
7141 0.5236 187.694 -1.53351
7142 0.5236 187.345 -1.53351
7143 -0.5236 187.694 -1.53351
7144 -0.5236 187.345 -1.53351
7145 -1.3707 187.694 -0.918014
7146 -1.3707 187.345 -0.918014
7147 -1.6943 187.694 0.077886
7148 -1.6943 187.345 0.077886
7149 -1.3707 187.694 1.07379
7150 -1.3707 187.345 1.07379
7151 -0.5236 187.694 1.68929
7152 -0.5236 187.345 1.68929
7153 0.5236 187.694 1.68929
7154 0.5236 187.345 1.68929
7155 1.3707 187.694 1.07379
7156 1.3707 187.345 1.07379
7157 -1.0624 187.694 0.849686
7158 -1.3132 187.694 0.077886
7159 -0.4058 187.694 1.32679
7160 0.4058 187.694 1.32679
7161 1.0624 187.694 0.849686
7162 1.3132 187.694 0.077886
7163 1.0624 187.694 -0.694014
7164 0.4058 187.694 -1.17101
7165 -0.4058 187.694 -1.17101
7166 -1.0624 187.694 -0.694014
7167 1.3707 183.473 1.07379
7168 0.5236 183.473 1.68929
7169 0.4058 183.473 1.32679
7170 1.0624 183.473 0.849686
7171 -0.5236 183.473 1.68929
7172 -0.4058 183.473 1.32679
7173 -1.3707 183.473 1.07379
7174 -1.0624 183.473 0.849686
7175 -1.6943 183.473 0.077886
7176 -1.3132 183.473 0.077886
7177 -1.3707 183.473 -0.918014
7178 -1.0624 183.473 -0.694014
7179 -0.5236 183.473 -1.53351
7180 -0.4058 183.473 -1.17101
7181 0.5236 183.473 -1.53351
7182 0.4058 183.473 -1.17101
7183 1.3707 183.473 -0.918014
7184 1.0624 183.473 -0.694014
7185 1.6943 183.473 0.077886
7186 1.3132 183.473 0.077886
7187 1.6943 185.603 0.077886
7188 1.3707 185.603 -0.918014
7189 0.5236 185.603 -1.53351
7190 -0.5236 185.603 -1.53351
7191 -1.3707 185.603 -0.918014
7192 -1.6943 185.603 0.077886
7193 -1.3707 185.603 1.07379
7194 -0.5236 185.603 1.68929
7195 0.5236 185.603 1.68929
7196 1.3707 185.603 1.07379
7197 1.6943 183.799 0.077886
7198 1.3707 183.799 -0.918014
7199 0.5236 183.799 -1.53351
7200 -0.5236 183.799 -1.53351
7201 -1.3707 183.799 -0.918014
7202 -1.6943 183.799 0.077886
7203 -1.3707 183.799 1.07379
7204 -0.5236 183.799 1.68929
7205 0.5236 183.799 1.68929
7206 1.3707 183.799 1.07379
7207 3.7383 219.686 -14.4931
7208 3.7383 219.686 -5.38342
7209 9.5907 217.785 -5.38342
7210 9.5907 217.785 -14.4931
7211 13.1898 214.167 -5.38342
7212 13.1898 214.167 -14.4931
7213 15.518 209.627 -14.4931
7214 15.518 209.627 -5.38342
7215 16.3035 204.585 -5.38342
7216 16.3035 204.585 -14.4931
7217 15.518 199.542 -14.4931
7218 15.518 199.542 -5.38342
7219 13.1855 195.002 -5.38342
7220 13.1861 195.002 -14.4931
7221 -9.9617 191.764 -14.4931
7222 -9.9607 191.764 -5.38341
7223 -13.1855 195.002 -5.38342
7224 -13.1861 195.002 -14.4931
7225 -15.518 199.542 -14.4931
7226 -15.518 199.542 -5.38342
7227 -16.3035 204.585 -5.38342
7228 -16.3035 204.585 -14.4931
7229 -9.5907 217.785 -14.4931
7230 -9.5907 217.785 -5.38342
7231 -3.7383 219.686 -5.38342
7232 -3.7383 219.686 -14.4931
7233 -15.518 209.627 -14.4931
7234 -15.518 209.627 -5.38342
7235 -13.1898 214.167 -5.38342
7236 -13.1898 214.167 -14.4931
7237 3.1928 187.54 -5.38341
7238 3.1928 187.54 7.38148
7239 -3.1928 187.54 7.38148
7240 -3.1928 187.54 -5.38341
7241 -9.0425 187.54 7.38148
7242 -9.0425 187.54 -5.38341
7243 9.0426 187.54 -5.38341
7244 9.0426 187.54 7.38148
7245 -3.3813 187.54 -16.2329
7246 -9.0426 187.54 -14.4082
7247 -2.7858 187.54 -23.0668
7248 -7.2932 187.54 -19.7919
7249 3.3813 187.54 -16.2329
7250 2.7858 187.54 -23.0668
7251 9.0426 187.54 -14.4082
7252 7.2933 187.54 -19.7919
7253 -9.5791 188.076 -5.38341
7254 -9.5791 188.076 7.38148
7255 -9.5838 190.848 7.38148
7256 -9.5819 190.848 -5.38341
7257 -2.9649 188.076 -23.6028
7258 -7.7491 188.076 -20.1232
7259 -7.7491 190.848 -20.1232
7260 -2.9909 190.848 -23.6028
7261 -9.5792 188.076 -14.4931
7262 -9.5828 190.848 -14.4931
7263 -9.0434 188.076 7.91739
7264 -3.1928 188.076 7.91739
7265 -3.1928 190.848 7.91739
7266 -9.0478 190.848 7.91739
7267 9.5792 188.076 7.38148
7268 9.5792 188.076 -5.38341
7269 9.5819 190.848 -5.38341
7270 9.5838 190.848 7.38148
7271 9.5792 188.076 -14.4931
7272 7.7491 188.076 -20.1232
7273 7.7491 190.848 -20.1232
7274 9.5829 190.848 -14.4931
7275 2.9649 188.076 -23.6028
7276 2.9909 190.848 -23.6028
7277 3.1928 188.076 7.91739
7278 3.1928 190.848 7.91739
7279 9.0434 188.076 7.91739
7280 9.0478 190.848 7.91739
7281 -3.0269 191.384 -26.946
7282 3.0269 191.384 -26.946
7283 3.1711 191.384 -24.1387
7284 -3.1711 191.384 -24.1387
7285 3.7378 219.686 7.38148
7286 9.5907 217.785 7.38148
7287 9.5907 217.785 -21.0953
7288 3.7383 219.686 -21.0953
7289 13.1898 214.167 7.38148
7290 15.518 209.627 -21.0953
7291 13.1898 214.167 -21.0953
7292 15.518 209.627 7.38148
7293 16.3035 204.585 7.38148
7294 15.518 199.542 -21.0953
7295 16.3035 204.585 -21.0953
7296 15.518 199.542 7.38148
7297 13.1866 195.002 7.38148
7298 9.9617 191.764 -14.4931
7299 9.9653 191.764 -21.0953
7300 13.188 195.002 -21.0953
7301 -9.9627 191.764 7.38148
7302 -13.1865 195.002 7.38148
7303 -15.518 199.542 -21.0953
7304 -13.188 195.002 -21.0953
7305 -15.518 199.542 7.38148
7306 -16.3035 204.585 7.38148
7307 -15.518 209.627 -21.0953
7308 -16.3035 204.585 -21.0953
7309 -9.5907 217.785 7.38148
7310 -3.7383 219.686 7.38148
7311 -3.7383 219.686 -21.0953
7312 -9.5907 217.785 -21.0953
7313 -15.518 209.627 7.38148
7314 -13.1898 214.167 7.38148
7315 -13.1898 214.167 -21.0953
7316 9.0495 191.384 -17.8623
7317 8.2052 191.384 -20.4535
7318 9.0544 191.384 -26.946
7319 9.0512 191.384 -21.0956
7320 -8.2052 191.384 -20.4535
7321 -9.0544 191.384 -26.946
7322 -13.1898 214.167 -26.946
7323 -15.518 209.627 -26.946
7324 -16.3035 204.585 -26.946
7325 -15.518 199.542 -26.946
7326 -13.1896 195.002 -26.946
7327 -9.9684 191.764 -26.946
7328 -9.9653 191.764 -21.1541
7329 16.3035 204.585 -26.946
7330 15.518 209.627 -26.946
7331 13.1898 214.167 -26.946
7332 9.5907 217.785 -26.946
7333 9.9607 191.764 -5.38341
7334 9.9627 191.764 7.38148
7335 13.1896 195.002 -26.946
7336 15.518 199.542 -26.946
7337 -9.3619 191.92 7.91739
7338 -3.3687 191.92 7.91739
7339 -4.4841 195.319 7.91739
7340 -12.7479 195.321 7.91739
7341 -5.3518 200.176 7.91739
7342 -15.0018 199.71 7.91739
7343 -5.7042 205.535 7.91738
7344 -15.7611 204.585 7.91739
7345 -5.533 210.894 7.91738
7346 -15.0017 209.459 7.91738
7347 -3.6535 219.151 7.91738
7348 -9.302 217.315 7.91738
7349 -12.751 213.849 7.91738
7350 -4.8475 215.752 7.91738
7351 3.3687 191.92 7.91739
7352 4.484 195.319 7.91739
7353 9.3619 191.92 7.91739
7354 12.7479 195.321 7.91739
7355 5.3516 200.176 7.91739
7356 15.0018 199.71 7.91739
7357 5.7039 205.535 7.91738
7358 15.7611 204.585 7.91739
7359 5.5326 210.894 7.91738
7360 15.0017 209.459 7.91738
7361 4.847 215.752 7.91738
7362 12.751 213.849 7.91738
7363 3.6529 219.151 7.91738
7364 9.302 217.315 7.91738
7365 -9.0495 191.384 -17.8623
7366 -9.0513 191.384 -21.1613
7367 3.7383 219.686 -26.946
7368 9.9684 191.764 -26.946
7369 -3.7383 219.686 -26.946
7370 -9.5907 217.785 -26.946
7371 3.6612 219.2 -27.6998
7372 9.3317 217.364 -27.6971
7373 8.4077 215.86 -28.465
7374 3.3905 217.49 -28.465
7375 12.7912 213.878 -27.6998
7376 11.3915 212.861 -28.465
7377 15.0493 209.474 -27.6997
7378 13.4023 208.939 -28.465
7379 15.8108 204.585 -27.6998
7380 14.0807 204.585 -28.465
7381 15.0493 199.695 -27.6997
7382 13.4023 200.23 -28.465
7383 12.7912 195.291 -27.6998
7384 11.3915 196.308 -28.465
7385 9.4005 191.842 -27.6866
7386 8.6776 193.581 -28.465
7387 3.0319 191.873 -27.7009
7388 3.0319 193.581 -28.465
7389 -3.0319 191.873 -27.7009
7390 -3.0319 193.581 -28.465
7391 -9.4005 191.842 -27.6866
7392 -8.6776 193.581 -28.465
7393 -12.7912 195.291 -27.6998
7394 -11.3915 196.308 -28.465
7395 -15.0493 199.695 -27.6997
7396 -13.4023 200.23 -28.465
7397 -15.8108 204.585 -27.6998
7398 -14.0807 204.585 -28.465
7399 -15.0493 209.474 -27.6997
7400 -13.4023 208.939 -28.465
7401 -12.7912 213.878 -27.6998
7402 -11.3915 212.861 -28.465
7403 -9.3317 217.364 -27.6971
7404 -8.4077 215.86 -28.465
7405 -3.6612 219.2 -27.6998
7406 -3.3905 217.49 -28.465
7407 -9.0427 187.674 7.78339
7408 -9.3778 187.741 7.71639
7409 -9.4446 187.674 7.38148
7410 9.4447 187.674 7.38148
7411 9.3778 187.741 7.71639
7412 9.0428 187.674 7.78339
7413 -9.4453 188.076 7.78339
7414 -9.4497 190.848 7.78339
7415 -9.5395 191.366 7.79089
7416 -9.6789 191.345 7.38148
7417 -9.1267 191.384 7.91739
7418 9.4453 188.076 7.78339
7419 9.6789 191.345 7.38148
7420 9.5395 191.366 7.79089
7421 9.4498 190.848 7.78339
7422 9.1267 191.384 7.91739
7423 -9.8125 191.803 7.78339
7424 9.5447 191.479 -15.6034
7425 9.563 191.364 -14.9364
7426 9.3668 191.25 -15.5902
7427 -9.8266 191.783 -27.3991
7428 -9.5264 191.539 -27.3219
7429 -9.5509 191.479 -26.946
7430 9.8125 191.803 7.78339
7431 -9.3668 191.25 -15.5902
7432 -9.5629 191.364 -14.9364
7433 -9.5447 191.479 -15.6033
7434 9.5509 191.479 -26.946
7435 9.5264 191.539 -27.3219
7436 9.8266 191.783 -27.3991
7437 -9.6779 191.345 -14.2251
7438 -9.6769 191.345 -5.38341
7439 3.1928 187.674 7.78339
7440 -3.1928 187.674 7.78339
7441 -9.4446 187.674 -5.38341
7442 9.4447 187.674 -5.38341
7443 -9.4447 187.674 -14.4719
7444 -7.6352 187.674 -20.0404
7445 -2.9176 187.674 -23.4688
7446 2.9177 187.674 -23.4688
7447 9.4447 187.674 -14.4719
7448 7.6352 187.674 -20.0404
7449 -7.8631 191.25 -20.2058
7450 -3.0384 191.25 -23.7367
7451 -3.2368 191.384 7.91739
7452 9.6769 191.345 -5.38341
7453 7.8632 191.25 -20.2058
7454 3.0385 191.25 -23.7367
7455 9.6779 191.345 -14.2251
7456 3.2368 191.384 7.91739
7457 -3.0306 191.506 -27.4027
7458 3.0306 191.506 -27.4027
7459 3.7165 219.553 7.78338
7460 9.5185 217.668 7.78338
7461 13.0801 214.088 7.78338
7462 15.3889 209.585 7.78338
7463 16.1679 204.585 7.78338
7464 15.3889 199.585 7.78338
7465 13.0769 195.081 7.78338
7466 9.5477 191.479 -21.0954
7467 -13.0769 195.081 7.78338
7468 -15.3889 199.585 7.78338
7469 -16.1679 204.585 7.78338
7470 -9.5185 217.668 7.78338
7471 -3.7171 219.553 7.78338
7472 -15.3889 209.585 7.78338
7473 -13.0801 214.088 7.78338
7474 -9.1411 191.499 -27.3991
7475 -13.0901 214.095 -27.4024
7476 -15.4008 209.589 -27.4024
7477 -16.1803 204.585 -27.4024
7478 -15.4008 199.581 -27.4024
7479 -13.0901 195.074 -27.4024
7480 -9.5477 191.479 -21.1594
7481 16.1803 204.585 -27.4024
7482 15.4008 209.589 -27.4024
7483 13.0901 214.095 -27.4024
7484 9.5259 217.68 -27.4017
7485 13.0901 195.074 -27.4024
7486 15.4008 199.581 -27.4024
7487 9.1411 191.499 -27.3991
7488 3.7191 219.565 -27.4024
7489 -3.7191 219.565 -27.4024
7490 -9.5259 217.68 -27.4017
7491 8.0869 215.338 -28.465
7492 3.2961 216.895 -28.465
7493 10.9039 212.507 -28.465
7494 12.8286 208.753 -28.465
7495 13.4779 204.585 -28.465
7496 12.8286 200.416 -28.465
7497 10.9039 196.663 -28.465
7498 8.4301 194.176 -28.465
7499 3.0319 194.176 -28.465
7500 -3.0319 194.176 -28.465
7501 -8.4301 194.176 -28.465
7502 -10.9039 196.663 -28.465
7503 -12.8286 200.416 -28.465
7504 -13.4779 204.585 -28.465
7505 -12.8286 208.753 -28.465
7506 -10.9039 212.507 -28.465
7507 -8.0869 215.338 -28.465
7508 -3.2961 216.895 -28.465
7509 3.9196 196.922 -28.465
7510 -3.9196 196.922 -28.465
7511 4.6243 200.935 -28.465
7512 -4.6243 200.935 -28.465
7513 4.9038 205.363 -28.465
7514 -4.9038 205.363 -28.465
7515 4.7505 209.791 -28.465
7516 -4.7505 209.791 -28.465
7517 4.172 213.804 -28.465
7518 -4.172 213.804 -28.465
7519 1.21 203.531 19.7785
7520 1.21 203.531 7.88349
7521 0.9789 204.243 7.88349
7522 0.9789 204.243 19.7785
7523 0.3739 204.682 7.88349
7524 0.3739 204.682 19.7785
7525 -0.3739 204.682 7.88349
7526 -0.3739 204.682 19.7785
7527 -0.9789 204.243 7.88349
7528 -0.9789 204.243 19.7785
7529 -1.2099 203.531 7.88349
7530 -1.2099 203.531 19.7785
7531 -0.9789 202.82 7.88349
7532 -0.9789 202.82 19.7785
7533 -0.3739 202.381 7.88349
7534 -0.3739 202.381 19.7785
7535 0.3739 202.381 7.88349
7536 0.3739 202.381 19.7785
7537 0.9789 202.82 19.7785
7538 0.9789 202.82 7.88349
7539 1.21 203.531 20.1414
7540 0.9789 204.243 20.1414
7541 0.74 204.069 20.1414
7542 0.9147 203.531 20.1414
7543 0.3739 204.682 20.1414
7544 0.2827 204.401 20.1414
7545 -0.3739 204.682 20.1414
7546 -0.2827 204.401 20.1414
7547 -0.9789 204.243 20.1414
7548 -0.74 204.069 20.1414
7549 -1.2099 203.531 20.1414
7550 -0.9147 203.531 20.1414
7551 -0.9789 202.82 20.1414
7552 -0.74 202.994 20.1414
7553 -0.3739 202.381 20.1414
7554 -0.2827 202.661 20.1414
7555 0.3739 202.381 20.1414
7556 0.2827 202.661 20.1414
7557 0.9789 202.82 20.1414
7558 0.74 202.994 20.1414
7559 0.3739 204.682 7.52048
7560 0.9789 204.243 7.52048
7561 0.74 204.069 7.52048
7562 0.2827 204.401 7.52048
7563 1.21 203.531 7.52048
7564 0.9147 203.531 7.52048
7565 0.9789 202.82 7.52048
7566 0.74 202.994 7.52048
7567 0.3739 202.381 7.52048
7568 0.2827 202.661 7.52048
7569 -0.3739 202.381 7.52048
7570 -0.2827 202.661 7.52048
7571 -0.9789 202.82 7.52048
7572 -0.74 202.994 7.52048
7573 -1.2099 203.531 7.52048
7574 -0.9147 203.531 7.52048
7575 -0.9789 204.243 7.52048
7576 -0.74 204.069 7.52048
7577 -0.3739 204.682 7.52048
7578 -0.2827 204.401 7.52048
7579 0.3409 203.531 20.1414
7580 -0.3409 203.531 20.1414
7581 0.1053 203.856 7.52048
7582 -0.1053 203.207 7.52048
7583 74.987 203.531 20.0391
7584 73.7777 217 20.0391
7585 72.7653 216.817 20.0391
7586 73.9581 203.531 20.0391
7587 73.8501 203.531 19.9315
7588 72.6589 216.798 19.9315
7589 72.6589 216.798 19.1867
7590 73.8501 203.531 19.1867
7591 70.2912 229.682 20.0391
7592 69.327 229.323 20.0391
7593 69.2257 229.286 19.9315
7594 69.2257 229.286 19.1867
7595 64.7405 241.363 20.0391
7596 63.8528 240.843 20.0391
7597 63.7596 240.788 19.9315
7598 63.7596 240.788 19.1867
7599 57.3385 251.829 20.0391
7600 56.5522 251.166 20.0391
7601 56.4696 251.097 19.9315
7602 56.4696 251.097 19.1867
7603 48.2979 260.87 20.0391
7604 47.635 260.084 20.0391
7605 47.5654 260.001 19.9315
7606 47.5654 260.001 19.1867
7607 37.831 268.272 20.0391
7608 37.3114 267.384 20.0391
7609 37.2569 267.291 19.9315
7610 37.2569 267.291 19.1867
7611 26.1502 273.823 20.0391
7612 25.7917 272.858 20.0391
7613 25.754 272.757 19.9315
7614 25.754 272.757 19.1867
7615 13.4683 277.309 20.0391
7616 13.2852 276.297 20.0391
7617 13.266 276.19 19.9315
7618 13.266 276.19 19.1867
7619 0 278.518 20.0391
7620 0 277.49 20.0391
7621 0 277.382 19.9315
7622 0 277.382 19.1867
7623 -13.4683 277.309 20.0391
7624 -13.2852 276.297 20.0391
7625 -13.266 276.19 19.9315
7626 -13.266 276.19 19.1867
7627 -26.1502 273.823 20.0391
7628 -25.7917 272.858 20.0391
7629 -25.754 272.757 19.9315
7630 -25.754 272.757 19.1867
7631 -37.831 268.272 20.0391
7632 -37.3114 267.384 20.0391
7633 -37.2569 267.291 19.9315
7634 -37.2569 267.291 19.1867
7635 -48.2979 260.87 20.0391
7636 -47.635 260.084 20.0391
7637 -47.5654 260.001 19.9315
7638 -47.5654 260.001 19.1867
7639 -57.3385 251.829 20.0391
7640 -56.5522 251.166 20.0391
7641 -56.4696 251.097 19.9315
7642 -56.4696 251.097 19.1867
7643 -64.7405 241.363 20.0391
7644 -63.8528 240.843 20.0391
7645 -63.7596 240.788 19.9315
7646 -63.7596 240.788 19.1867
7647 -70.2912 229.682 20.0391
7648 -69.327 229.323 20.0391
7649 -69.2257 229.286 19.9315
7650 -69.2257 229.286 19.1867
7651 -73.7777 217 20.0391
7652 -72.7652 216.817 20.0391
7653 -72.6589 216.797 19.9315
7654 -72.6589 216.797 19.1867
7655 -74.987 203.531 20.0391
7656 -73.9581 203.531 20.0391
7657 -73.8501 203.531 19.9315
7658 -73.8501 203.531 19.1867
7659 -73.7777 190.063 20.0391
7660 -72.7653 190.246 20.0391
7661 -72.6589 190.266 19.9315
7662 -72.6589 190.266 19.1867
7663 -70.2912 177.381 20.0391
7664 -69.327 177.74 20.0391
7665 -69.2257 177.777 19.9315
7666 -69.2257 177.777 19.1867
7667 -64.7405 165.7 20.0391
7668 -63.8528 166.22 20.0391
7669 -63.7596 166.275 19.9315
7670 -63.7596 166.275 19.1867
7671 -57.3385 155.234 20.0391
7672 -56.5522 155.897 20.0391
7673 -56.4696 155.966 19.9315
7674 -56.4696 155.966 19.1867
7675 -48.2979 146.193 20.0391
7676 -47.635 146.979 20.0391
7677 -47.5654 147.062 19.9315
7678 -47.5654 147.062 19.1867
7679 -37.831 138.791 20.0391
7680 -37.3114 139.679 20.0391
7681 -37.2569 139.772 19.9315
7682 -37.2569 139.772 19.1867
7683 -26.1502 133.24 20.0391
7684 -25.7917 134.204 20.0391
7685 -25.754 134.306 19.9315
7686 -25.754 134.306 19.1867
7687 -13.4683 129.754 20.0391
7688 -13.2852 130.766 20.0391
7689 -13.266 130.872 19.9315
7690 -13.266 130.872 19.1867
7691 0 128.544 20.0391
7692 0 129.573 20.0391
7693 0 129.681 19.9315
7694 0 129.681 19.1867
7695 13.4683 129.754 20.0391
7696 13.2852 130.766 20.0391
7697 13.266 130.872 19.9315
7698 13.266 130.872 19.1867
7699 26.1502 133.24 20.0391
7700 25.7917 134.204 20.0391
7701 25.754 134.306 19.9315
7702 25.754 134.306 19.1867
7703 37.831 138.791 20.0391
7704 37.3114 139.679 20.0391
7705 37.2569 139.772 19.9315
7706 37.2569 139.772 19.1867
7707 48.2979 146.193 20.0391
7708 47.635 146.979 20.0391
7709 47.5654 147.062 19.9315
7710 47.5654 147.062 19.1867
7711 57.3385 155.234 20.0391
7712 56.5522 155.897 20.0391
7713 56.4696 155.966 19.9315
7714 56.4696 155.966 19.1867
7715 64.7405 165.7 20.0391
7716 63.8528 166.22 20.0391
7717 63.7596 166.275 19.9315
7718 63.7596 166.275 19.1867
7719 70.2912 177.381 20.0391
7720 69.327 177.74 20.0391
7721 69.2257 177.777 19.9315
7722 69.2257 177.777 19.1867
7723 73.7777 190.063 20.0391
7724 72.7652 190.246 20.0391
7725 72.6589 190.266 19.9315
7726 72.6589 190.266 19.1867
7727 73.884 217.019 19.1867
7728 73.884 217.019 19.9315
7729 75.0951 203.531 19.9315
7730 75.0951 203.531 19.1867
7731 70.3925 229.719 19.1867
7732 70.3925 229.719 19.9315
7733 64.8337 241.417 19.1867
7734 64.8337 241.417 19.9315
7735 57.4211 251.899 19.1867
7736 57.4211 251.899 19.9315
7737 48.3675 260.953 19.1867
7738 48.3675 260.953 19.9315
7739 37.8856 268.365 19.1867
7740 37.8856 268.365 19.9315
7741 26.1878 273.924 19.1867
7742 26.1878 273.924 19.9315
7743 13.4875 277.415 19.1867
7744 13.4875 277.415 19.9315
7745 0 278.626 19.1867
7746 0 278.626 19.9315
7747 -13.4875 277.415 19.1867
7748 -13.4875 277.415 19.9315
7749 -26.1878 273.924 19.1867
7750 -26.1878 273.924 19.9315
7751 -37.8856 268.365 19.1867
7752 -37.8856 268.365 19.9315
7753 -48.3675 260.953 19.1867
7754 -48.3675 260.953 19.9315
7755 -57.4211 251.899 19.1867
7756 -57.4211 251.899 19.9315
7757 -64.8337 241.417 19.1867
7758 -64.8337 241.417 19.9315
7759 -70.3925 229.719 19.1867
7760 -70.3925 229.719 19.9315
7761 -73.884 217.019 19.1867
7762 -73.884 217.019 19.9315
7763 -75.0951 203.531 19.1867
7764 -75.0951 203.531 19.9315
7765 -73.884 190.044 19.1867
7766 -73.884 190.044 19.9315
7767 -70.3925 177.344 19.1867
7768 -70.3925 177.344 19.9315
7769 -64.8337 165.646 19.1867
7770 -64.8337 165.646 19.9315
7771 -57.4211 155.164 19.1867
7772 -57.4211 155.164 19.9315
7773 -48.3675 146.11 19.1867
7774 -48.3675 146.11 19.9315
7775 -37.8856 138.698 19.1867
7776 -37.8856 138.698 19.9315
7777 -26.1878 133.139 19.1867
7778 -26.1878 133.139 19.9315
7779 -13.4875 129.647 19.1867
7780 -13.4875 129.647 19.9315
7781 0 128.436 19.1867
7782 0 128.436 19.9315
7783 13.4875 129.647 19.1867
7784 13.4875 129.647 19.9315
7785 26.1878 133.139 19.1867
7786 26.1878 133.139 19.9315
7787 37.8856 138.698 19.1867
7788 37.8856 138.698 19.9315
7789 48.3675 146.11 19.1867
7790 48.3675 146.11 19.9315
7791 57.4211 155.164 19.1867
7792 57.4211 155.164 19.9315
7793 64.8337 165.646 19.1867
7794 64.8337 165.646 19.9315
7795 70.3925 177.344 19.1867
7796 70.3925 177.344 19.9315
7797 73.884 190.044 19.1867
7798 73.884 190.044 19.9315
7799 69.327 229.323 19.0791
7800 63.8528 240.843 19.0791
7801 64.7405 241.363 19.0791
7802 70.2912 229.682 19.0791
7803 56.5522 251.166 19.0791
7804 57.3385 251.829 19.0791
7805 47.635 260.084 19.0791
7806 48.2979 260.87 19.0791
7807 37.3114 267.384 19.0791
7808 37.831 268.272 19.0791
7809 25.7917 272.858 19.0791
7810 26.1502 273.823 19.0791
7811 13.2852 276.297 19.0791
7812 13.4683 277.309 19.0791
7813 0 277.49 19.0791
7814 0 278.518 19.0791
7815 -13.2852 276.297 19.0791
7816 -13.4683 277.309 19.0791
7817 -25.7917 272.858 19.0791
7818 -26.1502 273.823 19.0791
7819 -37.3114 267.384 19.0791
7820 -37.831 268.272 19.0791
7821 -47.635 260.084 19.0791
7822 -48.2979 260.87 19.0791
7823 -56.5522 251.166 19.0791
7824 -57.3385 251.829 19.0791
7825 -63.8528 240.843 19.0791
7826 -64.7405 241.363 19.0791
7827 -69.327 229.323 19.0791
7828 -70.2912 229.682 19.0791
7829 -72.7652 216.817 19.0791
7830 -73.7777 217 19.0791
7831 -73.9581 203.531 19.0791
7832 -74.987 203.531 19.0791
7833 -72.7653 190.246 19.0791
7834 -73.7777 190.063 19.0791
7835 -69.327 177.74 19.0791
7836 -70.2912 177.381 19.0791
7837 -63.8528 166.22 19.0791
7838 -64.7405 165.7 19.0791
7839 -56.5522 155.897 19.0791
7840 -57.3385 155.234 19.0791
7841 -47.635 146.979 19.0791
7842 -48.2979 146.193 19.0791
7843 -37.3114 139.679 19.0791
7844 -37.831 138.791 19.0791
7845 -25.7917 134.204 19.0791
7846 -26.1502 133.24 19.0791
7847 -13.2852 130.766 19.0791
7848 -13.4683 129.754 19.0791
7849 0 129.573 19.0791
7850 0 128.544 19.0791
7851 13.2852 130.766 19.0791
7852 13.4683 129.754 19.0791
7853 25.7917 134.204 19.0791
7854 26.1502 133.24 19.0791
7855 37.3114 139.679 19.0791
7856 37.831 138.791 19.0791
7857 47.635 146.979 19.0791
7858 48.2979 146.193 19.0791
7859 56.5522 155.897 19.0791
7860 57.3385 155.234 19.0791
7861 63.8528 166.22 19.0791
7862 64.7405 165.7 19.0791
7863 69.327 177.74 19.0791
7864 70.2912 177.381 19.0791
7865 72.7652 190.246 19.0791
7866 73.7777 190.063 19.0791
7867 73.9581 203.531 19.0791
7868 74.987 203.531 19.0791
7869 72.7653 216.817 19.0791
7870 73.7777 217 19.0791
7871 73.9581 203.531 18.1191
7872 72.7653 216.817 18.1191
7873 73.7777 217 18.1191
7874 74.987 203.531 18.1191
7875 75.0951 203.531 18.2267
7876 73.884 217.019 18.2267
7877 73.884 217.019 18.9715
7878 75.0951 203.531 18.9715
7879 69.327 229.323 18.1191
7880 70.2912 229.682 18.1191
7881 70.3925 229.719 18.2267
7882 70.3925 229.719 18.9715
7883 63.8528 240.843 18.1191
7884 64.7405 241.363 18.1191
7885 64.8337 241.417 18.2267
7886 64.8337 241.417 18.9715
7887 56.5522 251.166 18.1191
7888 57.3385 251.829 18.1191
7889 57.4211 251.899 18.2267
7890 57.4211 251.899 18.9715
7891 47.635 260.084 18.1191
7892 48.2979 260.87 18.1191
7893 48.3675 260.953 18.2267
7894 48.3675 260.953 18.9715
7895 37.3114 267.384 18.1191
7896 37.831 268.272 18.1191
7897 37.8856 268.365 18.2267
7898 37.8856 268.365 18.9715
7899 25.7917 272.858 18.1191
7900 26.1502 273.823 18.1191
7901 26.1878 273.924 18.2267
7902 26.1878 273.924 18.9715
7903 13.2852 276.297 18.1191
7904 13.4683 277.309 18.1191
7905 13.4875 277.415 18.2267
7906 13.4875 277.415 18.9715
7907 0 277.49 18.1191
7908 0 278.518 18.1191
7909 0 278.626 18.2267
7910 0 278.626 18.9715
7911 -13.2852 276.297 18.1191
7912 -13.4683 277.309 18.1191
7913 -13.4875 277.415 18.2267
7914 -13.4875 277.415 18.9715
7915 -25.7917 272.858 18.1191
7916 -26.1502 273.823 18.1191
7917 -26.1878 273.924 18.2267
7918 -26.1878 273.924 18.9715
7919 -37.3114 267.384 18.1191
7920 -37.831 268.272 18.1191
7921 -37.8856 268.365 18.2267
7922 -37.8856 268.365 18.9715
7923 -47.635 260.084 18.1191
7924 -48.2979 260.87 18.1191
7925 -48.3675 260.953 18.2267
7926 -48.3675 260.953 18.9715
7927 -56.5522 251.166 18.1191
7928 -57.3385 251.829 18.1191
7929 -57.4211 251.899 18.2267
7930 -57.4211 251.899 18.9715
7931 -63.8528 240.843 18.1191
7932 -64.7405 241.363 18.1191
7933 -64.8337 241.417 18.2267
7934 -64.8337 241.417 18.9715
7935 -69.327 229.323 18.1191
7936 -70.2912 229.682 18.1191
7937 -70.3925 229.719 18.2267
7938 -70.3925 229.719 18.9715
7939 -72.7652 216.817 18.1191
7940 -73.7777 217 18.1191
7941 -73.884 217.019 18.2267
7942 -73.884 217.019 18.9715
7943 -73.9581 203.531 18.1191
7944 -74.987 203.531 18.1191
7945 -75.0951 203.531 18.2267
7946 -75.0951 203.531 18.9715
7947 -72.7653 190.246 18.1191
7948 -73.7777 190.063 18.1191
7949 -73.884 190.044 18.2267
7950 -73.884 190.044 18.9715
7951 -69.327 177.74 18.1191
7952 -70.2912 177.381 18.1191
7953 -70.3925 177.344 18.2267
7954 -70.3925 177.344 18.9715
7955 -63.8528 166.22 18.1191
7956 -64.7405 165.7 18.1191
7957 -64.8337 165.646 18.2267
7958 -64.8337 165.646 18.9715
7959 -56.5522 155.897 18.1191
7960 -57.3385 155.234 18.1191
7961 -57.4211 155.164 18.2267
7962 -57.4211 155.164 18.9715
7963 -47.635 146.979 18.1191
7964 -48.2979 146.193 18.1191
7965 -48.3675 146.11 18.2267
7966 -48.3675 146.11 18.9715
7967 -37.3114 139.679 18.1191
7968 -37.831 138.791 18.1191
7969 -37.8856 138.698 18.2267
7970 -37.8856 138.698 18.9715
7971 -25.7917 134.204 18.1191
7972 -26.1502 133.24 18.1191
7973 -26.1878 133.139 18.2267
7974 -26.1878 133.139 18.9715
7975 -13.2852 130.766 18.1191
7976 -13.4683 129.754 18.1191
7977 -13.4875 129.647 18.2267
7978 -13.4875 129.647 18.9715
7979 0 129.573 18.1191
7980 0 128.544 18.1191
7981 0 128.436 18.2267
7982 0 128.436 18.9715
7983 13.2852 130.766 18.1191
7984 13.4683 129.754 18.1191
7985 13.4875 129.647 18.2267
7986 13.4875 129.647 18.9715
7987 25.7917 134.204 18.1191
7988 26.1502 133.24 18.1191
7989 26.1878 133.139 18.2267
7990 26.1878 133.139 18.9715
7991 37.3114 139.679 18.1191
7992 37.831 138.791 18.1191
7993 37.8856 138.698 18.2267
7994 37.8856 138.698 18.9715
7995 47.635 146.979 18.1191
7996 48.2979 146.193 18.1191
7997 48.3675 146.11 18.2267
7998 48.3675 146.11 18.9715
7999 56.5522 155.897 18.1191
8000 57.3385 155.234 18.1191
8001 57.4211 155.164 18.2267
8002 57.4211 155.164 18.9715
8003 63.8528 166.22 18.1191
8004 64.7405 165.7 18.1191
8005 64.8337 165.646 18.2267
8006 64.8337 165.646 18.9715
8007 69.327 177.74 18.1191
8008 70.2912 177.381 18.1191
8009 70.3925 177.344 18.2267
8010 70.3925 177.344 18.9715
8011 72.7652 190.246 18.1191
8012 73.7777 190.063 18.1191
8013 73.884 190.044 18.2267
8014 73.884 190.044 18.9715
8015 72.6589 216.798 18.9715
8016 72.6589 216.798 18.2267
8017 73.8501 203.531 18.2267
8018 73.8501 203.531 18.9715
8019 69.2257 229.286 18.9715
8020 69.2257 229.286 18.2267
8021 63.7596 240.788 18.9715
8022 63.7596 240.788 18.2267
8023 56.4696 251.097 18.9715
8024 56.4696 251.097 18.2267
8025 47.5654 260.001 18.9715
8026 47.5654 260.001 18.2267
8027 37.2569 267.291 18.9715
8028 37.2569 267.291 18.2267
8029 25.754 272.757 18.9715
8030 25.754 272.757 18.2267
8031 13.266 276.19 18.9715
8032 13.266 276.19 18.2267
8033 0 277.382 18.9715
8034 0 277.382 18.2267
8035 -13.266 276.19 18.9715
8036 -13.266 276.19 18.2267
8037 -25.754 272.757 18.9715
8038 -25.754 272.757 18.2267
8039 -37.2569 267.291 18.9715
8040 -37.2569 267.291 18.2267
8041 -47.5654 260.001 18.9715
8042 -47.5654 260.001 18.2267
8043 -56.4696 251.097 18.9715
8044 -56.4696 251.097 18.2267
8045 -63.7596 240.788 18.9715
8046 -63.7596 240.788 18.2267
8047 -69.2257 229.286 18.9715
8048 -69.2257 229.286 18.2267
8049 -72.6589 216.797 18.9715
8050 -72.6589 216.797 18.2267
8051 -73.8501 203.531 18.9715
8052 -73.8501 203.531 18.2267
8053 -72.6589 190.266 18.9715
8054 -72.6589 190.266 18.2267
8055 -69.2257 177.777 18.9715
8056 -69.2257 177.777 18.2267
8057 -63.7596 166.275 18.9715
8058 -63.7596 166.275 18.2267
8059 -56.4696 155.966 18.9715
8060 -56.4696 155.966 18.2267
8061 -47.5654 147.062 18.9715
8062 -47.5654 147.062 18.2267
8063 -37.2569 139.772 18.9715
8064 -37.2569 139.772 18.2267
8065 -25.754 134.306 18.9715
8066 -25.754 134.306 18.2267
8067 -13.266 130.872 18.9715
8068 -13.266 130.872 18.2267
8069 0 129.681 18.9715
8070 0 129.681 18.2267
8071 13.266 130.872 18.9715
8072 13.266 130.872 18.2267
8073 25.754 134.306 18.9715
8074 25.754 134.306 18.2267
8075 37.2569 139.772 18.9715
8076 37.2569 139.772 18.2267
8077 47.5654 147.062 18.9715
8078 47.5654 147.062 18.2267
8079 56.4696 155.966 18.9715
8080 56.4696 155.966 18.2267
8081 63.7596 166.275 18.9715
8082 63.7596 166.275 18.2267
8083 69.2257 177.777 18.9715
8084 69.2257 177.777 18.2267
8085 72.6589 190.266 18.9715
8086 72.6589 190.266 18.2267
8087 -73.9581 203.531 19.0791
8088 73.7691 209.295 19.6591
8089 69.5126 208.811 23.916
8090 69.6866 208.516 24.1777
8091 74.1517 208.836 19.9375
8092 69.5562 208.2 23.916
8093 73.8383 208.327 19.6591
8094 69.3792 208.494 23.6504
8095 73.4545 208.786 19.3655
8096 65.6677 208.468 25.9079
8097 46.4542 207.094 29.2219
8098 46.5115 206.859 29.4569
8099 65.7975 208.238 26.1305
8100 46.4882 206.618 29.2219
8101 65.7017 207.992 25.9079
8102 46.4308 206.853 28.9868
8103 65.5718 208.222 25.6854
8104 25.0013 205.559 32.9221
8105 25.0184 205.321 33.164
8106 25.0353 205.083 32.9221
8107 25.0183 205.321 32.6801
8108 20.8982 205.266 32.2172
8109 20.895 205.026 32.4557
8110 20.9323 204.79 32.2172
8111 20.9355 205.029 31.9787
8112 10.3823 204.763 28.8582
8113 10.3667 204.273 29.2849
8114 10.4518 203.79 28.8582
8115 10.4358 204.278 28.4574
8116 10.4433 203.044 28.8582
8117 20.968 203.293 32.2172
8118 20.9477 203.531 32.4557
8119 10.3928 203.531 29.2849
8120 20.968 203.77 32.2172
8121 10.4433 204.019 28.8582
8122 20.9883 203.531 31.9787
8123 10.4621 203.531 28.4574
8124 25.0814 203.293 32.9221
8125 25.0815 203.531 33.164
8126 25.0814 203.77 32.9221
8127 25.0813 203.531 32.6801
8128 46.5883 203.293 29.2219
8129 46.6287 203.531 29.4569
8130 46.5883 203.77 29.2219
8131 46.5478 203.531 28.9868
8132 65.8501 203.293 25.9079
8133 65.9632 203.531 26.1305
8134 65.8501 203.77 25.9079
8135 65.737 203.531 25.6854
8136 69.7096 203.225 23.9159
8137 73.9896 203.046 19.6591
8138 74.3385 203.531 19.9375
8139 69.8622 203.531 24.1776
8140 73.9896 204.017 19.6591
8141 69.7096 203.837 23.9159
8142 73.6396 203.531 19.3655
8143 69.554 203.531 23.6504
8144 73.1856 214.471 19.6591
8145 68.9733 213.689 23.916
8146 69.1676 213.407 24.1777
8147 73.5995 214.04 19.9375
8148 69.0598 213.083 23.916
8149 73.3227 213.511 19.6591
8150 68.8626 213.364 23.6505
8151 72.9076 213.941 19.3655
8152 65.162 213.076 25.9079
8153 46.0914 210.354 29.2219
8154 46.1652 210.123 29.4569
8155 65.3077 212.856 26.1304
8156 46.1589 209.881 29.2219
8157 65.2294 212.604 25.9079
8158 46.0851 210.112 28.9868
8159 65.0837 212.824 25.6853
8160 24.7983 207.313 32.9221
8161 24.8321 207.077 33.164
8162 24.8658 206.841 32.9221
8163 24.832 207.077 32.6801
8164 20.7258 206.732 32.2172
8165 20.7395 206.493 32.4557
8166 20.7932 206.26 32.2172
8167 20.7796 206.499 31.9787
8168 10.2706 205.49 28.8582
8169 10.2895 205.001 29.2849
8170 10.4084 204.525 28.8582
8171 10.3581 205.01 28.4574
8172 72.2518 219.533 19.6591
8173 68.1039 218.46 23.9161
8174 68.3172 218.193 24.1777
8175 72.6947 219.132 19.9376
8176 68.2323 217.862 23.9161
8177 72.4554 218.585 19.6591
8178 68.016 218.128 23.6505
8179 72.0113 218.986 19.3655
8180 64.3443 217.584 25.9079
8181 45.5081 213.542 29.2219
8182 45.5977 213.317 29.4569
8183 64.505 217.375 26.1304
8184 45.6082 213.076 29.2219
8185 64.4444 217.118 25.9079
8186 45.5186 213.3 28.9868
8187 64.2837 217.327 25.6853
8188 24.4767 209.028 32.9221
8189 24.5269 208.795 33.164
8190 24.5768 208.562 32.9221
8191 24.5267 208.795 32.6801
8192 20.4543 208.165 32.2172
8193 20.4845 207.928 32.4557
8194 20.5544 207.699 32.2172
8195 20.5242 207.936 31.9787
8196 10.1101 206.2 28.8582
8197 10.1631 205.713 29.2849
8198 10.3147 205.247 28.8582
8199 10.2308 205.727 28.4574
8200 70.9804 224.469 19.6591
8201 66.9161 223.113 23.9161
8202 67.1473 222.861 24.1778
8203 71.4498 224.099 19.9376
8204 67.0854 222.524 23.9161
8205 71.2488 223.536 19.6591
8206 66.8512 222.775 23.6506
8207 70.7782 223.906 19.3655
8208 63.2257 221.98 25.9079
8209 44.712 216.651 29.2219
8210 44.8168 216.433 29.4569
8211 63.4004 221.782 26.1304
8212 44.844 216.192 29.2219
8213 63.3577 221.522 25.9079
8214 44.7391 216.41 28.9868
8215 63.183 221.719 25.6853
8216 24.0408 210.7 32.9221
8217 24.1069 210.471 33.164
8218 24.1728 210.242 32.9221
8219 24.1067 210.471 32.6801
8220 20.0873 209.562 32.2172
8221 20.1337 209.327 32.4557
8222 20.2192 209.104 32.2172
8223 20.1727 209.339 31.9787
8224 9.9027 206.889 28.8582
8225 9.9891 206.407 29.2849
8226 10.1724 205.952 28.8582
8227 10.0556 206.426 28.4574
8228 69.384 229.265 19.6591
8229 65.4219 227.635 23.9161
8230 65.6698 227.399 24.1777
8231 69.8776 228.928 19.9376
8232 65.631 227.059 23.9161
8233 69.7154 228.353 19.6591
8234 65.3802 227.294 23.6505
8235 69.2207 228.689 19.3655
8236 61.8175 226.253 25.9079
8237 43.7112 219.672 29.2219
8238 43.8307 219.462 29.4569
8239 62.0053 226.067 26.1304
8240 43.8742 219.224 29.2219
8241 61.9804 225.804 25.9079
8242 43.7547 219.434 28.9868
8243 61.7926 225.99 25.6853
8244 23.4949 212.324 32.9221
8245 23.5765 212.1 33.164
8246 23.6579 211.876 32.9221
8247 23.5763 212.1 32.6801
8248 19.6283 210.919 32.2172
8249 19.6907 210.688 32.4557
8250 19.7913 210.471 32.2172
8251 19.7289 210.702 31.9787
8252 9.6502 207.557 28.8582
8253 9.7693 207.082 29.2849
8254 9.9832 206.641 28.8582
8255 9.8344 207.106 28.4574
8256 67.4754 233.909 19.6591
8257 63.6332 232.014 23.916
8258 63.8965 231.796 24.1777
8259 67.9907 233.607 19.9376
8260 63.8808 231.454 23.916
8261 67.8678 233.022 19.6591
8262 63.6147 231.671 23.6505
8263 67.3515 233.324 19.3655
8264 60.1309 230.391 25.9079
8265 42.5137 222.598 29.2219
8266 42.6471 222.396 29.4569
8267 60.3308 230.218 26.1304
8268 42.7066 222.162 29.2219
8269 60.3238 229.954 25.9079
8270 42.5732 222.363 28.9868
8271 60.1239 230.127 25.6854
8272 22.8433 213.897 32.9221
8273 22.9399 213.678 33.164
8274 23.0363 213.46 32.9221
8275 22.9397 213.678 32.6801
8276 19.0811 212.232 32.2172
8277 19.1591 212.006 32.4557
8278 19.2741 211.796 32.2172
8279 19.1962 212.023 31.9787
8280 9.3544 208.202 28.8582
8281 9.5055 207.736 29.2849
8282 9.7488 207.311 28.8582
8283 9.5688 207.764 28.4574
8284 65.2671 238.389 19.6591
8285 61.5619 236.239 23.9159
8286 61.8394 236.039 24.1776
8287 65.8016 238.122 19.9375
8288 61.8467 235.697 23.9159
8289 65.7185 237.53 19.6591
8290 61.5666 235.896 23.6504
8291 65.1829 237.797 19.3655
8292 58.1771 234.383 25.9079
8293 41.1273 225.421 29.2219
8294 41.274 225.228 29.4569
8295 58.3882 234.225 26.1305
8296 41.3492 224.998 29.2219
8297 58.399 233.961 25.9079
8298 41.2025 225.191 28.9868
8299 58.1879 234.12 25.6854
8300 22.0903 215.413 32.9221
8301 22.2013 215.202 33.164
8302 22.3122 214.991 32.9221
8303 22.2012 215.202 32.6801
8304 18.4492 213.499 32.2172
8305 18.5422 213.279 32.4557
8306 18.6712 213.077 32.2172
8307 18.5781 213.297 31.9787
8308 9.0173 208.822 28.8582
8309 9.1994 208.367 29.2849
8310 9.4709 207.959 28.8582
8311 9.2607 208.4 28.4574
8312 62.7719 242.692 19.6591
8313 59.2199 240.298 23.9159
8314 59.5102 240.117 24.1776
8315 63.3232 242.462 19.9375
8316 59.5405 239.777 23.9159
8317 63.28 241.866 19.6591
8318 59.2476 239.956 23.6504
8319 62.7277 242.096 19.3655
8320 55.9675 238.219 25.908
8321 39.5601 228.132 29.2219
8322 39.7194 227.95 29.4569
8323 56.1888 238.076 26.1305
8324 39.8099 227.726 29.2219
8325 56.2173 237.813 25.908
8326 39.6505 227.908 28.9868
8327 55.996 237.957 25.6854
8328 21.2401 216.869 32.9221
8329 21.3651 216.666 33.164
8330 21.4899 216.463 32.9221
8331 21.3649 216.666 32.6801
8332 17.7362 214.715 32.2172
8333 17.8438 214.501 32.4557
8334 17.986 214.309 32.2172
8335 17.8784 214.523 31.9787
8336 8.6406 209.416 28.8582
8337 8.8529 208.974 29.2849
8338 9.1512 208.585 28.8582
8339 8.9119 209.01 28.4574
8340 60.0024 246.806 19.6591
8341 56.6191 244.18 23.9158
8342 56.9208 244.019 24.1775
8343 60.5679 246.613 19.9375
8344 56.9739 243.681 23.9158
8345 60.5647 246.015 19.6591
8346 56.6697 243.84 23.6503
8347 59.9983 246.208 19.3655
8348 53.5133 241.887 25.908
8349 37.8199 230.725 29.2219
8350 37.9911 230.554 29.4569
8351 53.7438 241.759 26.1305
8352 38.0964 230.336 29.2219
8353 53.7898 241.499 25.908
8354 37.9252 230.507 28.9868
8355 53.5593 241.628 25.6855
8356 20.2971 218.261 32.9221
8357 20.4354 218.067 33.164
8358 20.5736 217.872 32.9221
8359 20.4353 218.066 32.6801
8360 16.9457 215.877 32.2172
8361 17.0674 215.671 32.4557
8362 17.2221 215.488 32.2172
8363 17.1004 215.695 31.9787
8364 8.2262 209.981 28.8582
8365 8.4677 209.554 29.2849
8366 8.7913 209.186 28.8582
8367 8.5241 209.594 28.4574
8368 56.9713 250.717 19.6591
8369 53.7714 247.871 23.9158
8370 54.0832 247.731 24.1774
8371 57.5484 250.563 19.9375
8372 54.1587 247.397 23.9158
8373 57.5852 249.966 19.6591
8374 53.8446 247.536 23.6502
8375 57.0072 250.12 19.3655
8376 50.8258 245.377 25.908
8377 35.9149 233.191 29.2219
8378 36.0971 233.032 29.4569
8379 51.0644 245.264 26.1305
8380 36.2168 232.821 29.2219
8381 51.1277 245.007 25.908
8382 36.0345 232.98 28.9868
8383 50.8891 245.12 25.6855
8384 19.2656 219.584 32.9221
8385 19.4166 219.399 33.164
8386 19.5675 219.215 32.9221
8387 19.4165 219.399 32.6801
8388 16.0813 216.982 32.2172
8389 16.2165 216.784 32.4557
8390 16.3831 216.612 32.2172
8391 16.2479 216.81 31.9787
8392 7.7761 210.516 28.8582
8393 8.0455 210.107 29.2849
8394 8.393 209.761 28.8582
8395 8.0992 210.15 28.4574
8396 53.6912 254.415 19.6591
8397 50.6887 251.361 23.9157
8398 51.0092 251.242 24.1774
8399 54.2774 254.299 19.9375
8400 51.1068 250.914 23.9157
8401 54.354 253.706 19.6591
8402 50.7841 251.031 23.6502
8403 53.7669 253.821 19.3655
8404 47.9163 248.676 25.908
8405 33.8529 235.522 29.2219
8406 34.0454 235.375 29.4569
8407 48.1618 248.579 26.1306
8408 34.1787 235.173 29.2219
8409 48.2421 248.327 25.908
8410 33.9863 235.32 28.9868
8411 47.9965 248.424 25.6855
8412 18.1499 220.834 32.9221
8413 18.3129 220.66 33.164
8414 18.4758 220.486 32.9221
8415 18.3128 220.66 32.6801
8416 15.1466 218.025 32.2172
8417 15.2947 217.837 32.4557
8418 15.4724 217.677 32.2172
8419 15.3243 217.865 31.9787
8420 7.292 211.019 28.8582
8421 7.5882 210.629 29.2849
8422 7.958 210.307 28.8582
8423 7.6388 210.676 28.4574
8424 50.1749 257.885 19.6591
8425 47.3828 254.638 23.9157
8426 47.7106 254.541 24.1774
8427 50.7675 257.809 19.9375
8428 47.8299 254.22 23.9157
8429 50.8834 257.223 19.6591
8430 47.5 254.316 23.6502
8431 50.29 257.298 19.3655
8432 44.7959 251.774 25.908
8433 31.6419 237.71 29.2219
8434 31.8437 237.577 29.4569
8435 45.0474 251.693 26.1306
8436 31.9903 237.384 29.2219
8437 45.1442 251.448 25.908
8438 31.7885 237.518 28.9868
8439 44.8927 251.528 25.6855
8440 16.9544 222.007 32.9221
8441 17.1286 221.844 33.164
8442 17.3027 221.681 32.9221
8443 17.1285 221.844 32.6801
8444 14.1452 219.004 32.2172
8445 14.3056 218.826 32.4557
8446 14.4936 218.678 32.2172
8447 14.3333 218.856 31.9787
8448 6.7759 211.49 28.8582
8449 7.0974 211.12 29.2849
8450 7.4879 210.824 28.8582
8451 7.1448 211.17 28.4574
8452 46.4348 261.117 19.6591
8453 43.8657 257.69 23.9158
8454 44.1993 257.615 24.1774
8455 47.0312 261.08 19.9375
8456 44.3397 257.303 23.9158
8457 47.186 260.503 19.6591
8458 44.0042 257.376 23.6502
8459 46.5889 260.539 19.3655
8460 41.4758 254.659 25.908
8461 29.2898 239.748 29.2219
8462 29.5001 239.629 29.4569
8463 41.7321 254.596 26.1305
8464 29.6592 239.446 29.2219
8465 41.8452 254.357 25.908
8466 29.4489 239.566 28.9868
8467 41.5889 254.421 25.6855
8468 15.6832 223.099 32.9221
8469 15.8679 222.948 33.164
8470 16.0525 222.797 32.9221
8471 15.8678 222.948 32.6801
8472 13.0808 219.915 32.2172
8473 13.2527 219.748 32.4557
8474 13.4502 219.613 32.2172
8475 13.2783 219.779 31.9787
8476 6.2295 211.924 28.8582
8477 6.575 211.577 29.2849
8478 6.9844 211.308 28.8582
8479 6.6189 211.631 28.4574
8480 42.4837 264.096 19.6591
8481 40.1493 260.505 23.9158
8482 40.4871 260.452 24.1775
8483 43.0813 264.099 19.9375
8484 40.6481 260.151 23.9158
8485 43.2743 263.534 19.6591
8486 40.3085 260.201 23.6503
8487 42.6761 263.53 19.3655
8488 37.9673 257.321 25.908
8489 26.8047 241.628 29.2219
8490 27.0225 241.523 29.4569
8491 38.2273 257.275 26.1305
8492 27.1934 241.351 29.2219
8493 38.356 257.045 25.908
8494 26.9756 241.457 28.9868
8495 38.0961 257.091 25.6855
8496 14.3408 224.105 32.9221
8497 14.5352 223.967 33.164
8498 14.7295 223.829 32.9221
8499 14.5351 223.967 32.6801
8500 11.957 220.754 32.2172
8501 12.1396 220.599 32.4557
8502 12.3457 220.477 32.2172
8503 12.1631 220.632 31.9787
8504 5.6548 212.323 28.8582
8505 6.0228 211.999 29.2849
8506 6.4493 211.758 28.8582
8507 6.063 212.056 28.4574
8508 38.3342 266.811 19.6591
8509 36.2454 263.072 23.9159
8510 36.586 263.042 24.1776
8511 38.9302 266.855 19.9375
8512 36.7668 262.751 23.9159
8513 39.1607 266.303 19.6591
8514 36.4246 262.779 23.6504
8515 38.5641 266.259 19.3655
8516 34.2816 259.749 25.908
8517 24.1944 243.341 29.2219
8518 24.4187 243.251 29.4569
8519 34.544 259.72 26.1305
8520 24.6007 243.092 29.2219
8521 34.6879 259.499 25.908
8522 24.3764 243.182 28.9868
8523 34.4255 259.527 25.6854
8524 12.9314 225.021 32.9221
8525 13.1346 224.897 33.164
8526 13.3377 224.772 32.9221
8527 13.1345 224.896 32.6801
8528 10.7773 221.518 32.2172
8529 10.9698 221.375 32.4557
8530 11.1836 221.268 32.2172
8531 10.9911 221.41 31.9787
8532 5.0537 212.683 28.8582
8533 5.4425 212.384 29.2849
8534 5.8842 212.172 28.8582
8535 5.4788 212.443 28.4574
8536 33.999 269.25 19.6591
8537 32.1659 265.378 23.9159
8538 32.5077 265.371 24.1776
8539 34.5907 269.333 19.9375
8540 32.7076 265.093 23.916
8541 34.8577 268.799 19.6591
8542 32.3644 265.098 23.6504
8543 34.2655 268.714 19.3655
8544 30.4298 261.931 25.9079
8545 21.4669 244.881 29.2219
8546 21.6968 244.805 29.4569
8547 30.6935 261.92 26.1305
8548 21.8891 244.659 29.2219
8549 30.852 261.709 25.9079
8550 21.6592 244.734 28.9868
8551 30.5882 261.719 25.6854
8552 11.4593 225.844 32.9221
8553 11.6705 225.733 33.164
8554 11.8815 225.622 32.9221
8555 11.6704 225.733 32.6801
8556 9.5454 222.203 32.2172
8557 9.747 222.074 32.4557
8558 9.9676 221.981 32.2172
8559 9.7659 222.11 31.9787
8560 4.4278 213.002 28.8582
8561 4.8358 212.731 29.2849
8562 5.2908 212.549 28.8582
8563 4.8681 212.792 28.4574
8564 29.4906 271.399 19.6591
8565 27.9227 267.412 23.916
8566 28.2643 267.428 24.1777
8567 30.0753 271.522 19.9376
8568 28.4824 267.165 23.916
8569 30.3778 271.007 19.6591
8570 28.1396 267.146 23.6505
8571 29.7926 270.883 19.3655
8572 26.4231 263.855 25.9079
8573 18.6301 246.238 29.2219
8574 18.8646 246.179 29.4569
8575 26.687 263.862 26.1304
8576 19.0663 246.045 29.2219
8577 26.8593 263.662 25.9079
8578 18.8319 246.105 28.9868
8579 26.5954 263.655 25.6854
8580 9.9289 226.568 32.9221
8581 10.1471 226.471 33.164
8582 10.3652 226.375 32.9221
8583 10.147 226.471 32.6801
8584 8.2648 222.805 32.2172
8585 8.4747 222.691 32.4557
8586 8.701 222.613 32.2172
8587 8.4911 222.728 31.9787
8588 3.7792 213.28 28.8582
8589 4.2046 213.037 29.2849
8590 4.6708 212.886 28.8582
8591 4.2326 213.1 28.4574
8592 24.8217 273.247 19.6591
8593 23.5277 269.162 23.9161
8594 23.8675 269.201 24.1778
8595 25.3968 273.409 19.9376
8596 24.103 268.953 23.9161
8597 25.7335 272.915 19.6591
8598 23.7622 268.912 23.6505
8599 25.1581 272.752 19.3655
8600 22.2728 265.512 25.9079
8601 15.6921 247.406 29.2219
8602 15.9301 247.362 29.4569
8603 22.5356 265.537 26.1304
8604 16.1404 247.243 29.2219
8605 22.7211 265.349 25.9079
8606 15.9024 247.286 28.9868
8607 22.4583 265.324 25.6853
8608 8.3445 227.189 32.9221
8609 8.5687 227.108 33.164
8610 8.7928 227.026 32.9221
8611 8.5686 227.108 32.6801
8612 6.9392 223.323 32.2172
8613 7.1564 223.222 32.4557
8614 7.3875 223.16 32.2172
8615 7.1703 223.26 31.9787
8616 3.1097 213.515 28.8582
8617 3.5506 213.301 29.2849
8618 4.0259 213.182 28.8582
8619 3.5742 213.366 28.4574
8620 20.0051 274.78 19.6591
8621 18.9929 270.617 23.9161
8622 19.3292 270.679 24.1778
8623 20.5677 274.981 19.9376
8624 19.5811 270.448 23.9161
8625 20.9374 274.512 19.6591
8626 19.244 270.383 23.6506
8627 20.3744 274.31 19.3655
8628 17.9901 266.889 25.9079
8629 12.6607 248.375 29.2219
8630 12.9011 248.348 29.4569
8631 18.2506 266.932 26.1304
8632 13.1191 248.244 29.2219
8633 18.4485 266.757 25.9079
8634 12.8787 248.271 28.9868
8635 18.188 266.714 25.6853
8636 6.7103 227.704 32.9221
8637 6.9395 227.638 33.164
8638 7.1687 227.572 32.9221
8639 6.9395 227.638 32.6801
8640 5.5722 223.751 32.2172
8641 5.7958 223.665 32.4557
8642 6.0306 223.619 32.2172
8643 5.807 223.704 31.9787
8644 2.421 213.704 28.8582
8645 2.8755 213.52 29.2849
8646 3.3579 213.434 28.8582
8647 2.8947 213.587 28.4574
8648 15.0533 275.987 19.6591
8649 14.3302 271.764 23.9161
8650 14.6614 271.849 24.1778
8651 15.6008 276.226 19.9376
8652 14.9286 271.635 23.9161
8653 16.0019 275.783 19.6591
8654 14.5968 271.547 23.6505
8655 15.4542 275.543 19.3655
8656 13.5864 267.976 25.9079
8657 9.544 249.14 29.2219
8658 9.7857 249.129 29.4569
8659 13.8433 268.036 26.1304
8660 10.0104 249.04 29.2219
8661 14.0527 267.876 25.9079
8662 9.7687 249.05 28.9868
8663 13.7958 267.815 25.6853
8664 5.0306 228.108 32.9221
8665 5.2638 228.058 33.164
8666 5.497 228.008 32.9221
8667 5.2638 228.058 32.6801
8668 4.1673 224.086 32.2172
8669 4.3963 224.016 32.4557
8670 4.6337 223.986 32.2172
8671 4.4048 224.056 31.9787
8672 1.7151 213.846 28.8582
8673 2.1811 213.695 29.2849
8674 2.6683 213.642 28.8582
8675 2.1957 213.762 28.4574
8676 9.9792 276.854 19.6591
8677 9.5514 272.591 23.916
8678 9.876 272.699 24.1777
8679 10.5087 277.131 19.9376
8680 10.1574 272.505 23.916
8681 10.9396 276.717 19.6591
8682 9.8324 272.394 23.6505
8683 10.4099 276.439 19.3655
8684 9.0728 268.761 25.9079
8685 6.3499 249.69 29.2219
8686 6.5917 249.697 29.4569
8687 9.3249 268.839 26.1304
8688 6.8221 249.623 29.2219
8689 9.545 268.694 25.9079
8690 6.5803 249.617 28.9868
8691 9.2929 268.615 25.6854
8692 3.3097 228.397 32.9221
8693 3.5458 228.364 33.164
8694 3.7819 228.33 32.9221
8695 3.5458 228.363 32.6801
8696 2.7282 224.325 32.2172
8697 2.9614 224.271 32.4557
8698 3.2004 224.257 32.2172
8699 2.9672 224.311 31.9787
8700 0.9938 213.94 28.8582
8701 1.4693 213.821 29.2849
8702 1.959 213.802 28.8582
8703 1.4791 213.89 28.4574
8704 4.7954 277.37 19.6591
8705 4.6687 273.088 23.916
8706 4.9848 273.218 24.1777
8707 5.3042 277.683 19.9375
8708 5.2792 273.044 23.916
8709 5.7632 277.301 19.6591
8710 4.9628 272.911 23.6505
8711 5.2543 276.986 19.3655
8712 4.4607 269.233 25.9079
8713 3.0864 250.02 29.2219
8714 3.3272 250.043 29.4569
8715 4.7067 269.329 26.1305
8716 3.5622 249.986 29.2219
8717 4.9365 269.199 25.9079
8718 3.3214 249.962 28.9868
8719 4.6905 269.103 25.6854
8720 1.5519 228.567 32.9221
8721 1.7898 228.55 33.164
8722 2.0277 228.533 32.9221
8723 1.7898 228.55 32.6801
8724 1.2584 224.464 32.2172
8725 1.4948 224.426 32.4557
8726 1.7342 224.43 32.2172
8727 1.4977 224.467 31.9787
8728 0.259 213.983 28.8582
8729 0.7416 213.898 29.2849
8730 1.2315 213.914 28.8582
8731 0.7466 213.967 28.4574
8732 -0.4851 277.521 19.6591
8733 -0.306 273.241 23.9159
8734 0 273.394 24.1776
8735 0 277.87 19.9375
8736 0.306 273.241 23.9159
8737 0.4851 277.521 19.6591
8738 0 273.086 23.6504
8739 0 277.171 19.3655
8740 -0.2385 269.382 25.9079
8741 -0.2385 250.12 29.2219
8742 0 250.16 29.4569
8743 0 269.495 26.1305
8744 0.2385 250.12 29.2219
8745 0.2385 269.382 25.9079
8746 0 250.079 28.9868
8747 0 269.268 25.6854
8748 -0.2385 228.613 32.9221
8749 0 228.613 33.164
8750 0.2385 228.613 32.9221
8751 0 228.613 32.6801
8752 -0.2385 224.499 32.2172
8753 0 224.479 32.4557
8754 0.2385 224.499 32.2172
8755 0 224.52 31.9787
8756 -0.4875 213.975 28.8582
8757 0 213.924 29.2849
8758 0.4875 213.975 28.8582
8759 0 213.994 28.4574
8760 -5.7632 277.301 19.6591
8761 -5.2792 273.044 23.916
8762 -4.9848 273.218 24.1777
8763 -5.3042 277.683 19.9375
8764 -4.6687 273.088 23.916
8765 -4.7954 277.37 19.6591
8766 -4.9628 272.911 23.6505
8767 -5.2543 276.986 19.3655
8768 -4.9365 269.199 25.9079
8769 -3.5622 249.986 29.2219
8770 -3.3272 250.043 29.4569
8771 -4.7067 269.329 26.1305
8772 -3.0864 250.02 29.2219
8773 -4.4607 269.233 25.9079
8774 -3.3214 249.962 28.9868
8775 -4.6905 269.103 25.6854
8776 -2.0277 228.533 32.9221
8777 -1.7898 228.55 33.164
8778 -1.5519 228.567 32.9221
8779 -1.7898 228.55 32.6801
8780 -1.7342 224.43 32.2172
8781 -1.4948 224.426 32.4557
8782 -1.2584 224.464 32.2172
8783 -1.4977 224.467 31.9787
8784 -1.2315 213.914 28.8582
8785 -0.7416 213.898 29.2849
8786 -0.259 213.983 28.8582
8787 -0.7466 213.967 28.4574
8788 -10.9396 276.717 19.6591
8789 -10.1574 272.505 23.916
8790 -9.876 272.699 24.1777
8791 -10.5087 277.131 19.9376
8792 -9.5514 272.591 23.916
8793 -9.9792 276.854 19.6591
8794 -9.8324 272.394 23.6505
8795 -10.4099 276.439 19.3655
8796 -9.545 268.694 25.9079
8797 -6.8221 249.623 29.2219
8798 -6.5917 249.697 29.4569
8799 -9.3249 268.839 26.1304
8800 -6.3499 249.69 29.2219
8801 -9.0728 268.761 25.9079
8802 -6.5803 249.617 28.9868
8803 -9.2929 268.615 25.6854
8804 -3.7819 228.33 32.9221
8805 -3.5458 228.364 33.164
8806 -3.3097 228.397 32.9221
8807 -3.5458 228.363 32.6801
8808 -3.2004 224.257 32.2172
8809 -2.9614 224.271 32.4557
8810 -2.7282 224.325 32.2172
8811 -2.9672 224.311 31.9787
8812 -1.959 213.802 28.8582
8813 -1.4693 213.821 29.2849
8814 -0.9938 213.94 28.8582
8815 -1.4791 213.89 28.4574
8816 -16.0019 275.783 19.6591
8817 -14.9286 271.635 23.9161
8818 -14.6614 271.849 24.1778
8819 -15.6008 276.226 19.9376
8820 -14.3302 271.764 23.9161
8821 -15.0533 275.987 19.6591
8822 -14.5968 271.547 23.6505
8823 -15.4542 275.543 19.3655
8824 -14.0527 267.876 25.9079
8825 -10.0104 249.04 29.2219
8826 -9.7857 249.129 29.4569
8827 -13.8433 268.036 26.1304
8828 -9.544 249.14 29.2219
8829 -13.5864 267.976 25.9079
8830 -9.7687 249.05 28.9868
8831 -13.7958 267.815 25.6853
8832 -5.497 228.008 32.9221
8833 -5.2638 228.058 33.164
8834 -5.0306 228.108 32.9221
8835 -5.2638 228.058 32.6801
8836 -4.6337 223.986 32.2172
8837 -4.3963 224.016 32.4557
8838 -4.1673 224.086 32.2172
8839 -4.4048 224.056 31.9787
8840 -2.6683 213.642 28.8582
8841 -2.1811 213.695 29.2849
8842 -1.7151 213.846 28.8582
8843 -2.1957 213.762 28.4574
8844 -20.9374 274.512 19.6591
8845 -19.5811 270.448 23.9161
8846 -19.3292 270.679 24.1778
8847 -20.5677 274.981 19.9376
8848 -18.9929 270.617 23.9161
8849 -20.0051 274.78 19.6591
8850 -19.244 270.383 23.6506
8851 -20.3744 274.31 19.3655
8852 -18.4485 266.757 25.9079
8853 -13.1191 248.244 29.2219
8854 -12.9011 248.348 29.4569
8855 -18.2506 266.932 26.1304
8856 -12.6607 248.375 29.2219
8857 -17.9901 266.889 25.9079
8858 -12.8787 248.271 28.9868
8859 -18.188 266.714 25.6853
8860 -7.1687 227.572 32.9221
8861 -6.9395 227.638 33.164
8862 -6.7103 227.704 32.9221
8863 -6.9395 227.638 32.6801
8864 -6.0306 223.619 32.2172
8865 -5.7958 223.665 32.4557
8866 -5.5722 223.751 32.2172
8867 -5.807 223.704 31.9787
8868 -3.3579 213.434 28.8582
8869 -2.8755 213.52 29.2849
8870 -2.421 213.704 28.8582
8871 -2.8946 213.587 28.4574
8872 -25.7335 272.915 19.6591
8873 -24.103 268.953 23.9161
8874 -23.8675 269.201 24.1778
8875 -25.3968 273.409 19.9376
8876 -23.5277 269.162 23.9161
8877 -24.8217 273.247 19.6591
8878 -23.7622 268.912 23.6505
8879 -25.1581 272.752 19.3655
8880 -22.7211 265.349 25.9079
8881 -16.1404 247.243 29.2219
8882 -15.9301 247.362 29.4569
8883 -22.5356 265.537 26.1304
8884 -15.6921 247.406 29.2219
8885 -22.2728 265.512 25.9079
8886 -15.9024 247.286 28.9868
8887 -22.4583 265.324 25.6853
8888 -8.7928 227.026 32.9221
8889 -8.5687 227.108 33.164
8890 -8.3445 227.189 32.9221
8891 -8.5686 227.108 32.6801
8892 -7.3875 223.16 32.2172
8893 -7.1564 223.222 32.4557
8894 -6.9392 223.323 32.2172
8895 -7.1703 223.26 31.9787
8896 -4.0259 213.182 28.8582
8897 -3.5506 213.301 29.2849
8898 -3.1097 213.515 28.8582
8899 -3.5742 213.366 28.4574
8900 -30.3778 271.007 19.6591
8901 -28.4824 267.165 23.916
8902 -28.2643 267.428 24.1777
8903 -30.0753 271.522 19.9376
8904 -27.9227 267.412 23.916
8905 -29.4906 271.399 19.6591
8906 -28.1396 267.146 23.6505
8907 -29.7926 270.883 19.3655
8908 -26.8593 263.662 25.9079
8909 -19.0663 246.045 29.2219
8910 -18.8646 246.179 29.4569
8911 -26.687 263.862 26.1304
8912 -18.6301 246.238 29.2219
8913 -26.4231 263.855 25.9079
8914 -18.8319 246.105 28.9868
8915 -26.5954 263.655 25.6854
8916 -10.3652 226.375 32.9221
8917 -10.1471 226.471 33.164
8918 -9.9289 226.568 32.9221
8919 -10.147 226.471 32.6801
8920 -8.701 222.613 32.2172
8921 -8.4747 222.691 32.4557
8922 -8.2648 222.805 32.2172
8923 -8.4911 222.728 31.9787
8924 -4.6708 212.886 28.8582
8925 -4.2046 213.037 29.2849
8926 -3.7792 213.28 28.8582
8927 -4.2326 213.1 28.4574
8928 -34.8577 268.799 19.6591
8929 -32.7076 265.093 23.916
8930 -32.5077 265.371 24.1776
8931 -34.5907 269.333 19.9375
8932 -32.1659 265.378 23.916
8933 -33.999 269.25 19.6591
8934 -32.3644 265.098 23.6504
8935 -34.2655 268.714 19.3655
8936 -30.852 261.709 25.9079
8937 -21.8891 244.659 29.2219
8938 -21.6968 244.805 29.4569
8939 -30.6935 261.92 26.1305
8940 -21.4669 244.881 29.2219
8941 -30.4298 261.931 25.9079
8942 -21.6592 244.734 28.9868
8943 -30.5882 261.719 25.6854
8944 -11.8815 225.622 32.9221
8945 -11.6705 225.733 33.164
8946 -11.4593 225.844 32.9221
8947 -11.6704 225.733 32.6801
8948 -9.9676 221.981 32.2172
8949 -9.747 222.074 32.4557
8950 -9.5453 222.203 32.2172
8951 -9.7659 222.11 31.9787
8952 -5.2908 212.549 28.8582
8953 -4.8358 212.731 29.2849
8954 -4.4278 213.002 28.8582
8955 -4.8681 212.792 28.4574
8956 -39.1607 266.303 19.6591
8957 -36.7668 262.751 23.9159
8958 -36.586 263.042 24.1776
8959 -38.9302 266.855 19.9375
8960 -36.2454 263.072 23.9159
8961 -38.3342 266.811 19.6591
8962 -36.4246 262.779 23.6504
8963 -38.5641 266.259 19.3655
8964 -34.6879 259.499 25.908
8965 -24.6007 243.092 29.2219
8966 -24.4187 243.251 29.4569
8967 -34.544 259.72 26.1305
8968 -24.1944 243.341 29.2219
8969 -34.2816 259.749 25.908
8970 -24.3764 243.182 28.9868
8971 -34.4255 259.527 25.6854
8972 -13.3377 224.772 32.9221
8973 -13.1346 224.897 33.164
8974 -12.9314 225.021 32.9221
8975 -13.1345 224.896 32.6801
8976 -11.1836 221.268 32.2172
8977 -10.9698 221.375 32.4557
8978 -10.7773 221.518 32.2172
8979 -10.9911 221.41 31.9787
8980 -5.8842 212.172 28.8582
8981 -5.4425 212.384 29.2849
8982 -5.0537 212.683 28.8582
8983 -5.4788 212.443 28.4574
8984 -43.2743 263.534 19.6591
8985 -40.6481 260.151 23.9158
8986 -40.4871 260.452 24.1775
8987 -43.0813 264.099 19.9375
8988 -40.1493 260.505 23.9158
8989 -42.4837 264.096 19.6591
8990 -40.3085 260.201 23.6503
8991 -42.6761 263.53 19.3655
8992 -38.356 257.045 25.908
8993 -27.1934 241.351 29.2219
8994 -27.0225 241.523 29.4569
8995 -38.2273 257.275 26.1305
8996 -26.8047 241.628 29.2219
8997 -37.9673 257.321 25.908
8998 -26.9756 241.457 28.9868
8999 -38.0961 257.091 25.6855
9000 -14.7295 223.829 32.9221
9001 -14.5352 223.967 33.164
9002 -14.3408 224.105 32.9221
9003 -14.5351 223.967 32.6801
9004 -12.3457 220.477 32.2172
9005 -12.1396 220.599 32.4557
9006 -11.957 220.754 32.2172
9007 -12.1631 220.632 31.9787
9008 -6.4493 211.758 28.8582
9009 -6.0228 211.999 29.2849
9010 -5.6548 212.323 28.8582
9011 -6.063 212.056 28.4574
9012 -47.186 260.503 19.6591
9013 -44.3397 257.303 23.9158
9014 -44.1992 257.615 24.1774
9015 -47.0312 261.08 19.9375
9016 -43.8657 257.69 23.9158
9017 -46.4348 261.117 19.6591
9018 -44.0042 257.376 23.6502
9019 -46.5889 260.539 19.3655
9020 -41.8451 254.357 25.908
9021 -29.6592 239.446 29.2219
9022 -29.5001 239.629 29.4569
9023 -41.7321 254.596 26.1306
9024 -29.2898 239.748 29.2219
9025 -41.4758 254.659 25.908
9026 -29.4489 239.566 28.9868
9027 -41.5889 254.421 25.6855
9028 -16.0525 222.797 32.9221
9029 -15.8679 222.948 33.164
9030 -15.6832 223.099 32.9221
9031 -15.8678 222.948 32.6801
9032 -13.4502 219.613 32.2172
9033 -13.2527 219.748 32.4557
9034 -13.0808 219.915 32.2172
9035 -13.2783 219.779 31.9787
9036 -6.9844 211.308 28.8582
9037 -6.575 211.577 29.2849
9038 -6.2295 211.924 28.8582
9039 -6.6189 211.631 28.4574
9040 -50.8834 257.223 19.6591
9041 -47.8299 254.22 23.9157
9042 -47.7106 254.541 24.1774
9043 -50.7675 257.809 19.9375
9044 -47.3828 254.638 23.9157
9045 -50.1748 257.885 19.6591
9046 -47.5 254.316 23.6502
9047 -50.29 257.298 19.3655
9048 -45.1442 251.448 25.908
9049 -31.9903 237.384 29.2219
9050 -31.8437 237.577 29.4569
9051 -45.0474 251.693 26.1306
9052 -31.6419 237.71 29.2219
9053 -44.7959 251.774 25.908
9054 -31.7885 237.518 28.9868
9055 -44.8927 251.528 25.6855
9056 -17.3027 221.681 32.9221
9057 -17.1286 221.844 33.164
9058 -16.9544 222.007 32.9221
9059 -17.1285 221.844 32.6801
9060 -14.4936 218.678 32.2172
9061 -14.3056 218.826 32.4557
9062 -14.1452 219.004 32.2172
9063 -14.3333 218.856 31.9787
9064 -7.4879 210.824 28.8582
9065 -7.0974 211.12 29.2849
9066 -6.7759 211.49 28.8582
9067 -7.1448 211.17 28.4574
9068 -54.354 253.706 19.6591
9069 -51.1068 250.914 23.9157
9070 -51.0092 251.242 24.1774
9071 -54.2774 254.299 19.9375
9072 -50.6887 251.361 23.9157
9073 -53.6912 254.415 19.6591
9074 -50.7841 251.031 23.6502
9075 -53.7669 253.821 19.3655
9076 -48.2421 248.327 25.908
9077 -34.1787 235.173 29.2219
9078 -34.0454 235.375 29.4569
9079 -48.1618 248.579 26.1306
9080 -33.8529 235.522 29.2219
9081 -47.9163 248.676 25.908
9082 -33.9863 235.32 28.9868
9083 -47.9965 248.424 25.6855
9084 -18.4758 220.486 32.9221
9085 -18.3129 220.66 33.164
9086 -18.1499 220.834 32.9221
9087 -18.3128 220.66 32.6801
9088 -15.4724 217.677 32.2172
9089 -15.2947 217.837 32.4557
9090 -15.1466 218.025 32.2172
9091 -15.3243 217.865 31.9787
9092 -7.958 210.307 28.8582
9093 -7.5882 210.629 29.2849
9094 -7.292 211.019 28.8582
9095 -7.6388 210.676 28.4574
9096 -57.5852 249.966 19.6591
9097 -54.1587 247.397 23.9158
9098 -54.0832 247.731 24.1774
9099 -57.5484 250.563 19.9375
9100 -53.7714 247.871 23.9158
9101 -56.9713 250.717 19.6591
9102 -53.8446 247.536 23.6502
9103 -57.0072 250.12 19.3655
9104 -51.1277 245.007 25.908
9105 -36.2168 232.821 29.2219
9106 -36.0971 233.032 29.4569
9107 -51.0644 245.264 26.1305
9108 -35.9149 233.191 29.2219
9109 -50.8258 245.377 25.908
9110 -36.0345 232.98 28.9868
9111 -50.8891 245.12 25.6855
9112 -19.5675 219.215 32.9221
9113 -19.4166 219.399 33.164
9114 -19.2656 219.584 32.9221
9115 -19.4165 219.399 32.6801
9116 -16.3831 216.612 32.2172
9117 -16.2165 216.784 32.4557
9118 -16.0813 216.982 32.2172
9119 -16.2479 216.81 31.9787
9120 -8.393 209.761 28.8582
9121 -8.0455 210.107 29.2849
9122 -7.7761 210.516 28.8582
9123 -8.0992 210.15 28.4574
9124 -60.5647 246.015 19.6591
9125 -56.9739 243.681 23.9158
9126 -56.9208 244.019 24.1775
9127 -60.5679 246.613 19.9375
9128 -56.6191 244.18 23.9158
9129 -60.0024 246.806 19.6591
9130 -56.6697 243.84 23.6503
9131 -59.9983 246.208 19.3655
9132 -53.7898 241.499 25.908
9133 -38.0964 230.336 29.2219
9134 -37.9911 230.554 29.4569
9135 -53.7438 241.759 26.1305
9136 -37.8199 230.725 29.2219
9137 -53.5133 241.887 25.908
9138 -37.9252 230.507 28.9868
9139 -53.5593 241.628 25.6855
9140 -20.5736 217.872 32.9221
9141 -20.4354 218.067 33.164
9142 -20.2971 218.261 32.9221
9143 -20.4353 218.066 32.6801
9144 -17.2221 215.488 32.2172
9145 -17.0674 215.671 32.4557
9146 -16.9457 215.877 32.2172
9147 -17.1004 215.695 31.9787
9148 -8.7913 209.186 28.8582
9149 -8.4677 209.554 29.2849
9150 -8.2262 209.981 28.8582
9151 -8.5241 209.594 28.4574
9152 -63.28 241.866 19.6591
9153 -59.5405 239.777 23.9159
9154 -59.5102 240.117 24.1776
9155 -63.3232 242.462 19.9375
9156 -59.2199 240.298 23.9159
9157 -62.7719 242.692 19.6591
9158 -59.2476 239.956 23.6504
9159 -62.7277 242.096 19.3655
9160 -56.2173 237.813 25.908
9161 -39.8099 227.726 29.2219
9162 -39.7194 227.95 29.4569
9163 -56.1888 238.076 26.1305
9164 -39.5601 228.132 29.2219
9165 -55.9675 238.219 25.908
9166 -39.6505 227.908 28.9868
9167 -55.996 237.957 25.6854
9168 -21.4899 216.463 32.9221
9169 -21.3651 216.666 33.164
9170 -21.2401 216.869 32.9221
9171 -21.3649 216.666 32.6801
9172 -17.986 214.309 32.2172
9173 -17.8438 214.501 32.4557
9174 -17.7362 214.715 32.2172
9175 -17.8784 214.523 31.9787
9176 -9.1512 208.585 28.8582
9177 -8.8529 208.974 29.2849
9178 -8.6406 209.416 28.8582
9179 -8.9119 209.01 28.4574
9180 -65.7185 237.53 19.6591
9181 -61.8467 235.697 23.9159
9182 -61.8393 236.039 24.1776
9183 -65.8016 238.122 19.9375
9184 -61.5619 236.239 23.9159
9185 -65.2671 238.389 19.6591
9186 -61.5666 235.896 23.6504
9187 -65.1829 237.797 19.3655
9188 -58.399 233.961 25.9079
9189 -41.3492 224.998 29.2219
9190 -41.274 225.228 29.4569
9191 -58.3882 234.225 26.1305
9192 -41.1273 225.421 29.2219
9193 -58.1771 234.383 25.9079
9194 -41.2025 225.191 28.9868
9195 -58.1879 234.12 25.6854
9196 -22.3122 214.991 32.9221
9197 -22.2013 215.202 33.164
9198 -22.0903 215.413 32.9221
9199 -22.2012 215.202 32.6801
9200 -18.6711 213.077 32.2172
9201 -18.5422 213.279 32.4557
9202 -18.4492 213.499 32.2172
9203 -18.5781 213.297 31.9787
9204 -9.4709 207.959 28.8582
9205 -9.1994 208.367 29.2849
9206 -9.0173 208.822 28.8582
9207 -9.2607 208.4 28.4574
9208 -67.8678 233.022 19.6591
9209 -63.8808 231.454 23.916
9210 -63.8965 231.796 24.1777
9211 -67.9907 233.607 19.9376
9212 -63.6332 232.014 23.916
9213 -67.4754 233.909 19.6591
9214 -63.6147 231.671 23.6505
9215 -67.3515 233.324 19.3655
9216 -60.3238 229.954 25.9079
9217 -42.7066 222.162 29.2219
9218 -42.6471 222.396 29.4569
9219 -60.3308 230.218 26.1304
9220 -42.5136 222.598 29.2219
9221 -60.1308 230.391 25.9079
9222 -42.5732 222.363 28.9868
9223 -60.1238 230.127 25.6854
9224 -23.0363 213.46 32.9221
9225 -22.9399 213.678 33.164
9226 -22.8433 213.897 32.9221
9227 -22.9397 213.678 32.6801
9228 -19.2741 211.796 32.2172
9229 -19.1591 212.006 32.4557
9230 -19.0811 212.232 32.2172
9231 -19.1962 212.023 31.9787
9232 -9.7488 207.311 28.8582
9233 -9.5055 207.736 29.2849
9234 -9.3544 208.202 28.8582
9235 -9.5688 207.764 28.4574
9236 -69.7154 228.353 19.6591
9237 -65.631 227.059 23.9161
9238 -65.6698 227.399 24.1777
9239 -69.8776 228.928 19.9376
9240 -65.4219 227.634 23.9161
9241 -69.384 229.265 19.6591
9242 -65.3802 227.294 23.6505
9243 -69.2207 228.689 19.3655
9244 -61.9804 225.804 25.9079
9245 -43.8741 219.223 29.2219
9246 -43.8307 219.462 29.4569
9247 -62.0053 226.067 26.1304
9248 -43.7112 219.672 29.2219
9249 -61.8175 226.253 25.9079
9250 -43.7547 219.434 28.9868
9251 -61.7926 225.99 25.6853
9252 -23.6579 211.876 32.9221
9253 -23.5765 212.1 33.164
9254 -23.4949 212.324 32.9221
9255 -23.5763 212.1 32.6801
9256 -19.7913 210.471 32.2172
9257 -19.6907 210.688 32.4557
9258 -19.6283 210.919 32.2172
9259 -19.7289 210.702 31.9787
9260 -9.9832 206.641 28.8582
9261 -9.7693 207.082 29.2849
9262 -9.6502 207.557 28.8582
9263 -9.8344 207.106 28.4574
9264 -71.2488 223.536 19.6591
9265 -67.0854 222.524 23.9161
9266 -67.1473 222.861 24.1778
9267 -71.4498 224.099 19.9376
9268 -66.9161 223.113 23.9161
9269 -70.9804 224.469 19.6591
9270 -66.8512 222.775 23.6505
9271 -70.7782 223.906 19.3655
9272 -63.3577 221.522 25.9079
9273 -44.844 216.192 29.2219
9274 -44.8168 216.433 29.4569
9275 -63.4004 221.782 26.1304
9276 -44.712 216.651 29.2219
9277 -63.2257 221.98 25.9079
9278 -44.7391 216.41 28.9868
9279 -63.183 221.719 25.6853
9280 -24.1728 210.242 32.9221
9281 -24.1069 210.471 33.164
9282 -24.0408 210.7 32.9221
9283 -24.1067 210.471 32.6801
9284 -20.2192 209.104 32.2172
9285 -20.1337 209.327 32.4557
9286 -20.0873 209.562 32.2172
9287 -20.1727 209.339 31.9787
9288 -10.1724 205.952 28.8582
9289 -9.989 206.407 29.2849
9290 -9.9027 206.889 28.8582
9291 -10.0556 206.426 28.4574
9292 -72.4553 218.585 19.6591
9293 -68.2323 217.862 23.9161
9294 -68.3172 218.193 24.1777
9295 -72.6947 219.132 19.9376
9296 -68.1039 218.46 23.9161
9297 -72.2518 219.533 19.6591
9298 -68.016 218.128 23.6505
9299 -72.0113 218.986 19.3655
9300 -64.4444 217.118 25.9079
9301 -45.6082 213.076 29.2219
9302 -45.5976 213.317 29.4569
9303 -64.505 217.375 26.1304
9304 -45.5081 213.542 29.2219
9305 -64.3443 217.584 25.9079
9306 -45.5186 213.3 28.9868
9307 -64.2837 217.327 25.6853
9308 -24.5768 208.562 32.9221
9309 -24.5269 208.795 33.164
9310 -24.4767 209.028 32.9221
9311 -24.5267 208.795 32.6801
9312 -20.5544 207.699 32.2172
9313 -20.4845 207.928 32.4557
9314 -20.4543 208.165 32.2172
9315 -20.5242 207.936 31.9787
9316 -10.3147 205.247 28.8582
9317 -10.1631 205.713 29.2849
9318 -10.1101 206.2 28.8582
9319 -10.2308 205.727 28.4574
9320 -73.3227 213.511 19.6591
9321 -69.0598 213.083 23.916
9322 -69.1676 213.407 24.1777
9323 -73.5995 214.04 19.9375
9324 -68.9733 213.689 23.916
9325 -73.1856 214.471 19.6591
9326 -68.8626 213.364 23.6505
9327 -72.9076 213.941 19.3655
9328 -65.2294 212.604 25.9079
9329 -46.1589 209.881 29.2219
9330 -46.1652 210.123 29.4569
9331 -65.3077 212.856 26.1304
9332 -46.0914 210.354 29.2219
9333 -65.162 213.076 25.9079
9334 -46.0851 210.112 28.9868
9335 -65.0837 212.824 25.6853
9336 -24.8658 206.841 32.9221
9337 -24.8321 207.077 33.164
9338 -24.7983 207.313 32.9221
9339 -24.832 207.077 32.6801
9340 -20.7932 206.26 32.2172
9341 -20.7394 206.493 32.4557
9342 -20.7258 206.732 32.2172
9343 -20.7796 206.499 31.9787
9344 -10.4084 204.525 28.8582
9345 -10.2895 205.001 29.2849
9346 -10.2706 205.49 28.8582
9347 -10.3581 205.01 28.4574
9348 -73.8383 208.327 19.6591
9349 -69.5562 208.2 23.916
9350 -69.6866 208.516 24.1777
9351 -74.1517 208.836 19.9375
9352 -69.5126 208.811 23.916
9353 -73.7691 209.295 19.6591
9354 -69.3792 208.494 23.6504
9355 -73.4545 208.786 19.3655
9356 -65.7017 207.992 25.9079
9357 -46.4882 206.618 29.2219
9358 -46.5115 206.859 29.4569
9359 -65.7975 208.238 26.1305
9360 -46.4541 207.094 29.2219
9361 -65.6677 208.468 25.9079
9362 -46.4308 206.853 28.9868
9363 -65.5718 208.222 25.6854
9364 -25.0353 205.083 32.9221
9365 -25.0184 205.321 33.164
9366 -25.0013 205.559 32.9221
9367 -25.0182 205.321 32.6801
9368 -20.9323 204.79 32.2172
9369 -20.895 205.026 32.4557
9370 -20.8982 205.266 32.2172
9371 -20.9355 205.029 31.9787
9372 -10.4518 203.79 28.8582
9373 -10.3667 204.273 29.2849
9374 -10.3823 204.763 28.8582
9375 -10.4358 204.278 28.4574
9376 -73.9896 203.046 19.6591
9377 -69.7096 203.225 23.9159
9378 -69.8622 203.531 24.1776
9379 -74.3385 203.531 19.9375
9380 -69.7096 203.837 23.9159
9381 -73.9896 204.017 19.6591
9382 -69.554 203.531 23.6504
9383 -73.6396 203.531 19.3655
9384 -65.8501 203.293 25.9079
9385 -46.5883 203.293 29.2219
9386 -46.6287 203.531 29.4569
9387 -65.9632 203.531 26.1305
9388 -46.5883 203.77 29.2219
9389 -65.8501 203.77 25.9079
9390 -46.5478 203.531 28.9868
9391 -65.737 203.531 25.6854
9392 -25.0814 203.293 32.9221
9393 -25.0815 203.531 33.164
9394 -25.0814 203.77 32.9221
9395 -25.0813 203.531 32.6801
9396 -20.968 203.293 32.2172
9397 -20.9477 203.531 32.4557
9398 -20.968 203.77 32.2172
9399 -20.9883 203.531 31.9787
9400 -10.4433 203.044 28.8582
9401 -10.3928 203.531 29.2849
9402 -10.4433 204.019 28.8582
9403 -10.4621 203.531 28.4574
9404 -73.7691 197.768 19.6591
9405 -69.5126 198.252 23.916
9406 -69.6866 198.547 24.1777
9407 -74.1517 198.227 19.9375
9408 -69.5562 198.863 23.916
9409 -73.8383 198.736 19.6591
9410 -69.3792 198.569 23.6504
9411 -73.4545 198.277 19.3655
9412 -65.6677 198.595 25.9079
9413 -46.4541 199.969 29.2219
9414 -46.5115 200.204 29.4569
9415 -65.7975 198.825 26.1305
9416 -46.4882 200.445 29.2219
9417 -65.7017 199.071 25.9079
9418 -46.4308 200.21 28.9868
9419 -65.5718 198.841 25.6854
9420 -25.0013 201.504 32.9221
9421 -25.0184 201.742 33.164
9422 -25.0353 201.98 32.9221
9423 -25.0182 201.742 32.6801
9424 -20.8982 201.797 32.2172
9425 -20.895 202.037 32.4557
9426 -20.9323 202.273 32.2172
9427 -20.9355 202.034 31.9787
9428 -10.3823 202.3 28.8582
9429 -10.3667 202.79 29.2849
9430 -10.4518 203.272 28.8582
9431 -10.4358 202.785 28.4574
9432 -73.1856 192.592 19.6591
9433 -68.9734 193.374 23.916
9434 -69.1676 193.656 24.1777
9435 -73.5995 193.023 19.9375
9436 -69.0599 193.98 23.916
9437 -73.3227 193.552 19.6591
9438 -68.8626 193.699 23.6505
9439 -72.9076 193.122 19.3655
9440 -65.162 193.986 25.9079
9441 -46.0914 196.709 29.2219
9442 -46.1652 196.94 29.4569
9443 -65.3077 194.207 26.1304
9444 -46.1589 197.182 29.2219
9445 -65.2294 194.459 25.9079
9446 -46.0851 196.951 28.9868
9447 -65.0837 194.239 25.6853
9448 -24.7983 199.749 32.9221
9449 -24.8321 199.986 33.164
9450 -24.8658 200.222 32.9221
9451 -24.832 199.986 32.6801
9452 -20.7258 200.331 32.2172
9453 -20.7394 200.57 32.4557
9454 -20.7932 200.803 32.2172
9455 -20.7796 200.564 31.9787
9456 -10.2706 201.572 28.8582
9457 -10.2895 202.062 29.2849
9458 -10.4084 202.538 28.8582
9459 -10.3581 202.052 28.4574
9460 -72.2518 187.53 19.6591
9461 -68.1039 188.603 23.9161
9462 -68.3172 188.87 24.1777
9463 -72.6947 187.931 19.9376
9464 -68.2323 189.201 23.916
9465 -72.4554 188.478 19.6591
9466 -68.016 188.935 23.6505
9467 -72.0113 188.077 19.3655
9468 -64.3443 189.479 25.9079
9469 -45.5081 193.521 29.2219
9470 -45.5976 193.746 29.4569
9471 -64.505 189.688 26.1304
9472 -45.6082 193.987 29.2219
9473 -64.4444 189.945 25.9079
9474 -45.5186 193.763 28.9868
9475 -64.2837 189.736 25.6853
9476 -24.4767 198.035 32.9221
9477 -24.5269 198.268 33.164
9478 -24.5768 198.501 32.9221
9479 -24.5267 198.268 32.6801
9480 -20.4543 198.898 32.2172
9481 -20.4845 199.135 32.4557
9482 -20.5544 199.364 32.2172
9483 -20.5242 199.127 31.9787
9484 -10.1101 200.863 28.8582
9485 -10.1631 201.35 29.2849
9486 -10.3147 201.816 28.8582
9487 -10.2308 201.336 28.4574
9488 -70.9804 182.594 19.6591
9489 -66.9161 183.95 23.9161
9490 -67.1473 184.202 24.1778
9491 -71.4498 182.964 19.9376
9492 -67.0854 184.538 23.9161
9493 -71.2488 183.526 19.6591
9494 -66.8512 184.288 23.6505
9495 -70.7782 183.157 19.3655
9496 -63.2257 185.083 25.9079
9497 -44.712 190.412 29.2219
9498 -44.8168 190.63 29.4569
9499 -63.4004 185.281 26.1304
9500 -44.844 190.871 29.2219
9501 -63.3577 185.541 25.9079
9502 -44.7391 190.653 28.9868
9503 -63.183 185.343 25.6853
9504 -24.0408 196.363 32.9221
9505 -24.1069 196.592 33.164
9506 -24.1728 196.821 32.9221
9507 -24.1067 196.592 32.6801
9508 -20.0873 197.501 32.2172
9509 -20.1337 197.736 32.4557
9510 -20.2192 197.959 32.2172
9511 -20.1727 197.725 31.9787
9512 -9.9027 200.174 28.8582
9513 -9.989 200.656 29.2849
9514 -10.1724 201.11 28.8582
9515 -10.0556 200.637 28.4574
9516 -69.384 177.798 19.6591
9517 -65.4219 179.428 23.916
9518 -65.6698 179.664 24.1777
9519 -69.8776 178.135 19.9376
9520 -65.631 180.004 23.916
9521 -69.7154 178.71 19.6591
9522 -65.3802 179.769 23.6505
9523 -69.2207 178.373 19.3655
9524 -61.8175 180.81 25.9079
9525 -43.7112 187.391 29.2219
9526 -43.8307 187.601 29.4569
9527 -62.0053 180.996 26.1304
9528 -43.8741 187.839 29.2219
9529 -61.9804 181.259 25.9079
9530 -43.7547 187.629 28.9868
9531 -61.7926 181.073 25.6853
9532 -23.4949 194.739 32.9221
9533 -23.5765 194.963 33.164
9534 -23.6579 195.187 32.9221
9535 -23.5763 194.963 32.6801
9536 -19.6283 196.144 32.2172
9537 -19.6907 196.375 32.4557
9538 -19.7913 196.592 32.2172
9539 -19.7289 196.361 31.9787
9540 -9.6502 199.505 28.8582
9541 -9.7693 199.981 29.2849
9542 -9.9832 200.422 28.8582
9543 -9.8344 199.957 28.4574
9544 -67.4754 173.154 19.6591
9545 -63.6332 175.049 23.916
9546 -63.8965 175.267 24.1777
9547 -67.9907 173.456 19.9375
9548 -63.8808 175.609 23.916
9549 -67.8678 174.041 19.6591
9550 -63.6147 175.392 23.6505
9551 -67.3515 173.739 19.3655
9552 -60.1308 176.672 25.9079
9553 -42.5137 184.465 29.2219
9554 -42.6471 184.667 29.4569
9555 -60.3308 176.844 26.1304
9556 -42.7066 184.901 29.2219
9557 -60.3238 177.108 25.9079
9558 -42.5732 184.7 28.9868
9559 -60.1239 176.936 25.6853
9560 -22.8433 193.166 32.9221
9561 -22.9399 193.384 33.164
9562 -23.0363 193.602 32.9221
9563 -22.9397 193.384 32.6801
9564 -19.0811 194.83 32.2172
9565 -19.1591 195.057 32.4557
9566 -19.2741 195.267 32.2172
9567 -19.1962 195.04 31.9787
9568 -9.3544 198.861 28.8582
9569 -9.5055 199.327 29.2849
9570 -9.7488 199.752 28.8582
9571 -9.5688 199.299 28.4574
9572 -65.2671 168.674 19.6591
9573 -61.5619 170.824 23.9159
9574 -61.8393 171.024 24.1776
9575 -65.8016 168.941 19.9375
9576 -61.8467 171.366 23.9159
9577 -65.7185 169.533 19.6591
9578 -61.5666 171.167 23.6504
9579 -65.1829 169.266 19.3655
9580 -58.1771 172.68 25.9079
9581 -41.1273 181.642 29.2219
9582 -41.274 181.835 29.4569
9583 -58.3882 172.838 26.1305
9584 -41.3492 182.065 29.2219
9585 -58.399 173.102 25.9079
9586 -41.2025 181.872 28.9868
9587 -58.1879 172.943 25.6854
9588 -22.0903 191.65 32.9221
9589 -22.2013 191.861 33.164
9590 -22.3122 192.072 32.9221
9591 -22.2012 191.861 32.6801
9592 -18.4492 193.564 32.2172
9593 -18.5422 193.784 32.4557
9594 -18.6711 193.986 32.2172
9595 -18.5781 193.766 31.9787
9596 -9.0173 198.241 28.8582
9597 -9.1994 198.696 29.2849
9598 -9.4709 199.104 28.8582
9599 -9.2607 198.663 28.4574
9600 -62.7719 164.371 19.6591
9601 -59.2199 166.765 23.9159
9602 -59.5102 166.945 24.1776
9603 -63.3232 164.601 19.9375
9604 -59.5405 167.286 23.9159
9605 -63.28 165.197 19.6591
9606 -59.2476 167.107 23.6503
9607 -62.7277 164.967 19.3655
9608 -55.9675 168.844 25.9079
9609 -39.56 178.931 29.2219
9610 -39.7194 179.113 29.4569
9611 -56.1888 168.988 26.1305
9612 -39.8099 179.337 29.2219
9613 -56.2173 169.25 25.9079
9614 -39.6505 179.155 28.9868
9615 -55.996 169.106 25.6854
9616 -21.2401 190.194 32.9221
9617 -21.3651 190.397 33.164
9618 -21.4899 190.6 32.9221
9619 -21.3649 190.397 32.6801
9620 -17.7362 192.348 32.2172
9621 -17.8438 192.562 32.4557
9622 -17.986 192.754 32.2172
9623 -17.8784 192.54 31.9787
9624 -8.6406 197.647 28.8582
9625 -8.8529 198.089 29.2849
9626 -9.1512 198.478 28.8582
9627 -8.9119 198.053 28.4574
9628 -60.0024 160.257 19.6591
9629 -56.6191 162.883 23.9158
9630 -56.9208 163.044 24.1775
9631 -60.5679 160.45 19.9375
9632 -56.9739 163.382 23.9158
9633 -60.5647 161.048 19.6591
9634 -56.6697 163.223 23.6503
9635 -59.9983 160.855 19.3655
9636 -53.5133 165.175 25.908
9637 -37.8199 176.338 29.2219
9638 -37.9911 176.509 29.4569
9639 -53.7438 165.304 26.1305
9640 -38.0964 176.727 29.2219
9641 -53.7898 165.564 25.908
9642 -37.9252 176.556 28.9868
9643 -53.5593 165.435 25.6854
9644 -20.2971 188.802 32.9221
9645 -20.4354 188.996 33.164
9646 -20.5736 189.191 32.9221
9647 -20.4353 188.996 32.6801
9648 -16.9457 191.186 32.2172
9649 -17.0674 191.392 32.4557
9650 -17.2221 191.574 32.2172
9651 -17.1004 191.368 31.9787
9652 -8.2262 197.082 28.8582
9653 -8.4677 197.509 29.2849
9654 -8.7913 197.877 28.8582
9655 -8.5241 197.469 28.4574
9656 -56.9713 156.345 19.6591
9657 -53.7714 159.192 23.9157
9658 -54.0832 159.332 24.1774
9659 -57.5484 156.5 19.9375
9660 -54.1587 159.666 23.9157
9661 -57.5852 157.097 19.6591
9662 -53.8446 159.527 23.6502
9663 -57.0072 156.943 19.3655
9664 -50.8258 161.686 25.908
9665 -35.9149 173.872 29.2219
9666 -36.0971 174.031 29.4569
9667 -51.0644 161.799 26.1305
9668 -36.2168 174.242 29.2219
9669 -51.1277 162.056 25.908
9670 -36.0345 174.083 28.9868
9671 -50.8891 161.943 25.6855
9672 -19.2656 187.479 32.922
9673 -19.4166 187.663 33.164
9674 -19.5675 187.848 32.9221
9675 -19.4165 187.664 32.6801
9676 -16.0813 190.081 32.2172
9677 -16.2165 190.279 32.4557
9678 -16.3831 190.451 32.2172
9679 -16.2479 190.253 31.9787
9680 -7.7761 196.547 28.8582
9681 -8.0455 196.956 29.2849
9682 -8.393 197.302 28.8582
9683 -8.0992 196.913 28.4574
9684 -53.6912 152.648 19.6591
9685 -50.6887 155.702 23.9157
9686 -51.0092 155.821 24.1774
9687 -54.2774 152.764 19.9375
9688 -51.1068 156.149 23.9157
9689 -54.354 153.357 19.6591
9690 -50.7841 156.031 23.6502
9691 -53.7669 153.242 19.3655
9692 -47.9163 158.387 25.908
9693 -33.8529 171.541 29.2219
9694 -34.0454 171.688 29.4569
9695 -48.1618 158.484 26.1305
9696 -34.1787 171.89 29.2219
9697 -48.2421 158.736 25.908
9698 -33.9863 171.743 28.9868
9699 -47.9965 158.639 25.6855
9700 -18.1499 186.229 32.9221
9701 -18.3129 186.403 33.164
9702 -18.4758 186.577 32.922
9703 -18.3128 186.403 32.6801
9704 -15.1466 189.038 32.2172
9705 -15.2947 189.226 32.4557
9706 -15.4724 189.386 32.2172
9707 -15.3243 189.198 31.9787
9708 -7.292 196.044 28.8582
9709 -7.5881 196.434 29.2849
9710 -7.958 196.756 28.8582
9711 -7.6388 196.387 28.4574
9712 -50.1748 149.178 19.6591
9713 -47.3828 152.425 23.9157
9714 -47.7106 152.522 24.1774
9715 -50.7675 149.254 19.9375
9716 -47.8299 152.843 23.9157
9717 -50.8834 149.84 19.6591
9718 -47.5 152.747 23.6502
9719 -50.29 149.765 19.3655
9720 -44.7959 155.289 25.908
9721 -31.6419 169.353 29.2219
9722 -31.8437 169.486 29.4569
9723 -45.0474 155.37 26.1305
9724 -31.9903 169.679 29.2219
9725 -45.1442 155.615 25.908
9726 -31.7885 169.545 28.9868
9727 -44.8927 155.535 25.6855
9728 -16.9544 185.056 32.922
9729 -17.1286 185.219 33.164
9730 -17.3027 185.381 32.9221
9731 -17.1285 185.219 32.6801
9732 -14.1452 188.059 32.2172
9733 -14.3056 188.237 32.4557
9734 -14.4936 188.385 32.2172
9735 -14.3333 188.207 31.9787
9736 -6.7759 195.574 28.8582
9737 -7.0974 195.943 29.2849
9738 -7.4879 196.239 28.8582
9739 -7.1448 195.893 28.4574
9740 -46.4348 145.946 19.6591
9741 -43.8657 149.373 23.9157
9742 -44.1993 149.448 24.1774
9743 -47.0312 145.983 19.9375
9744 -44.3397 149.76 23.9157
9745 -47.186 146.56 19.6591
9746 -44.0042 149.687 23.6502
9747 -46.5889 146.524 19.3655
9748 -41.4758 152.404 25.908
9749 -29.2898 167.315 29.2219
9750 -29.5001 167.434 29.4569
9751 -41.7321 152.467 26.1305
9752 -29.6592 167.617 29.2219
9753 -41.8452 152.706 25.908
9754 -29.4489 167.497 28.9868
9755 -41.5889 152.642 25.6855
9756 -15.6832 183.964 32.9221
9757 -15.8679 184.115 33.164
9758 -16.0525 184.266 32.922
9759 -15.8678 184.115 32.6801
9760 -13.0808 187.148 32.2172
9761 -13.2527 187.315 32.4557
9762 -13.4502 187.45 32.2172
9763 -13.2783 187.284 31.9787
9764 -6.2295 195.138 28.8582
9765 -6.575 195.486 29.2849
9766 -6.9844 195.755 28.8582
9767 -6.6189 195.432 28.4574
9768 -42.4837 142.967 19.6591
9769 -40.1493 146.558 23.9158
9770 -40.4871 146.611 24.1775
9771 -43.0813 142.964 19.9375
9772 -40.6481 146.912 23.9158
9773 -43.2743 143.529 19.6591
9774 -40.3085 146.862 23.6503
9775 -42.6761 143.533 19.3655
9776 -37.9673 149.742 25.908
9777 -26.8047 165.435 29.2219
9778 -27.0225 165.54 29.4569
9779 -38.2273 149.788 26.1305
9780 -27.1934 165.712 29.2219
9781 -38.356 150.018 25.908
9782 -26.9756 165.606 28.9868
9783 -38.0961 149.972 25.6854
9784 -14.3408 182.958 32.9221
9785 -14.5352 183.096 33.164
9786 -14.7295 183.234 32.9221
9787 -14.5351 183.096 32.6801
9788 -11.957 186.309 32.2172
9789 -12.1396 186.464 32.4557
9790 -12.3457 186.586 32.2172
9791 -12.1631 186.431 31.9787
9792 -5.6548 194.74 28.8582
9793 -6.0228 195.064 29.2849
9794 -6.4493 195.305 28.8582
9795 -6.063 195.007 28.4574
9796 -38.3342 140.251 19.6591
9797 -36.2453 143.991 23.9159
9798 -36.586 144.021 24.1776
9799 -38.9302 140.208 19.9375
9800 -36.7668 144.311 23.9159
9801 -39.1607 140.76 19.6591
9802 -36.4246 144.284 23.6503
9803 -38.5641 140.804 19.3655
9804 -34.2816 147.314 25.9079
9805 -24.1944 163.722 29.2219
9806 -24.4187 163.812 29.4569
9807 -34.544 147.343 26.1305
9808 -24.6007 163.971 29.2219
9809 -34.6879 147.564 25.9079
9810 -24.3764 163.881 28.9868
9811 -34.4255 147.536 25.6854
9812 -12.9314 182.042 32.9221
9813 -13.1346 182.166 33.164
9814 -13.3377 182.291 32.922
9815 -13.1345 182.167 32.6801
9816 -10.7773 185.546 32.2172
9817 -10.9698 185.688 32.4557
9818 -11.1836 185.795 32.2172
9819 -10.9911 185.653 31.9787
9820 -5.0537 194.38 28.8582
9821 -5.4425 194.679 29.2849
9822 -5.8842 194.891 28.8582
9823 -5.4788 194.62 28.4574
9824 -33.999 137.813 19.6591
9825 -32.1659 141.685 23.9159
9826 -32.5077 141.692 24.1776
9827 -34.5907 137.73 19.9375
9828 -32.7076 141.969 23.9159
9829 -34.8577 138.264 19.6591
9830 -32.3643 141.965 23.6504
9831 -34.2654 138.348 19.3655
9832 -30.4298 145.132 25.9079
9833 -21.4669 162.182 29.2219
9834 -21.6968 162.257 29.4569
9835 -30.6935 145.143 26.1304
9836 -21.8891 162.404 29.2219
9837 -30.852 145.354 25.9079
9838 -21.6592 162.329 28.9868
9839 -30.5882 145.344 25.6854
9840 -11.4593 181.219 32.9221
9841 -11.6705 181.33 33.164
9842 -11.8815 181.441 32.922
9843 -11.6704 181.33 32.6801
9844 -9.5453 184.86 32.2172
9845 -9.747 184.989 32.4557
9846 -9.9676 185.082 32.2172
9847 -9.7659 184.953 31.9787
9848 -4.4278 194.061 28.8582
9849 -4.8358 194.332 29.2849
9850 -5.2908 194.514 28.8582
9851 -4.8681 194.271 28.4574
9852 -29.4906 135.664 19.6591
9853 -27.9227 139.651 23.916
9854 -28.2643 139.635 24.1777
9855 -30.0753 135.541 19.9375
9856 -28.4824 139.898 23.916
9857 -30.3778 136.056 19.6591
9858 -28.1396 139.917 23.6505
9859 -29.7926 136.18 19.3655
9860 -26.4231 143.208 25.9079
9861 -18.6301 160.825 29.2219
9862 -18.8646 160.884 29.4569
9863 -26.687 143.201 26.1304
9864 -19.0663 161.018 29.2219
9865 -26.8593 143.401 25.9079
9866 -18.8319 160.958 28.9868
9867 -26.5954 143.408 25.6853
9868 -9.9289 180.495 32.9221
9869 -10.1471 180.592 33.164
9870 -10.3652 180.688 32.922
9871 -10.147 180.592 32.6801
9872 -8.2648 184.257 32.2172
9873 -8.4747 184.372 32.4557
9874 -8.701 184.45 32.2172
9875 -8.4911 184.335 31.9787
9876 -3.7792 193.783 28.8582
9877 -4.2046 194.026 29.2849
9878 -4.6708 194.177 28.8582
9879 -4.2326 193.963 28.4574
9880 -24.8217 133.816 19.6591
9881 -23.5277 137.9 23.916
9882 -23.8675 137.862 24.1777
9883 -25.3968 133.654 19.9375
9884 -24.103 138.11 23.916
9885 -25.7335 134.148 19.6591
9886 -23.7622 138.151 23.6505
9887 -25.1581 134.311 19.3655
9888 -22.2728 141.551 25.9079
9889 -15.6921 159.657 29.2219
9890 -15.9301 159.701 29.4569
9891 -22.5356 141.526 26.1304
9892 -16.1404 159.82 29.2219
9893 -22.7211 141.714 25.9079
9894 -15.9024 159.777 28.9868
9895 -22.4583 141.739 25.6853
9896 -8.3445 179.874 32.922
9897 -8.5687 179.955 33.164
9898 -8.7928 180.036 32.922
9899 -8.5686 179.955 32.6801
9900 -6.9392 183.74 32.2172
9901 -7.1564 183.841 32.4557
9902 -7.3875 183.903 32.2172
9903 -7.1703 183.803 31.9787
9904 -3.1097 193.548 28.8582
9905 -3.5506 193.762 29.2849
9906 -4.0259 193.881 28.8582
9907 -3.5742 193.697 28.4574
9908 -20.0051 132.283 19.6591
9909 -18.9929 136.446 23.9161
9910 -19.3292 136.384 24.1778
9911 -20.5677 132.082 19.9376
9912 -19.5811 136.615 23.9161
9913 -20.9374 132.551 19.6591
9914 -19.244 136.68 23.6505
9915 -20.3744 132.753 19.3655
9916 -17.9901 140.174 25.9079
9917 -12.6607 158.688 29.2219
9918 -12.9011 158.715 29.4569
9919 -18.2506 140.131 26.1304
9920 -13.1191 158.82 29.2219
9921 -18.4485 140.306 25.9079
9922 -12.8787 158.792 28.9868
9923 -18.188 140.348 25.6853
9924 -6.7103 179.359 32.9221
9925 -6.9395 179.425 33.164
9926 -7.1687 179.491 32.922
9927 -6.9395 179.425 32.6801
9928 -5.5722 183.312 32.2172
9929 -5.7958 183.398 32.4557
9930 -6.0306 183.444 32.2172
9931 -5.807 183.359 31.9787
9932 -2.421 193.359 28.8582
9933 -2.8755 193.542 29.2849
9934 -3.3579 193.629 28.8582
9935 -2.8946 193.476 28.4574
9936 -15.0533 131.076 19.6591
9937 -14.3302 135.299 23.916
9938 -14.6614 135.214 24.1777
9939 -15.6008 130.837 19.9375
9940 -14.9286 135.428 23.916
9941 -16.0019 131.28 19.6591
9942 -14.5968 135.516 23.6505
9943 -15.4542 131.52 19.3655
9944 -13.5864 139.087 25.9079
9945 -9.544 157.923 29.2219
9946 -9.7857 157.934 29.4569
9947 -13.8433 139.027 26.1304
9948 -10.0104 158.023 29.2219
9949 -14.0527 139.187 25.9079
9950 -9.7687 158.013 28.9868
9951 -13.7958 139.248 25.6853
9952 -5.0306 178.955 32.922
9953 -5.2638 179.005 33.164
9954 -5.497 179.055 32.9221
9955 -5.2638 179.005 32.6801
9956 -4.1673 182.977 32.2172
9957 -4.3963 183.047 32.4557
9958 -4.6337 183.077 32.2172
9959 -4.4048 183.007 31.9787
9960 -1.7151 193.217 28.8582
9961 -2.1811 193.368 29.2849
9962 -2.6683 193.421 28.8582
9963 -2.1957 193.301 28.4574
9964 -9.9792 130.209 19.6591
9965 -9.5514 134.472 23.916
9966 -9.876 134.364 24.1777
9967 -10.5087 129.932 19.9375
9968 -10.1574 134.558 23.916
9969 -10.9396 130.346 19.6591
9970 -9.8324 134.669 23.6505
9971 -10.4099 130.624 19.3655
9972 -9.0728 138.302 25.9079
9973 -6.3499 157.373 29.2219
9974 -6.5917 157.366 29.4569
9975 -9.3249 138.224 26.1304
9976 -6.8221 157.44 29.2219
9977 -9.545 138.369 25.9079
9978 -6.5803 157.446 28.9868
9979 -9.2929 138.448 25.6853
9980 -3.3097 178.666 32.922
9981 -3.5458 178.699 33.164
9982 -3.7819 178.733 32.9221
9983 -3.5458 178.699 32.6801
9984 -2.7282 182.738 32.2172
9985 -2.9614 182.792 32.4557
9986 -3.2004 182.806 32.2172
9987 -2.9672 182.752 31.9787
9988 -0.9938 193.123 28.8582
9989 -1.4693 193.242 29.2849
9990 -1.959 193.261 28.8582
9991 -1.4791 193.173 28.4574
9992 -4.7954 129.693 19.6591
9993 -4.6687 133.975 23.9159
9994 -4.9848 133.845 24.1776
9995 -5.3042 129.38 19.9375
9996 -5.2792 134.019 23.9159
9997 -5.7632 129.762 19.6591
9998 -4.9628 134.152 23.6504
9999 -5.2543 130.077 19.3655
10000 -4.4607 137.83 25.9079
10001 -3.0864 157.043 29.2219
10002 -3.3272 157.02 29.4569
10003 -4.7067 137.734 26.1304
10004 -3.5622 157.077 29.2219
10005 -4.9365 137.864 25.9079
10006 -3.3214 157.101 28.9868
10007 -4.6905 137.96 25.6854
10008 -1.5519 178.496 32.922
10009 -1.7898 178.513 33.164
10010 -2.0277 178.53 32.9221
10011 -1.7898 178.513 32.6801
10012 -1.2584 182.599 32.2172
10013 -1.4948 182.636 32.4557
10014 -1.7342 182.633 32.2172
10015 -1.4977 182.596 31.9787
10016 -0.259 193.08 28.8582
10017 -0.7416 193.165 29.2849
10018 -1.2315 193.149 28.8582
10019 -0.7466 193.096 28.4574
10020 0.4851 129.542 19.6591
10021 0.306 133.822 23.9159
10022 0 133.669 24.1776
10023 0 129.193 19.9375
10024 -0.306 133.822 23.9159
10025 -0.4851 129.542 19.6591
10026 0 133.977 23.6504
10027 0 129.892 19.3655
10028 0.2385 137.681 25.9079
10029 0.2385 156.943 29.2219
10030 0 156.903 29.4569
10031 0 137.568 26.1305
10032 -0.2385 156.943 29.2219
10033 -0.2385 137.681 25.9079
10034 0 156.984 28.9868
10035 0 137.794 25.6854
10036 0.2385 178.45 32.922
10037 0 178.45 33.164
10038 -0.2385 178.45 32.922
10039 0 178.45 32.6801
10040 0.2385 182.564 32.2172
10041 0 182.584 32.4557
10042 -0.2385 182.564 32.2172
10043 0 182.543 31.9787
10044 0.4875 193.088 28.8582
10045 0 193.139 29.2849
10046 -0.4875 193.088 28.8582
10047 0 193.069 28.4574
10048 5.7632 129.762 19.6591
10049 5.2792 134.019 23.9159
10050 4.9848 133.845 24.1776
10051 5.3042 129.38 19.9375
10052 4.6687 133.975 23.9159
10053 4.7954 129.693 19.6591
10054 4.9628 134.152 23.6504
10055 5.2543 130.077 19.3655
10056 4.9365 137.864 25.9079
10057 3.5622 157.077 29.2219
10058 3.3272 157.02 29.4569
10059 4.7067 137.734 26.1304
10060 3.0864 157.043 29.2219
10061 4.4607 137.83 25.9079
10062 3.3214 157.101 28.9868
10063 4.6905 137.96 25.6854
10064 2.0277 178.53 32.9221
10065 1.7898 178.513 33.164
10066 1.5519 178.496 32.922
10067 1.7898 178.513 32.6801
10068 1.7342 182.633 32.2172
10069 1.4949 182.636 32.4557
10070 1.2584 182.599 32.2172
10071 1.4977 182.596 31.9787
10072 1.2315 193.149 28.8582
10073 0.7416 193.165 29.2849
10074 0.259 193.08 28.8582
10075 0.7466 193.096 28.4574
10076 10.9396 130.346 19.6591
10077 10.1574 134.558 23.916
10078 9.876 134.364 24.1777
10079 10.5087 129.932 19.9375
10080 9.5514 134.472 23.916
10081 9.9792 130.209 19.6591
10082 9.8324 134.669 23.6505
10083 10.4099 130.624 19.3655
10084 9.545 138.369 25.9079
10085 6.8221 157.44 29.2219
10086 6.5917 157.366 29.4569
10087 9.3249 138.224 26.1304
10088 6.3499 157.373 29.2219
10089 9.0728 138.302 25.9079
10090 6.5803 157.446 28.9868
10091 9.2929 138.448 25.6853
10092 3.7819 178.733 32.9221
10093 3.5458 178.699 33.164
10094 3.3097 178.666 32.922
10095 3.5458 178.699 32.6801
10096 3.2004 182.806 32.2172
10097 2.9614 182.792 32.4557
10098 2.7282 182.738 32.2172
10099 2.9672 182.752 31.9787
10100 1.959 193.261 28.8582
10101 1.4693 193.242 29.2849
10102 0.9938 193.123 28.8582
10103 1.4791 193.173 28.4574
10104 16.0019 131.28 19.6591
10105 14.9286 135.428 23.916
10106 14.6614 135.214 24.1777
10107 15.6008 130.837 19.9375
10108 14.3302 135.299 23.916
10109 15.0533 131.076 19.6591
10110 14.5968 135.516 23.6505
10111 15.4542 131.52 19.3655
10112 14.0527 139.187 25.9079
10113 10.0104 158.023 29.2219
10114 9.7857 157.934 29.4569
10115 13.8433 139.027 26.1304
10116 9.544 157.923 29.2219
10117 13.5864 139.087 25.9079
10118 9.7687 158.013 28.9868
10119 13.7958 139.248 25.6853
10120 5.497 179.055 32.9221
10121 5.2638 179.005 33.164
10122 5.0306 178.955 32.922
10123 5.2638 179.005 32.6801
10124 4.6337 183.077 32.2172
10125 4.3963 183.047 32.4557
10126 4.1673 182.977 32.2172
10127 4.4048 183.007 31.9787
10128 2.6683 193.421 28.8582
10129 2.1811 193.368 29.2849
10130 1.7151 193.217 28.8582
10131 2.1957 193.301 28.4574
10132 20.9374 132.551 19.6591
10133 19.5811 136.615 23.9161
10134 19.3292 136.384 24.1778
10135 20.5677 132.082 19.9376
10136 18.9929 136.446 23.9161
10137 20.0051 132.283 19.6591
10138 19.244 136.68 23.6505
10139 20.3744 132.753 19.3655
10140 18.4485 140.306 25.9079
10141 13.1191 158.82 29.2219
10142 12.9011 158.715 29.4569
10143 18.2506 140.131 26.1304
10144 12.6607 158.688 29.2219
10145 17.9901 140.174 25.9079
10146 12.8787 158.792 28.9868
10147 18.188 140.348 25.6853
10148 7.1687 179.491 32.922
10149 6.9395 179.425 33.164
10150 6.7103 179.359 32.922
10151 6.9395 179.425 32.6801
10152 6.0306 183.444 32.2172
10153 5.7958 183.398 32.4557
10154 5.5722 183.312 32.2172
10155 5.807 183.359 31.9787
10156 3.3579 193.629 28.8582
10157 2.8755 193.542 29.2849
10158 2.421 193.359 28.8582
10159 2.8947 193.476 28.4574
10160 25.7335 134.148 19.6591
10161 24.103 138.11 23.916
10162 23.8675 137.862 24.1777
10163 25.3968 133.654 19.9375
10164 23.5277 137.9 23.916
10165 24.8217 133.816 19.6591
10166 23.7622 138.151 23.6505
10167 25.1581 134.311 19.3655
10168 22.7211 141.714 25.9079
10169 16.1404 159.82 29.2219
10170 15.9301 159.701 29.4569
10171 22.5356 141.526 26.1304
10172 15.6921 159.657 29.2219
10173 22.2728 141.551 25.9079
10174 15.9024 159.777 28.9868
10175 22.4583 141.739 25.6853
10176 8.7928 180.036 32.922
10177 8.5687 179.955 33.164
10178 8.3445 179.874 32.922
10179 8.5686 179.955 32.6801
10180 7.3875 183.903 32.2172
10181 7.1564 183.841 32.4557
10182 6.9392 183.74 32.2172
10183 7.1703 183.803 31.9787
10184 4.0259 193.881 28.8582
10185 3.5506 193.762 29.2849
10186 3.1097 193.548 28.8582
10187 3.5742 193.697 28.4574
10188 30.3778 136.056 19.6591
10189 28.4824 139.898 23.916
10190 28.2643 139.635 24.1777
10191 30.0753 135.541 19.9375
10192 27.9227 139.651 23.916
10193 29.4906 135.664 19.6591
10194 28.1396 139.917 23.6505
10195 29.7926 136.18 19.3655
10196 26.8593 143.401 25.9079
10197 19.0663 161.018 29.2219
10198 18.8646 160.884 29.4569
10199 26.687 143.201 26.1304
10200 18.6301 160.825 29.2219
10201 26.4231 143.208 25.9079
10202 18.8319 160.958 28.9868
10203 26.5954 143.408 25.6853
10204 10.3652 180.688 32.922
10205 10.1471 180.592 33.164
10206 9.9289 180.495 32.9221
10207 10.147 180.592 32.6801
10208 8.701 184.45 32.2172
10209 8.4747 184.372 32.4557
10210 8.2648 184.257 32.2172
10211 8.4911 184.335 31.9787
10212 4.6708 194.177 28.8582
10213 4.2046 194.026 29.2849
10214 3.7792 193.783 28.8582
10215 4.2326 193.963 28.4574
10216 34.8577 138.264 19.6591
10217 32.7077 141.969 23.9159
10218 32.5077 141.692 24.1776
10219 34.5907 137.73 19.9375
10220 32.1659 141.685 23.9159
10221 33.999 137.813 19.6591
10222 32.3644 141.965 23.6504
10223 34.2655 138.348 19.3655
10224 30.852 145.354 25.9079
10225 21.8891 162.404 29.2219
10226 21.6968 162.257 29.4569
10227 30.6935 145.143 26.1304
10228 21.4669 162.182 29.2219
10229 30.4298 145.132 25.9079
10230 21.6592 162.329 28.9868
10231 30.5882 145.344 25.6854
10232 11.8815 181.441 32.922
10233 11.6705 181.33 33.164
10234 11.4593 181.219 32.9221
10235 11.6704 181.33 32.6801
10236 9.9676 185.082 32.2172
10237 9.747 184.989 32.4557
10238 9.5454 184.86 32.2172
10239 9.7659 184.953 31.9787
10240 5.2908 194.514 28.8582
10241 4.8358 194.332 29.2849
10242 4.4278 194.061 28.8582
10243 4.8681 194.271 28.4574
10244 39.1607 140.76 19.6591
10245 36.7668 144.312 23.9159
10246 36.586 144.021 24.1776
10247 38.9302 140.208 19.9375
10248 36.2454 143.991 23.9159
10249 38.3342 140.251 19.6591
10250 36.4246 144.284 23.6503
10251 38.5641 140.804 19.3655
10252 34.6879 147.564 25.9079
10253 24.6007 163.971 29.2219
10254 24.4187 163.812 29.4569
10255 34.544 147.343 26.1305
10256 24.1944 163.722 29.2219
10257 34.2816 147.314 25.9079
10258 24.3764 163.881 28.9868
10259 34.4255 147.536 25.6854
10260 13.3377 182.291 32.922
10261 13.1346 182.166 33.164
10262 12.9314 182.042 32.9221
10263 13.1345 182.167 32.6801
10264 11.1836 185.795 32.2172
10265 10.9698 185.688 32.4557
10266 10.7773 185.546 32.2172
10267 10.9911 185.653 31.9787
10268 5.8842 194.891 28.8582
10269 5.4425 194.679 29.2849
10270 5.0537 194.38 28.8582
10271 5.4788 194.62 28.4574
10272 43.2743 143.529 19.6591
10273 40.6481 146.912 23.9158
10274 40.4871 146.611 24.1775
10275 43.0813 142.964 19.9375
10276 40.1493 146.558 23.9158
10277 42.4837 142.967 19.6591
10278 40.3085 146.862 23.6503
10279 42.6761 143.533 19.3655
10280 38.356 150.018 25.908
10281 27.1934 165.712 29.2219
10282 27.0225 165.54 29.4569
10283 38.2273 149.788 26.1305
10284 26.8047 165.435 29.2219
10285 37.9673 149.742 25.908
10286 26.9756 165.606 28.9868
10287 38.0961 149.972 25.6854
10288 14.7295 183.234 32.9221
10289 14.5352 183.096 33.164
10290 14.3408 182.958 32.9221
10291 14.5351 183.096 32.6801
10292 12.3457 186.586 32.2172
10293 12.1396 186.464 32.4557
10294 11.957 186.309 32.2172
10295 12.1631 186.431 31.9787
10296 6.4493 195.305 28.8582
10297 6.0228 195.064 29.2849
10298 5.6548 194.74 28.8582
10299 6.063 195.007 28.4574
10300 47.186 146.56 19.6591
10301 44.3397 149.76 23.9157
10302 44.1993 149.448 24.1774
10303 47.0312 145.983 19.9375
10304 43.8657 149.373 23.9157
10305 46.4348 145.946 19.6591
10306 44.0042 149.687 23.6502
10307 46.5889 146.524 19.3655
10308 41.8452 152.706 25.908
10309 29.6592 167.617 29.2219
10310 29.5001 167.434 29.4569
10311 41.7321 152.467 26.1305
10312 29.2898 167.315 29.2219
10313 41.4758 152.404 25.908
10314 29.4489 167.497 28.9868
10315 41.5889 152.642 25.6855
10316 16.0525 184.266 32.9221
10317 15.8679 184.115 33.164
10318 15.6832 183.964 32.9221
10319 15.8678 184.115 32.6801
10320 13.4502 187.45 32.2172
10321 13.2527 187.315 32.4557
10322 13.0808 187.148 32.2172
10323 13.2783 187.284 31.9787
10324 6.9844 195.755 28.8582
10325 6.575 195.486 29.2849
10326 6.2295 195.138 28.8582
10327 6.6189 195.432 28.4574
10328 50.8834 149.84 19.6591
10329 47.8299 152.843 23.9157
10330 47.7106 152.522 24.1774
10331 50.7675 149.254 19.9375
10332 47.3828 152.425 23.9157
10333 50.1748 149.178 19.6591
10334 47.5 152.747 23.6502
10335 50.29 149.765 19.3655
10336 45.1442 155.615 25.908
10337 31.9903 169.679 29.2219
10338 31.8437 169.486 29.4569
10339 45.0474 155.37 26.1305
10340 31.6419 169.353 29.2219
10341 44.7959 155.289 25.908
10342 31.7885 169.545 28.9868
10343 44.8927 155.535 25.6855
10344 17.3027 185.381 32.9221
10345 17.1286 185.219 33.164
10346 16.9544 185.056 32.922
10347 17.1285 185.219 32.6801
10348 14.4936 188.385 32.2172
10349 14.3056 188.237 32.4557
10350 14.1452 188.059 32.2172
10351 14.3333 188.207 31.9787
10352 7.4879 196.239 28.8582
10353 7.0974 195.943 29.2849
10354 6.7759 195.574 28.8582
10355 7.1448 195.893 28.4574
10356 54.354 153.357 19.6591
10357 51.1068 156.149 23.9157
10358 51.0092 155.821 24.1774
10359 54.2774 152.764 19.9375
10360 50.6887 155.702 23.9157
10361 53.6912 152.648 19.6591
10362 50.7841 156.031 23.6502
10363 53.7669 153.242 19.3655
10364 48.2421 158.736 25.908
10365 34.1788 171.89 29.2219
10366 34.0454 171.688 29.4569
10367 48.1618 158.484 26.1305
10368 33.8529 171.541 29.2219
10369 47.9163 158.387 25.908
10370 33.9863 171.743 28.9868
10371 47.9965 158.639 25.6855
10372 18.4758 186.577 32.922
10373 18.3129 186.403 33.164
10374 18.1499 186.229 32.9221
10375 18.3128 186.403 32.6801
10376 15.4724 189.386 32.2172
10377 15.2947 189.226 32.4557
10378 15.1466 189.038 32.2172
10379 15.3243 189.198 31.9787
10380 7.958 196.756 28.8582
10381 7.5882 196.434 29.2849
10382 7.292 196.044 28.8582
10383 7.6388 196.387 28.4574
10384 57.5852 157.097 19.6591
10385 54.1587 159.666 23.9157
10386 54.0832 159.332 24.1774
10387 57.5484 156.5 19.9375
10388 53.7714 159.192 23.9157
10389 56.9713 156.345 19.6591
10390 53.8446 159.527 23.6502
10391 57.0072 156.943 19.3655
10392 51.1277 162.056 25.908
10393 36.2168 174.242 29.2219
10394 36.0972 174.031 29.4569
10395 51.0644 161.799 26.1305
10396 35.9149 173.872 29.2219
10397 50.8258 161.686 25.908
10398 36.0345 174.083 28.9868
10399 50.8891 161.943 25.6855
10400 19.5675 187.848 32.9221
10401 19.4166 187.663 33.164
10402 19.2656 187.479 32.922
10403 19.4165 187.664 32.6801
10404 16.3831 190.451 32.2172
10405 16.2165 190.279 32.4557
10406 16.0813 190.081 32.2172
10407 16.2479 190.253 31.9787
10408 8.393 197.302 28.8582
10409 8.0455 196.956 29.2849
10410 7.7761 196.547 28.8582
10411 8.0992 196.913 28.4574
10412 60.5647 161.048 19.6591
10413 56.9739 163.382 23.9158
10414 56.9208 163.044 24.1775
10415 60.5679 160.45 19.9375
10416 56.6191 162.883 23.9158
10417 60.0024 160.257 19.6591
10418 56.6697 163.223 23.6503
10419 59.9983 160.855 19.3655
10420 53.7898 165.564 25.908
10421 38.0964 176.727 29.2219
10422 37.9911 176.509 29.4569
10423 53.7438 165.304 26.1305
10424 37.8199 176.338 29.2219
10425 53.5133 165.175 25.908
10426 37.9252 176.556 28.9868
10427 53.5593 165.435 25.6854
10428 20.5736 189.191 32.9221
10429 20.4354 188.996 33.164
10430 20.2971 188.802 32.9221
10431 20.4353 188.996 32.6801
10432 17.2221 191.574 32.2172
10433 17.0674 191.392 32.4557
10434 16.9457 191.186 32.2172
10435 17.1004 191.368 31.9787
10436 8.7913 197.877 28.8582
10437 8.4677 197.509 29.2849
10438 8.2263 197.082 28.8582
10439 8.5241 197.469 28.4574
10440 63.28 165.197 19.6591
10441 59.5405 167.286 23.9159
10442 59.5102 166.945 24.1776
10443 63.3232 164.601 19.9375
10444 59.2199 166.765 23.9159
10445 62.7719 164.371 19.6591
10446 59.2476 167.107 23.6503
10447 62.7277 164.967 19.3655
10448 56.2173 169.25 25.9079
10449 39.8099 179.337 29.2219
10450 39.7194 179.113 29.4569
10451 56.1888 168.988 26.1305
10452 39.5601 178.931 29.2219
10453 55.9675 168.844 25.9079
10454 39.6505 179.155 28.9868
10455 55.996 169.106 25.6854
10456 21.4899 190.6 32.9221
10457 21.3651 190.397 33.164
10458 21.2401 190.194 32.9221
10459 21.3649 190.397 32.6801
10460 17.986 192.754 32.2172
10461 17.8438 192.562 32.4557
10462 17.7362 192.348 32.2172
10463 17.8784 192.54 31.9787
10464 9.1512 198.478 28.8582
10465 8.8529 198.089 29.2849
10466 8.6406 197.647 28.8582
10467 8.9119 198.053 28.4574
10468 65.7185 169.533 19.6591
10469 61.8467 171.366 23.9159
10470 61.8394 171.024 24.1776
10471 65.8016 168.941 19.9375
10472 61.5619 170.824 23.9159
10473 65.2671 168.674 19.6591
10474 61.5666 171.167 23.6504
10475 65.1829 169.266 19.3655
10476 58.399 173.102 25.9079
10477 41.3492 182.065 29.2219
10478 41.2741 181.835 29.4569
10479 58.3882 172.838 26.1305
10480 41.1273 181.642 29.2219
10481 58.1771 172.68 25.9079
10482 41.2025 181.872 28.9868
10483 58.1879 172.943 25.6854
10484 22.3122 192.072 32.9221
10485 22.2013 191.861 33.164
10486 22.0903 191.65 32.9221
10487 22.2012 191.861 32.6801
10488 18.6712 193.986 32.2172
10489 18.5422 193.784 32.4557
10490 18.4492 193.564 32.2172
10491 18.5781 193.766 31.9787
10492 9.4709 199.104 28.8582
10493 9.1994 198.696 29.2849
10494 9.0173 198.241 28.8582
10495 9.2607 198.663 28.4574
10496 67.8678 174.041 19.6591
10497 63.8808 175.609 23.916
10498 63.8965 175.267 24.1777
10499 67.9907 173.456 19.9375
10500 63.6332 175.049 23.916
10501 67.4754 173.154 19.6591
10502 63.6147 175.392 23.6505
10503 67.3515 173.739 19.3655
10504 60.3238 177.108 25.9079
10505 42.7066 184.901 29.2219
10506 42.6471 184.667 29.4569
10507 60.3308 176.844 26.1304
10508 42.5137 184.465 29.2219
10509 60.1308 176.672 25.9079
10510 42.5732 184.7 28.9868
10511 60.1239 176.936 25.6853
10512 23.0363 193.602 32.9221
10513 22.9399 193.384 33.164
10514 22.8433 193.166 32.9221
10515 22.9397 193.384 32.6801
10516 19.2741 195.267 32.2172
10517 19.1591 195.057 32.4557
10518 19.0811 194.83 32.2172
10519 19.1962 195.04 31.9787
10520 9.7488 199.752 28.8582
10521 9.5055 199.327 29.2849
10522 9.3544 198.861 28.8582
10523 9.5688 199.299 28.4574
10524 69.7154 178.71 19.6591
10525 65.631 180.004 23.916
10526 65.6698 179.664 24.1777
10527 69.8776 178.135 19.9376
10528 65.4219 179.428 23.916
10529 69.384 177.798 19.6591
10530 65.3802 179.769 23.6505
10531 69.2207 178.373 19.3655
10532 61.9804 181.259 25.9079
10533 43.8742 187.839 29.2219
10534 43.8307 187.601 29.4569
10535 62.0053 180.996 26.1304
10536 43.7112 187.391 29.2219
10537 61.8175 180.81 25.9079
10538 43.7547 187.629 28.9868
10539 61.7926 181.073 25.6853
10540 23.6579 195.187 32.9221
10541 23.5765 194.963 33.164
10542 23.4949 194.739 32.9221
10543 23.5763 194.963 32.6801
10544 19.7913 196.592 32.2172
10545 19.6907 196.375 32.4557
10546 19.6283 196.144 32.2172
10547 19.7289 196.361 31.9787
10548 9.9832 200.422 28.8582
10549 9.7693 199.981 29.2849
10550 9.6502 199.505 28.8582
10551 9.8344 199.957 28.4574
10552 71.2488 183.526 19.6591
10553 67.0854 184.538 23.9161
10554 67.1473 184.202 24.1778
10555 71.4498 182.964 19.9376
10556 66.9161 183.95 23.9161
10557 70.9804 182.594 19.6591
10558 66.8512 184.288 23.6505
10559 70.7782 183.157 19.3655
10560 63.3577 185.541 25.9079
10561 44.844 190.871 29.2219
10562 44.8168 190.63 29.4569
10563 63.4004 185.281 26.1304
10564 44.712 190.412 29.2219
10565 63.2257 185.083 25.9079
10566 44.7391 190.653 28.9868
10567 63.183 185.343 25.6853
10568 24.1728 196.821 32.9221
10569 24.1069 196.592 33.164
10570 24.0408 196.363 32.9221
10571 24.1067 196.592 32.6801
10572 20.2192 197.959 32.2172
10573 20.1338 197.736 32.4557
10574 20.0873 197.501 32.2172
10575 20.1727 197.725 31.9787
10576 10.1724 201.111 28.8582
10577 9.9891 200.656 29.2849
10578 9.9027 200.174 28.8582
10579 10.0556 200.637 28.4574
10580 72.4553 188.478 19.6591
10581 68.2323 189.201 23.916
10582 68.3172 188.87 24.1777
10583 72.6947 187.931 19.9376
10584 68.1039 188.603 23.916
10585 72.2518 187.529 19.6591
10586 68.016 188.935 23.6505
10587 72.0113 188.077 19.3655
10588 64.4444 189.945 25.9079
10589 45.6082 193.987 29.2219
10590 45.5976 193.746 29.4569
10591 64.505 189.688 26.1304
10592 45.5081 193.521 29.2219
10593 64.3443 189.479 25.9079
10594 45.5186 193.763 28.9868
10595 64.2837 189.736 25.6853
10596 24.5768 198.501 32.9221
10597 24.5269 198.268 33.164
10598 24.4767 198.035 32.9221
10599 24.5267 198.268 32.6801
10600 20.5544 199.364 32.2172
10601 20.4845 199.135 32.4557
10602 20.4543 198.898 32.2172
10603 20.5242 199.127 31.9787
10604 10.3147 201.816 28.8582
10605 10.1631 201.35 29.2849
10606 10.1101 200.863 28.8582
10607 10.2308 201.336 28.4574
10608 73.3227 193.552 19.6591
10609 69.0598 193.98 23.916
10610 69.1676 193.656 24.1777
10611 73.5995 193.023 19.9375
10612 68.9733 193.374 23.916
10613 73.1856 192.592 19.6591
10614 68.8626 193.699 23.6505
10615 72.9076 193.122 19.3655
10616 65.2294 194.459 25.9079
10617 46.1589 197.182 29.2219
10618 46.1652 196.94 29.4569
10619 65.3077 194.207 26.1304
10620 46.0914 196.709 29.2219
10621 65.162 193.986 25.9079
10622 46.0851 196.951 28.9868
10623 65.0837 194.239 25.6853
10624 24.8658 200.222 32.9221
10625 24.8321 199.986 33.164
10626 24.7983 199.749 32.9221
10627 24.832 199.986 32.6801
10628 20.7932 200.803 32.2172
10629 20.7395 200.57 32.4557
10630 20.7258 200.331 32.2172
10631 20.7796 200.564 31.9787
10632 10.4084 202.538 28.8582
10633 10.2895 202.062 29.2849
10634 10.2706 201.572 28.8582
10635 10.3581 202.052 28.4574
10636 73.8383 198.736 19.6591
10637 69.5562 198.863 23.916
10638 69.6866 198.547 24.1777
10639 74.1517 198.227 19.9375
10640 69.5126 198.252 23.916
10641 73.7691 197.768 19.6591
10642 69.3792 198.569 23.6504
10643 73.4545 198.277 19.3655
10644 65.7017 199.071 25.9079
10645 46.4882 200.445 29.2219
10646 46.5115 200.204 29.4569
10647 65.7975 198.825 26.1305
10648 46.4542 199.969 29.2219
10649 65.6677 198.595 25.9079
10650 46.4308 200.21 28.9868
10651 65.5718 198.841 25.6854
10652 25.0353 201.98 32.9221
10653 25.0184 201.742 33.164
10654 25.0013 201.504 32.9221
10655 25.0183 201.742 32.6801
10656 20.9323 202.273 32.2172
10657 20.895 202.037 32.4557
10658 20.8982 201.797 32.2172
10659 20.9355 202.034 31.9787
10660 10.4518 203.272 28.8582
10661 10.3667 202.79 29.2849
10662 10.3823 202.3 28.8582
10663 10.4358 202.785 28.4574
10664 67.5729 208.365 25.5427
10665 67.7431 203.531 25.5427
10666 68.4472 203.531 25.5427
10667 68.2752 208.415 25.5427
10668 68.4472 203.531 24.8323
10669 68.2752 208.415 24.8323
10670 67.7431 203.531 24.8323
10671 67.5729 208.365 24.8323
10672 67.5729 198.697 25.5427
10673 68.2752 198.648 25.5427
10674 68.2752 198.648 24.8323
10675 67.5729 198.697 24.8323
10676 67.0697 193.955 25.5427
10677 67.7668 193.856 25.5427
10678 67.7668 193.856 24.8323
10679 67.0697 193.955 24.8323
10680 66.2452 189.314 25.5427
10681 66.9337 189.167 25.5427
10682 66.9337 189.167 24.8323
10683 66.2452 189.314 24.8323
10684 65.1109 184.788 25.5427
10685 65.7874 184.594 25.5427
10686 65.7874 184.594 24.8323
10687 65.1109 184.788 24.8323
10688 63.6782 180.388 25.5427
10689 64.3398 180.147 25.5427
10690 64.3398 180.147 24.8323
10691 63.6782 180.388 24.8323
10692 61.9587 176.125 25.5427
10693 62.6023 175.839 25.5427
10694 62.6023 175.839 24.8323
10695 61.9587 176.125 24.8323
10696 59.9639 172.01 25.5427
10697 60.5867 171.682 25.5427
10698 60.5867 171.682 24.8323
10699 59.9639 172.01 24.8323
10700 57.7053 168.056 25.5427
10701 58.3046 167.686 25.5427
10702 58.3046 167.686 24.8323
10703 57.7053 168.056 24.8323
10704 55.1944 164.273 25.5427
10705 55.7676 163.864 25.5427
10706 55.7676 163.864 24.8323
10707 55.1944 164.273 24.8323
10708 52.4427 160.673 25.5427
10709 52.9875 160.227 25.5427
10710 52.9875 160.227 24.8323
10711 52.4427 160.673 24.8323
10712 49.4618 157.268 25.5427
10713 49.9758 156.787 25.5427
10714 49.9758 156.787 24.8323
10715 49.4618 157.268 24.8323
10716 46.2631 154.07 25.5427
10717 46.7442 153.556 25.5427
10718 46.7442 153.556 24.8323
10719 46.2631 154.07 24.8323
10720 42.8582 151.089 25.5427
10721 43.3041 150.544 25.5427
10722 43.3041 150.544 24.8323
10723 42.8582 151.089 24.8323
10724 39.2586 148.337 25.5427
10725 39.6673 147.764 25.5427
10726 39.6673 147.764 24.8323
10727 39.2586 148.337 24.8323
10728 35.4758 145.826 25.5427
10729 35.8453 145.227 25.5427
10730 35.8453 145.227 24.8323
10731 35.4758 145.826 24.8323
10732 31.5213 143.568 25.5427
10733 31.8497 142.945 25.5427
10734 31.8497 142.945 24.8323
10735 31.5213 143.568 24.8323
10736 27.4067 141.573 25.5427
10737 27.6921 140.929 25.5427
10738 27.6921 140.929 24.8323
10739 27.4067 141.573 24.8323
10740 23.1434 139.853 25.5427
10741 23.3842 139.192 25.5427
10742 23.3842 139.192 24.8323
10743 23.1434 139.853 24.8323
10744 18.743 138.421 25.5427
10745 18.9377 137.744 25.5427
10746 18.9377 137.744 24.8323
10747 18.743 138.421 24.8323
10748 14.217 137.286 25.5427
10749 14.3643 136.598 25.5427
10750 14.3643 136.598 24.8323
10751 14.217 137.286 24.8323
10752 9.5768 136.462 25.5427
10753 9.6756 135.765 25.5427
10754 9.6756 135.765 24.8323
10755 9.5768 136.462 24.8323
10756 4.834 135.959 25.5427
10757 4.8835 135.256 25.5427
10758 4.8835 135.256 24.8323
10759 4.834 135.959 24.8323
10760 0 135.788 25.5427
10761 0 135.084 25.5427
10762 0 135.084 24.8323
10763 0 135.788 24.8323
10764 -4.834 135.959 25.5427
10765 -4.8835 135.256 25.5427
10766 -4.8835 135.256 24.8323
10767 -4.834 135.959 24.8323
10768 -9.5768 136.462 25.5427
10769 -9.6756 135.765 25.5427
10770 -9.6756 135.765 24.8323
10771 -9.5768 136.462 24.8323
10772 -14.217 137.286 25.5427
10773 -14.3642 136.598 25.5427
10774 -14.3642 136.598 24.8323
10775 -14.217 137.286 24.8323
10776 -18.743 138.421 25.5427
10777 -18.9377 137.744 25.5427
10778 -18.9377 137.744 24.8323
10779 -18.743 138.421 24.8323
10780 -23.1434 139.853 25.5427
10781 -23.3842 139.192 25.5427
10782 -23.3842 139.192 24.8323
10783 -23.1434 139.853 24.8323
10784 -27.4067 141.573 25.5427
10785 -27.6921 140.929 25.5427
10786 -27.6921 140.929 24.8323
10787 -27.4067 141.573 24.8323
10788 -31.5213 143.568 25.5427
10789 -31.8497 142.945 25.5427
10790 -31.8497 142.945 24.8323
10791 -31.5213 143.568 24.8323
10792 -35.4758 145.826 25.5427
10793 -35.8453 145.227 25.5427
10794 -35.8453 145.227 24.8323
10795 -35.4758 145.826 24.8323
10796 -39.2586 148.337 25.5427
10797 -39.6673 147.764 25.5427
10798 -39.6673 147.764 24.8323
10799 -39.2586 148.337 24.8323
10800 -42.8582 151.089 25.5427
10801 -43.3041 150.544 25.5427
10802 -43.3041 150.544 24.8323
10803 -42.8582 151.089 24.8323
10804 -46.2631 154.07 25.5427
10805 -46.7441 153.556 25.5427
10806 -46.7441 153.556 24.8323
10807 -46.2631 154.07 24.8323
10808 -49.4618 157.268 25.5427
10809 -49.9758 156.787 25.5427
10810 -49.9758 156.787 24.8323
10811 -49.4618 157.268 24.8323
10812 -52.4427 160.673 25.5427
10813 -52.9875 160.227 25.5427
10814 -52.9875 160.227 24.8323
10815 -52.4427 160.673 24.8323
10816 -55.1944 164.273 25.5427
10817 -55.7676 163.864 25.5427
10818 -55.7676 163.864 24.8323
10819 -55.1944 164.273 24.8323
10820 -57.7053 168.056 25.5427
10821 -58.3045 167.686 25.5427
10822 -58.3045 167.686 24.8323
10823 -57.7053 168.056 24.8323
10824 -59.9639 172.01 25.5427
10825 -60.5866 171.682 25.5427
10826 -60.5866 171.682 24.8323
10827 -59.9639 172.01 24.8323
10828 -61.9587 176.125 25.5427
10829 -62.6023 175.839 25.5427
10830 -62.6023 175.839 24.8323
10831 -61.9587 176.125 24.8323
10832 -63.6782 180.388 25.5427
10833 -64.3398 180.147 25.5427
10834 -64.3398 180.147 24.8323
10835 -63.6782 180.388 24.8323
10836 -65.1109 184.788 25.5427
10837 -65.7874 184.594 25.5427
10838 -65.7874 184.594 24.8323
10839 -65.1109 184.788 24.8323
10840 -66.2452 189.314 25.5427
10841 -66.9337 189.167 25.5427
10842 -66.9337 189.167 24.8323
10843 -66.2452 189.314 24.8323
10844 -67.0697 193.955 25.5427
10845 -67.7668 193.856 25.5427
10846 -67.7668 193.856 24.8323
10847 -67.0697 193.955 24.8323
10848 -67.5729 198.697 25.5427
10849 -68.2752 198.648 25.5427
10850 -68.2752 198.648 24.8323
10851 -67.5729 198.697 24.8323
10852 -67.7431 203.531 25.5427
10853 -68.4472 203.531 25.5427
10854 -68.4472 203.531 24.8323
10855 -67.7431 203.531 24.8323
10856 -67.5729 208.365 25.5427
10857 -68.2752 208.415 25.5427
10858 -68.2752 208.415 24.8323
10859 -67.5729 208.365 24.8323
10860 -67.0697 213.108 25.5427
10861 -67.7668 213.207 25.5427
10862 -67.7668 213.207 24.8323
10863 -67.0697 213.108 24.8323
10864 -66.2452 217.749 25.5427
10865 -66.9337 217.896 25.5427
10866 -66.9337 217.896 24.8323
10867 -66.2452 217.749 24.8323
10868 -65.1109 222.275 25.5427
10869 -65.7874 222.469 25.5427
10870 -65.7874 222.469 24.8323
10871 -65.1109 222.275 24.8323
10872 -63.6782 226.675 25.5427
10873 -64.3398 226.916 25.5427
10874 -64.3398 226.916 24.8323
10875 -63.6782 226.675 24.8323
10876 -61.9587 230.938 25.5427
10877 -62.6023 231.224 25.5427
10878 -62.6023 231.224 24.8323
10879 -61.9587 230.938 24.8323
10880 -59.9639 235.053 25.5427
10881 -60.5866 235.381 25.5427
10882 -60.5866 235.381 24.8323
10883 -59.9639 235.053 24.8323
10884 -57.7053 239.007 25.5427
10885 -58.3046 239.377 25.5427
10886 -58.3046 239.377 24.8323
10887 -57.7053 239.007 24.8323
10888 -55.1944 242.79 25.5427
10889 -55.7676 243.199 25.5427
10890 -55.7676 243.199 24.8323
10891 -55.1944 242.79 24.8323
10892 -52.4427 246.39 25.5427
10893 -52.9875 246.836 25.5427
10894 -52.9875 246.836 24.8323
10895 -52.4427 246.39 24.8323
10896 -49.4618 249.795 25.5427
10897 -49.9758 250.276 25.5427
10898 -49.9758 250.276 24.8323
10899 -49.4618 249.795 24.8323
10900 -46.2631 252.993 25.5427
10901 -46.7442 253.507 25.5427
10902 -46.7442 253.507 24.8323
10903 -46.2631 252.993 24.8323
10904 -42.8582 255.974 25.5427
10905 -43.3041 256.519 25.5427
10906 -43.3041 256.519 24.8323
10907 -42.8582 255.974 24.8323
10908 -39.2586 258.726 25.5427
10909 -39.6673 259.299 25.5427
10910 -39.6673 259.299 24.8323
10911 -39.2586 258.726 24.8323
10912 -35.4758 261.237 25.5427
10913 -35.8453 261.836 25.5427
10914 -35.8453 261.836 24.8323
10915 -35.4758 261.237 24.8323
10916 -31.5213 263.495 25.5427
10917 -31.8497 264.118 25.5427
10918 -31.8497 264.118 24.8323
10919 -31.5213 263.495 24.8323
10920 -27.4067 265.49 25.5427
10921 -27.6921 266.134 25.5427
10922 -27.6921 266.134 24.8323
10923 -27.4067 265.49 24.8323
10924 -23.1434 267.21 25.5427
10925 -23.3842 267.871 25.5427
10926 -23.3842 267.871 24.8323
10927 -23.1434 267.21 24.8323
10928 -18.743 268.642 25.5427
10929 -18.9377 269.319 25.5427
10930 -18.9377 269.319 24.8323
10931 -18.743 268.642 24.8323
10932 -14.217 269.777 25.5427
10933 -14.3643 270.465 25.5427
10934 -14.3643 270.465 24.8323
10935 -14.217 269.777 24.8323
10936 -9.5768 270.601 25.5427
10937 -9.6756 271.298 25.5427
10938 -9.6756 271.298 24.8323
10939 -9.5768 270.601 24.8323
10940 -4.834 271.104 25.5427
10941 -4.8835 271.807 25.5427
10942 -4.8835 271.807 24.8323
10943 -4.834 271.104 24.8323
10944 0 271.275 25.5427
10945 0 271.979 25.5427
10946 0 271.979 24.8323
10947 0 271.275 24.8323
10948 4.834 271.104 25.5427
10949 4.8835 271.807 25.5427
10950 4.8835 271.807 24.8323
10951 4.834 271.104 24.8323
10952 9.5768 270.601 25.5427
10953 9.6756 271.298 25.5427
10954 9.6756 271.298 24.8323
10955 9.5768 270.601 24.8323
10956 14.217 269.777 25.5427
10957 14.3642 270.465 25.5427
10958 14.3642 270.465 24.8323
10959 14.217 269.777 24.8323
10960 18.743 268.642 25.5427
10961 18.9377 269.319 25.5427
10962 18.9377 269.319 24.8323
10963 18.743 268.642 24.8323
10964 23.1434 267.21 25.5427
10965 23.3842 267.871 25.5427
10966 23.3842 267.871 24.8323
10967 23.1434 267.21 24.8323
10968 27.4067 265.49 25.5427
10969 27.6921 266.134 25.5427
10970 27.6921 266.134 24.8323
10971 27.4067 265.49 24.8323
10972 31.5213 263.495 25.5427
10973 31.8497 264.118 25.5427
10974 31.8497 264.118 24.8323
10975 31.5213 263.495 24.8323
10976 35.4758 261.237 25.5427
10977 35.8453 261.836 25.5427
10978 35.8453 261.836 24.8323
10979 35.4758 261.237 24.8323
10980 39.2586 258.726 25.5427
10981 39.6673 259.299 25.5427
10982 39.6673 259.299 24.8323
10983 39.2586 258.726 24.8323
10984 42.8582 255.974 25.5427
10985 43.3041 256.519 25.5427
10986 43.3041 256.519 24.8323
10987 42.8582 255.974 24.8323
10988 46.2631 252.993 25.5427
10989 46.7441 253.507 25.5427
10990 46.7441 253.507 24.8323
10991 46.2631 252.993 24.8323
10992 49.4618 249.795 25.5427
10993 49.9758 250.276 25.5427
10994 49.9758 250.276 24.8323
10995 49.4618 249.795 24.8323
10996 52.4427 246.39 25.5427
10997 52.9875 246.836 25.5427
10998 52.9875 246.836 24.8323
10999 52.4427 246.39 24.8323
11000 55.1944 242.79 25.5427
11001 55.7676 243.199 25.5427
11002 55.7676 243.199 24.8323
11003 55.1944 242.79 24.8323
11004 57.7053 239.007 25.5427
11005 58.3046 239.377 25.5427
11006 58.3046 239.377 24.8323
11007 57.7053 239.007 24.8323
11008 59.9639 235.053 25.5427
11009 60.5866 235.381 25.5427
11010 60.5866 235.381 24.8323
11011 59.9639 235.053 24.8323
11012 61.9587 230.938 25.5427
11013 62.6023 231.224 25.5427
11014 62.6023 231.224 24.8323
11015 61.9587 230.938 24.8323
11016 63.6782 226.675 25.5427
11017 64.3397 226.916 25.5427
11018 64.3397 226.916 24.8323
11019 63.6782 226.675 24.8323
11020 65.1109 222.275 25.5427
11021 65.7874 222.469 25.5427
11022 65.7874 222.469 24.8323
11023 65.1109 222.275 24.8323
11024 66.2452 217.749 25.5427
11025 66.9337 217.896 25.5427
11026 66.9337 217.896 24.8323
11027 66.2452 217.749 24.8323
11028 67.0697 213.108 25.5427
11029 67.7668 213.207 25.5427
11030 67.7668 213.207 24.8323
11031 67.0697 213.108 24.8323
11032 46.12 206.831 29.2429
11033 46.2363 203.531 29.2429
11034 46.9403 203.531 29.2429
11035 46.8223 206.88 29.2429
11036 46.9403 203.531 28.5325
11037 46.8223 206.88 28.5325
11038 46.2363 203.531 28.5325
11039 46.12 206.831 28.5325
11040 46.12 200.232 29.2429
11041 46.8223 200.182 29.2429
11042 46.8223 200.182 28.5325
11043 46.12 200.232 28.5325
11044 45.7766 196.995 29.2429
11045 46.4737 196.896 29.2429
11046 46.4737 196.896 28.5325
11047 45.7766 196.995 28.5325
11048 45.2139 193.828 29.2429
11049 45.9023 193.681 29.2429
11050 45.9023 193.681 28.5325
11051 45.2139 193.828 28.5325
11052 44.4397 190.739 29.2429
11053 45.1163 190.544 29.2429
11054 45.1163 190.544 28.5325
11055 44.4397 190.739 28.5325
11056 43.4619 187.736 29.2429
11057 44.1235 187.495 29.2429
11058 44.1235 187.495 28.5325
11059 43.4619 187.736 28.5325
11060 42.2884 184.826 29.2429
11061 42.9319 184.54 29.2429
11062 42.9319 184.54 28.5325
11063 42.2884 184.826 28.5325
11064 40.9269 182.018 29.2429
11065 41.5496 181.689 29.2429
11066 41.5496 181.689 28.5325
11067 40.9269 182.018 28.5325
11068 39.3853 179.319 29.2429
11069 39.9846 178.949 29.2429
11070 39.9846 178.949 28.5325
11071 39.3853 179.319 28.5325
11072 37.6716 176.737 29.2429
11073 38.2448 176.328 29.2429
11074 38.2448 176.328 28.5325
11075 37.6716 176.737 28.5325
11076 35.7934 174.28 29.2429
11077 36.3382 173.834 29.2429
11078 36.3382 173.834 28.5325
11079 35.7934 174.28 28.5325
11080 33.7588 171.956 29.2429
11081 34.2728 171.475 29.2429
11082 34.2728 171.475 28.5325
11083 33.7588 171.956 28.5325
11084 31.5756 169.773 29.2429
11085 32.0566 169.259 29.2429
11086 32.0566 169.259 28.5325
11087 31.5756 169.773 28.5325
11088 29.2516 167.738 29.2429
11089 29.6975 167.193 29.2429
11090 29.6975 167.193 28.5325
11091 29.2516 167.738 28.5325
11092 26.7947 165.86 29.2429
11093 27.2034 165.287 29.2429
11094 27.2034 165.287 28.5325
11095 26.7947 165.86 28.5325
11096 24.2128 164.146 29.2429
11097 24.5823 163.547 29.2429
11098 24.5823 163.547 28.5325
11099 24.2128 164.146 28.5325
11100 21.5138 162.605 29.2429
11101 21.8421 161.982 29.2429
11102 21.8421 161.982 28.5325
11103 21.5138 162.605 28.5325
11104 18.7055 161.243 29.2429
11105 18.9909 160.6 29.2429
11106 18.9909 160.6 28.5325
11107 18.7055 161.243 28.5325
11108 15.7958 160.07 29.2429
11109 16.0366 159.408 29.2429
11110 16.0366 159.408 28.5325
11111 15.7958 160.07 28.5325
11112 12.7926 159.092 29.2429
11113 12.9873 158.415 29.2429
11114 12.9873 158.415 28.5325
11115 12.7926 159.092 28.5325
11116 9.7036 158.318 29.2429
11117 9.8508 157.629 29.2429
11118 9.8508 157.629 28.5325
11119 9.7036 158.318 28.5325
11120 6.5366 157.755 29.2429
11121 6.6354 157.058 29.2429
11122 6.6354 157.058 28.5325
11123 6.5366 157.755 28.5325
11124 3.2995 157.411 29.2429
11125 3.3491 156.709 29.2429
11126 3.3491 156.709 28.5325
11127 3.2995 157.411 28.5325
11128 0 157.295 29.2429
11129 0 156.591 29.2429
11130 0 156.591 28.5325
11131 0 157.295 28.5325
11132 -3.2995 157.411 29.2429
11133 -3.3491 156.709 29.2429
11134 -3.3491 156.709 28.5325
11135 -3.2995 157.411 28.5325
11136 -6.5366 157.755 29.2429
11137 -6.6354 157.058 29.2429
11138 -6.6354 157.058 28.5325
11139 -6.5366 157.755 28.5325
11140 -9.7036 158.318 29.2429
11141 -9.8508 157.629 29.2429
11142 -9.8508 157.629 28.5325
11143 -9.7036 158.318 28.5325
11144 -12.7926 159.092 29.2429
11145 -12.9873 158.415 29.2429
11146 -12.9873 158.415 28.5325
11147 -12.7926 159.092 28.5325
11148 -15.7958 160.07 29.2429
11149 -16.0366 159.408 29.2429
11150 -16.0366 159.408 28.5325
11151 -15.7958 160.07 28.5325
11152 -18.7055 161.243 29.2429
11153 -18.9909 160.6 29.2429
11154 -18.9909 160.6 28.5325
11155 -18.7055 161.243 28.5325
11156 -21.5138 162.605 29.2429
11157 -21.8421 161.982 29.2429
11158 -21.8421 161.982 28.5325
11159 -21.5138 162.605 28.5325
11160 -24.2128 164.146 29.2429
11161 -24.5823 163.547 29.2429
11162 -24.5823 163.547 28.5325
11163 -24.2128 164.146 28.5325
11164 -26.7947 165.86 29.2429
11165 -27.2034 165.287 29.2429
11166 -27.2034 165.287 28.5325
11167 -26.7947 165.86 28.5325
11168 -29.2516 167.738 29.2429
11169 -29.6975 167.193 29.2429
11170 -29.6975 167.193 28.5325
11171 -29.2516 167.738 28.5325
11172 -31.5756 169.773 29.2429
11173 -32.0566 169.259 29.2429
11174 -32.0566 169.259 28.5325
11175 -31.5756 169.773 28.5325
11176 -33.7588 171.956 29.2429
11177 -34.2728 171.475 29.2429
11178 -34.2728 171.475 28.5325
11179 -33.7588 171.956 28.5325
11180 -35.7934 174.28 29.2429
11181 -36.3382 173.834 29.2429
11182 -36.3382 173.834 28.5325
11183 -35.7934 174.28 28.5325
11184 -37.6716 176.737 29.2429
11185 -38.2448 176.328 29.2429
11186 -38.2448 176.328 28.5325
11187 -37.6716 176.737 28.5325
11188 -39.3853 179.319 29.2429
11189 -39.9846 178.949 29.2429
11190 -39.9846 178.949 28.5325
11191 -39.3853 179.319 28.5325
11192 -40.9269 182.018 29.2429
11193 -41.5496 181.689 29.2429
11194 -41.5496 181.689 28.5325
11195 -40.9269 182.018 28.5325
11196 -42.2883 184.826 29.2429
11197 -42.9319 184.54 29.2429
11198 -42.9319 184.54 28.5325
11199 -42.2883 184.826 28.5325
11200 -43.4619 187.736 29.2429
11201 -44.1235 187.495 29.2429
11202 -44.1235 187.495 28.5325
11203 -43.4619 187.736 28.5325
11204 -44.4397 190.739 29.2429
11205 -45.1163 190.544 29.2429
11206 -45.1163 190.544 28.5325
11207 -44.4397 190.739 28.5325
11208 -45.2139 193.828 29.2429
11209 -45.9023 193.681 29.2429
11210 -45.9023 193.681 28.5325
11211 -45.2139 193.828 28.5325
11212 -45.7766 196.995 29.2429
11213 -46.4737 196.896 29.2429
11214 -46.4737 196.896 28.5325
11215 -45.7766 196.995 28.5325
11216 -46.12 200.232 29.2429
11217 -46.8223 200.182 29.2429
11218 -46.8223 200.182 28.5325
11219 -46.12 200.232 28.5325
11220 -46.2363 203.531 29.2429
11221 -46.9403 203.531 29.2429
11222 -46.9403 203.531 28.5325
11223 -46.2363 203.531 28.5325
11224 -46.12 206.831 29.2429
11225 -46.8223 206.88 29.2429
11226 -46.8223 206.88 28.5325
11227 -46.12 206.831 28.5325
11228 -45.7766 210.068 29.2429
11229 -46.4737 210.167 29.2429
11230 -46.4737 210.167 28.5325
11231 -45.7766 210.068 28.5325
11232 -45.2139 213.235 29.2429
11233 -45.9023 213.382 29.2429
11234 -45.9023 213.382 28.5325
11235 -45.2139 213.235 28.5325
11236 -44.4397 216.324 29.2429
11237 -45.1163 216.519 29.2429
11238 -45.1163 216.519 28.5325
11239 -44.4397 216.324 28.5325
11240 -43.4619 219.327 29.2429
11241 -44.1235 219.568 29.2429
11242 -44.1235 219.568 28.5325
11243 -43.4619 219.327 28.5325
11244 -42.2883 222.237 29.2429
11245 -42.9319 222.522 29.2429
11246 -42.9319 222.522 28.5325
11247 -42.2883 222.237 28.5325
11248 -40.9269 225.045 29.2429
11249 -41.5496 225.374 29.2429
11250 -41.5496 225.374 28.5325
11251 -40.9269 225.045 28.5325
11252 -39.3853 227.744 29.2429
11253 -39.9846 228.114 29.2429
11254 -39.9846 228.114 28.5325
11255 -39.3853 227.744 28.5325
11256 -37.6716 230.326 29.2429
11257 -38.2448 230.735 29.2429
11258 -38.2448 230.735 28.5325
11259 -37.6716 230.326 28.5325
11260 -35.7934 232.783 29.2429
11261 -36.3382 233.229 29.2429
11262 -36.3382 233.229 28.5325
11263 -35.7934 232.783 28.5325
11264 -33.7588 235.107 29.2429
11265 -34.2728 235.588 29.2429
11266 -34.2728 235.588 28.5325
11267 -33.7588 235.107 28.5325
11268 -31.5756 237.29 29.2429
11269 -32.0566 237.804 29.2429
11270 -32.0566 237.804 28.5325
11271 -31.5756 237.29 28.5325
11272 -29.2516 239.325 29.2429
11273 -29.6974 239.87 29.2429
11274 -29.6974 239.87 28.5325
11275 -29.2516 239.325 28.5325
11276 -26.7947 241.203 29.2429
11277 -27.2034 241.776 29.2429
11278 -27.2034 241.776 28.5325
11279 -26.7947 241.203 28.5325
11280 -24.2128 242.917 29.2429
11281 -24.5823 243.516 29.2429
11282 -24.5823 243.516 28.5325
11283 -24.2128 242.917 28.5325
11284 -21.5138 244.458 29.2429
11285 -21.8421 245.081 29.2429
11286 -21.8421 245.081 28.5325
11287 -21.5138 244.458 28.5325
11288 -18.7055 245.82 29.2429
11289 -18.9909 246.463 29.2429
11290 -18.9909 246.463 28.5325
11291 -18.7055 245.82 28.5325
11292 -15.7959 246.993 29.2429
11293 -16.0366 247.655 29.2429
11294 -16.0366 247.655 28.5325
11295 -15.7959 246.993 28.5325
11296 -12.7926 247.971 29.2429
11297 -12.9873 248.648 29.2429
11298 -12.9873 248.648 28.5325
11299 -12.7926 247.971 28.5325
11300 -9.7036 248.745 29.2429
11301 -9.8508 249.434 29.2429
11302 -9.8508 249.434 28.5325
11303 -9.7036 248.745 28.5325
11304 -6.5366 249.308 29.2429
11305 -6.6354 250.005 29.2429
11306 -6.6354 250.005 28.5325
11307 -6.5366 249.308 28.5325
11308 -3.2995 249.652 29.2429
11309 -3.3491 250.354 29.2429
11310 -3.3491 250.354 28.5325
11311 -3.2995 249.652 28.5325
11312 0 249.768 29.2429
11313 0 250.472 29.2429
11314 0 250.472 28.5325
11315 0 249.768 28.5325
11316 3.2995 249.652 29.2429
11317 3.3491 250.354 29.2429
11318 3.3491 250.354 28.5325
11319 3.2995 249.652 28.5325
11320 6.5366 249.308 29.2429
11321 6.6354 250.005 29.2429
11322 6.6354 250.005 28.5325
11323 6.5366 249.308 28.5325
11324 9.7036 248.745 29.2429
11325 9.8508 249.434 29.2429
11326 9.8508 249.434 28.5325
11327 9.7036 248.745 28.5325
11328 12.7926 247.971 29.2429
11329 12.9873 248.648 29.2429
11330 12.9873 248.648 28.5325
11331 12.7926 247.971 28.5325
11332 15.7958 246.993 29.2429
11333 16.0366 247.655 29.2429
11334 16.0366 247.655 28.5325
11335 15.7958 246.993 28.5325
11336 18.7055 245.82 29.2429
11337 18.9909 246.463 29.2429
11338 18.9909 246.463 28.5325
11339 18.7055 245.82 28.5325
11340 21.5138 244.458 29.2429
11341 21.8421 245.081 29.2429
11342 21.8421 245.081 28.5325
11343 21.5138 244.458 28.5325
11344 24.2128 242.917 29.2429
11345 24.5823 243.516 29.2429
11346 24.5823 243.516 28.5325
11347 24.2128 242.917 28.5325
11348 26.7947 241.203 29.2429
11349 27.2034 241.776 29.2429
11350 27.2034 241.776 28.5325
11351 26.7947 241.203 28.5325
11352 29.2516 239.325 29.2429
11353 29.6975 239.87 29.2429
11354 29.6975 239.87 28.5325
11355 29.2516 239.325 28.5325
11356 31.5756 237.29 29.2429
11357 32.0566 237.804 29.2429
11358 32.0566 237.804 28.5325
11359 31.5756 237.29 28.5325
11360 33.7588 235.107 29.2429
11361 34.2728 235.588 29.2429
11362 34.2728 235.588 28.5325
11363 33.7588 235.107 28.5325
11364 35.7934 232.783 29.2429
11365 36.3382 233.229 29.2429
11366 36.3382 233.229 28.5325
11367 35.7934 232.783 28.5325
11368 37.6716 230.326 29.2429
11369 38.2448 230.735 29.2429
11370 38.2448 230.735 28.5325
11371 37.6716 230.326 28.5325
11372 39.3853 227.744 29.2429
11373 39.9846 228.114 29.2429
11374 39.9846 228.114 28.5325
11375 39.3853 227.744 28.5325
11376 40.9269 225.045 29.2429
11377 41.5496 225.374 29.2429
11378 41.5496 225.374 28.5325
11379 40.9269 225.045 28.5325
11380 42.2884 222.237 29.2429
11381 42.9319 222.522 29.2429
11382 42.9319 222.522 28.5325
11383 42.2884 222.237 28.5325
11384 43.4619 219.327 29.2429
11385 44.1235 219.568 29.2429
11386 44.1235 219.568 28.5325
11387 43.4619 219.327 28.5325
11388 44.4397 216.324 29.2429
11389 45.1163 216.519 29.2429
11390 45.1163 216.519 28.5325
11391 44.4397 216.324 28.5325
11392 45.2139 213.235 29.2429
11393 45.9024 213.382 29.2429
11394 45.9024 213.382 28.5325
11395 45.2139 213.235 28.5325
11396 45.7766 210.068 29.2429
11397 46.4737 210.167 29.2429
11398 46.4737 210.167 28.5325
11399 45.7766 210.068 28.5325
11400 73.7688 209.295 19.0565
11401 74.1517 208.836 18.7782
11402 69.6812 208.516 14.504
11403 69.5072 208.81 14.7656
11404 73.838 208.327 19.0565
11405 69.5508 208.2 14.7656
11406 73.454 208.786 19.3497
11407 69.3737 208.494 15.0309
11408 65.6677 208.468 12.7682
11409 65.7975 208.238 12.5456
11410 46.5115 206.859 9.21918
11411 46.4542 207.094 9.45419
11412 65.7017 207.992 12.7682
11413 46.4882 206.618 9.45419
11414 65.5718 208.222 12.9907
11415 46.4308 206.853 9.68928
11416 25.0184 205.321 7.20458
11417 25.0013 205.559 7.44658
11418 25.0353 205.083 7.44658
11419 25.0183 205.321 7.68858
11420 20.895 205.026 7.91298
11421 20.8982 205.266 8.15148
11422 20.9323 204.79 8.15148
11423 20.9355 205.029 8.38998
11424 10.3705 204.273 10.6803
11425 10.3809 204.763 11.1064
11426 10.4505 203.791 11.1064
11427 10.4318 204.278 11.5094
11428 10.442 203.044 11.1064
11429 10.3967 203.531 10.6803
11430 20.9477 203.531 7.91298
11431 20.968 203.293 8.15148
11432 10.442 204.019 11.1064
11433 20.968 203.77 8.15148
11434 10.4581 203.531 11.5094
11435 20.9883 203.531 8.38998
11436 25.0815 203.531 7.20458
11437 25.0814 203.293 7.44658
11438 25.0814 203.77 7.44658
11439 25.0813 203.531 7.68858
11440 46.6287 203.531 9.21918
11441 46.5883 203.293 9.45419
11442 46.5883 203.77 9.45419
11443 46.5478 203.531 9.68928
11444 65.9632 203.531 12.5456
11445 65.8501 203.293 12.7682
11446 65.8501 203.77 12.7682
11447 65.737 203.531 12.9907
11448 69.7042 203.226 14.7656
11449 69.8568 203.531 14.5041
11450 74.3386 203.531 18.7782
11451 73.9893 203.046 19.0565
11452 69.7042 203.837 14.7656
11453 73.9893 204.016 19.0565
11454 69.5485 203.531 15.0309
11455 73.6391 203.531 19.3497
11456 73.1853 214.471 19.0565
11457 73.5995 214.04 18.7782
11458 69.1623 213.407 14.504
11459 68.968 213.688 14.7655
11460 73.3224 213.511 19.0565
11461 69.0544 213.082 14.7655
11462 72.9071 213.941 19.3497
11463 68.8571 213.363 15.0308
11464 65.162 213.076 12.7682
11465 65.3077 212.856 12.5457
11466 46.1652 210.123 9.21918
11467 46.0914 210.354 9.45418
11468 65.2294 212.604 12.7682
11469 46.1589 209.881 9.45418
11470 65.0837 212.824 12.9907
11471 46.0851 210.112 9.68928
11472 24.8321 207.077 7.20458
11473 24.7983 207.313 7.44658
11474 24.8658 206.841 7.44658
11475 24.832 207.077 7.68858
11476 20.7395 206.493 7.91298
11477 20.7258 206.732 8.15148
11478 20.7932 206.26 8.15148
11479 20.7796 206.499 8.38998
11480 10.2933 205.001 10.6803
11481 10.2693 205.49 11.1064
11482 10.407 204.525 11.1064
11483 10.3542 205.01 11.5094
11484 72.2515 219.533 19.0565
11485 72.6947 219.132 18.7782
11486 68.312 218.192 14.5039
11487 68.0986 218.459 14.7655
11488 72.4551 218.585 19.0565
11489 68.2269 217.861 14.7655
11490 72.0108 218.986 19.3497
11491 68.0106 218.127 15.0308
11492 64.3443 217.584 12.7682
11493 64.505 217.375 12.5457
11494 45.5977 213.317 9.21918
11495 45.5081 213.542 9.45418
11496 64.4444 217.118 12.7682
11497 45.6082 213.076 9.45418
11498 64.2837 217.327 12.9908
11499 45.5186 213.3 9.68928
11500 24.5269 208.795 7.20458
11501 24.4767 209.029 7.44658
11502 24.5768 208.562 7.44658
11503 24.5267 208.795 7.68858
11504 20.4845 207.928 7.91298
11505 20.4543 208.165 8.15148
11506 20.5544 207.699 8.15148
11507 20.5242 207.936 8.38998
11508 10.1668 205.713 10.6803
11509 10.1089 206.199 11.1064
11510 10.3133 205.247 11.1064
11511 10.2269 205.726 11.5094
11512 70.9801 224.469 19.0565
11513 71.4499 224.099 18.7782
11514 67.1422 222.859 14.5039
11515 66.9109 223.111 14.7655
11516 71.2485 223.536 19.0565
11517 67.0801 222.523 14.7655
11518 70.7777 223.906 19.3497
11519 66.846 222.774 15.0308
11520 63.2257 221.98 12.7682
11521 63.4004 221.782 12.5457
11522 44.8168 216.433 9.21918
11523 44.712 216.651 9.45418
11524 63.3577 221.522 12.7682
11525 44.844 216.192 9.45418
11526 63.183 221.719 12.9908
11527 44.7391 216.41 9.68928
11528 24.1069 210.471 7.20458
11529 24.0408 210.7 7.44658
11530 24.1728 210.242 7.44658
11531 24.1067 210.471 7.68858
11532 20.1337 209.327 7.91298
11533 20.0873 209.562 8.15148
11534 20.2192 209.104 8.15148
11535 20.1727 209.339 8.38998
11536 9.9927 206.408 10.6803
11537 9.9015 206.889 11.1064
11538 10.171 205.952 11.1064
11539 10.0518 206.425 11.5094
11540 69.3837 229.265 19.0565
11541 69.8776 228.928 18.7782
11542 65.6648 227.397 14.504
11543 65.4169 227.632 14.7655
11544 69.7151 228.353 19.0565
11545 65.6258 227.058 14.7655
11546 69.2203 228.689 19.3497
11547 65.3751 227.292 15.0308
11548 61.8175 226.253 12.7682
11549 62.0053 226.067 12.5457
11550 43.8307 219.462 9.21918
11551 43.7112 219.672 9.45418
11552 61.9804 225.804 12.7682
11553 43.8742 219.224 9.45418
11554 61.7926 225.99 12.9908
11555 43.7547 219.434 9.68928
11556 23.5765 212.1 7.20458
11557 23.4949 212.324 7.44658
11558 23.6579 211.876 7.44658
11559 23.5763 212.1 7.68858
11560 19.6907 210.688 7.91298
11561 19.6283 210.919 8.15148
11562 19.7913 210.471 8.15148
11563 19.7289 210.702 8.38998
11564 9.7728 207.083 10.6803
11565 9.649 207.557 11.1064
11566 9.9818 206.641 11.1064
11567 9.8306 207.104 11.5094
11568 67.4751 233.909 19.0565
11569 67.9907 233.607 18.7782
11570 63.8917 231.794 14.504
11571 63.6283 232.012 14.7655
11572 67.8676 233.022 19.0565
11573 63.8758 231.452 14.7655
11574 67.351 233.324 19.3497
11575 63.6097 231.669 15.0308
11576 60.1309 230.391 12.7682
11577 60.3308 230.218 12.5457
11578 42.6471 222.396 9.21918
11579 42.5137 222.598 9.45418
11580 60.3238 229.955 12.7682
11581 42.7066 222.162 9.45418
11582 60.1239 230.127 12.9907
11583 42.5732 222.363 9.68928
11584 22.9399 213.679 7.20458
11585 22.8433 213.897 7.44658
11586 23.0363 213.46 7.44658
11587 22.9397 213.678 7.68858
11588 19.1591 212.006 7.91298
11589 19.0811 212.232 8.15148
11590 19.2741 211.796 8.15148
11591 19.1962 212.023 8.38998
11592 9.5089 207.738 10.6803
11593 9.3533 208.202 11.1064
11594 9.7475 207.31 11.1064
11595 9.5651 207.762 11.5094
11596 65.2668 238.389 19.0565
11597 65.8017 238.122 18.7782
11598 61.8346 236.037 14.5041
11599 61.5572 236.236 14.7656
11600 65.7183 237.53 19.0565
11601 61.8418 235.695 14.7656
11602 65.1825 237.797 19.3497
11603 61.5617 235.893 15.0309
11604 58.1771 234.383 12.7682
11605 58.3882 234.225 12.5456
11606 41.274 225.228 9.21918
11607 41.1273 225.421 9.45418
11608 58.399 233.961 12.7682
11609 41.3492 224.998 9.45418
11610 58.1879 234.12 12.9907
11611 41.2025 225.191 9.68928
11612 22.2013 215.202 7.20458
11613 22.0903 215.413 7.44658
11614 22.3122 214.991 7.44658
11615 22.2012 215.202 7.68858
11616 18.5422 213.279 7.91298
11617 18.4492 213.499 8.15148
11618 18.6712 213.077 8.15148
11619 18.5781 213.297 8.38998
11620 9.2028 208.369 10.6803
11621 9.0162 208.821 11.1064
11622 9.4696 207.959 11.1064
11623 9.2572 208.398 11.5094
11624 62.7716 242.692 19.0565
11625 63.3232 242.462 18.7783
11626 59.5056 240.115 14.5041
11627 59.2154 240.295 14.7657
11628 63.2797 241.865 19.0565
11629 59.5357 239.774 14.7657
11630 62.7273 242.095 19.3497
11631 59.243 239.953 15.031
11632 55.9675 238.219 12.7681
11633 56.1888 238.076 12.5456
11634 39.7194 227.95 9.21918
11635 39.5601 228.132 9.45418
11636 56.2173 237.813 12.7681
11637 39.8099 227.726 9.45418
11638 55.996 237.957 12.9907
11639 39.6505 227.908 9.68928
11640 21.3651 216.666 7.20458
11641 21.2401 216.869 7.44658
11642 21.4899 216.463 7.44658
11643 21.3649 216.666 7.68858
11644 17.8438 214.501 7.91298
11645 17.7362 214.715 8.15148
11646 17.986 214.309 8.15148
11647 17.8784 214.523 8.38998
11648 8.8561 208.976 10.6803
11649 8.6396 209.415 11.1064
11650 9.1499 208.585 11.1064
11651 8.9085 209.008 11.5094
11652 60.0021 246.806 19.0565
11653 60.5679 246.613 18.7783
11654 56.9165 244.016 14.5042
11655 56.6148 244.176 14.7657
11656 60.5645 246.015 19.0566
11657 56.9693 243.678 14.7657
11658 59.9979 246.207 19.3497
11659 56.6652 243.837 15.031
11660 53.5133 241.887 12.7681
11661 53.7438 241.759 12.5456
11662 37.9911 230.554 9.21918
11663 37.8199 230.725 9.45418
11664 53.7898 241.499 12.7681
11665 38.0964 230.336 9.45418
11666 53.5593 241.628 12.9906
11667 37.9252 230.507 9.68928
11668 20.4354 218.067 7.20458
11669 20.2971 218.261 7.44658
11670 20.5736 217.872 7.44658
11671 20.4353 218.066 7.68858
11672 17.0674 215.671 7.91298
11673 16.9457 215.877 8.15148
11674 17.2221 215.488 8.15148
11675 17.1004 215.695 8.38998
11676 8.4708 209.557 10.6803
11677 8.2253 209.98 11.1064
11678 8.7901 209.186 11.1064
11679 8.5208 209.592 11.5094
11680 56.9711 250.717 19.0566
11681 57.5485 250.563 18.7783
11682 54.0791 247.727 14.5043
11683 53.7673 247.867 14.7658
11684 57.585 249.966 19.0566
11685 54.1544 247.394 14.7658
11686 57.0068 250.12 19.3497
11687 53.8403 247.532 15.0311
11688 50.8258 245.377 12.7681
11689 51.0644 245.264 12.5455
11690 36.0971 233.032 9.21918
11691 35.9149 233.191 9.45418
11692 51.1277 245.007 12.7681
11693 36.2168 232.821 9.45418
11694 50.8891 245.12 12.9906
11695 36.0345 232.98 9.68928
11696 19.4166 219.399 7.20458
11697 19.2656 219.584 7.44658
11698 19.5675 219.215 7.44658
11699 19.4165 219.399 7.68858
11700 16.2165 216.784 7.91298
11701 16.0813 216.982 8.15148
11702 16.3831 216.612 8.15148
11703 16.2479 216.81 8.38998
11704 8.0484 210.109 10.6803
11705 7.7752 210.515 11.1064
11706 8.3918 209.76 11.1064
11707 8.096 210.148 11.5094
11708 53.691 254.415 19.0566
11709 54.2775 254.299 18.7783
11710 51.0053 251.238 14.5043
11711 50.6849 251.357 14.7658
11712 54.3537 253.706 19.0566
11713 51.1027 250.911 14.7658
11714 53.7665 253.821 19.3497
11715 50.7801 251.028 15.0311
11716 47.9163 248.676 12.7681
11717 48.1618 248.579 12.5455
11718 34.0454 235.375 9.21918
11719 33.8529 235.522 9.45418
11720 48.2421 248.327 12.7681
11721 34.1787 235.173 9.45418
11722 47.9965 248.424 12.9906
11723 33.9863 235.32 9.68928
11724 18.3129 220.66 7.20458
11725 18.1499 220.834 7.44658
11726 18.4758 220.486 7.44658
11727 18.3128 220.66 7.68858
11728 15.2947 217.837 7.91298
11729 15.1466 218.025 8.15148
11730 15.4724 217.677 8.15148
11731 15.3243 217.865 8.38998
11732 7.5909 210.631 10.6803
11733 7.2912 211.018 11.1064
11734 7.9568 210.307 11.1064
11735 7.6358 210.673 11.5094
11736 50.1747 257.885 19.0566
11737 50.7675 257.809 18.7783
11738 47.7069 254.537 14.5043
11739 47.3793 254.634 14.7658
11740 50.8832 257.223 19.0566
11741 47.826 254.216 14.7658
11742 50.2896 257.298 19.3497
11743 47.4963 254.311 15.0311
11744 44.7959 251.774 12.7681
11745 45.0474 251.693 12.5455
11746 31.8437 237.577 9.21918
11747 31.6419 237.71 9.45418
11748 45.1442 251.448 12.7681
11749 31.9903 237.384 9.45418
11750 44.8927 251.528 12.9906
11751 31.7885 237.518 9.68928
11752 17.1286 221.844 7.20458
11753 16.9544 222.007 7.44658
11754 17.3027 221.681 7.44658
11755 17.1285 221.844 7.68858
11756 14.3056 218.826 7.91298
11757 14.1452 219.004 8.15148
11758 14.4936 218.678 8.15148
11759 14.3333 218.856 8.38998
11760 7.1 211.122 10.6803
11761 6.7751 211.488 11.1064
11762 7.4868 210.823 11.1064
11763 7.142 211.167 11.5094
11764 46.4346 261.116 19.0566
11765 47.0313 261.08 18.7783
11766 44.1959 257.611 14.5043
11767 43.8625 257.686 14.7658
11768 47.1858 260.503 19.0566
11769 44.3361 257.299 14.7658
11770 46.5886 260.538 19.3497
11771 44.0007 257.372 15.0311
11772 41.4758 254.659 12.7681
11773 41.7321 254.596 12.5455
11774 29.5001 239.629 9.21918
11775 29.2898 239.748 9.45418
11776 41.8452 254.357 12.7681
11777 29.6592 239.446 9.45418
11778 41.5889 254.421 12.9906
11779 29.4489 239.566 9.68928
11780 15.8679 222.948 7.20458
11781 15.6832 223.099 7.44658
11782 16.0525 222.797 7.44658
11783 15.8678 222.948 7.68858
11784 13.2527 219.748 7.91298
11785 13.0808 219.915 8.15148
11786 13.4502 219.613 8.15148
11787 13.2783 219.779 8.38998
11788 6.5775 211.58 10.6803
11789 6.2289 211.923 11.1064
11790 6.9834 211.307 11.1064
11791 6.6164 211.628 11.5094
11792 42.4836 264.096 19.0566
11793 43.0813 264.099 18.7783
11794 40.484 260.448 14.5042
11795 40.1463 260.501 14.7657
11796 43.2741 263.534 19.0566
11797 40.6447 260.146 14.7657
11798 42.6758 263.529 19.3497
11799 40.3053 260.197 15.031
11800 37.9673 257.321 12.7681
11801 38.2273 257.275 12.5456
11802 27.0225 241.523 9.21918
11803 26.8047 241.628 9.45418
11804 38.356 257.045 12.7681
11805 27.1934 241.351 9.45418
11806 38.0961 257.091 12.9906
11807 26.9756 241.457 9.68928
11808 14.5352 223.967 7.20458
11809 14.3408 224.105 7.44658
11810 14.7295 223.829 7.44658
11811 14.5351 223.967 7.68858
11812 12.1396 220.599 7.91298
11813 11.957 220.754 8.15148
11814 12.3457 220.477 8.15148
11815 12.1631 220.632 8.38998
11816 6.025 212.002 10.6803
11817 5.6543 212.322 11.1064
11818 6.4483 211.757 11.1064
11819 6.0606 212.052 11.5094
11820 38.3341 266.811 19.0565
11821 38.9302 266.855 18.7783
11822 36.5832 263.037 14.5041
11823 36.2427 263.067 14.7657
11824 39.1605 266.303 19.0565
11825 36.7637 262.747 14.7657
11826 38.5639 266.259 19.3497
11827 36.4217 262.774 15.031
11828 34.2816 259.749 12.7681
11829 34.544 259.72 12.5456
11830 24.4187 243.251 9.21918
11831 24.1944 243.341 9.45418
11832 34.6879 259.499 12.7681
11833 24.6007 243.092 9.45418
11834 34.4255 259.527 12.9907
11835 24.3764 243.182 9.68928
11836 13.1346 224.897 7.20458
11837 12.9314 225.021 7.44658
11838 13.3377 224.772 7.44658
11839 13.1345 224.896 7.68858
11840 10.9698 221.375 7.91298
11841 10.7773 221.518 8.15148
11842 11.1836 221.268 8.15148
11843 10.9911 221.41 8.38998
11844 5.4445 212.388 10.6803
11845 5.0531 212.681 11.1064
11846 5.8833 212.171 11.1064
11847 5.4767 212.44 11.5094
11848 33.9988 269.25 19.0565
11849 34.5907 269.333 18.7783
11850 32.5053 265.366 14.5041
11851 32.1635 265.373 14.7656
11852 34.8576 268.798 19.0565
11853 32.7049 265.089 14.7656
11854 34.2652 268.714 19.3497
11855 32.3618 265.093 15.0309
11856 30.4298 261.931 12.7682
11857 30.6935 261.92 12.5456
11858 21.6968 244.805 9.21918
11859 21.4669 244.881 9.45418
11860 30.852 261.709 12.7682
11861 21.8891 244.659 9.45418
11862 30.5882 261.719 12.9907
11863 21.6592 244.734 9.68928
11864 11.6705 225.733 7.20458
11865 11.4593 225.844 7.44658
11866 11.8815 225.622 7.44658
11867 11.6704 225.733 7.68858
11868 9.747 222.074 7.91298
11869 9.5454 222.203 8.15148
11870 9.9676 221.981 8.15148
11871 9.7659 222.11 8.38998
11872 4.8376 212.734 10.6803
11873 4.4274 213.001 11.1064
11874 5.2899 212.548 11.1064
11875 4.8662 212.789 11.5094
11876 29.4905 271.399 19.0565
11877 30.0753 271.522 18.7782
11878 28.2621 267.423 14.504
11879 27.9207 267.407 14.7655
11880 30.3777 271.007 19.0565
11881 28.48 267.16 14.7655
11882 29.7924 270.883 19.3497
11883 28.1374 267.141 15.0308
11884 26.4231 263.855 12.7682
11885 26.687 263.862 12.5457
11886 18.8646 246.179 9.21918
11887 18.6301 246.238 9.45418
11888 26.8593 263.662 12.7682
11889 19.0663 246.045 9.45418
11890 26.5954 263.655 12.9907
11891 18.8319 246.105 9.68928
11892 10.1471 226.471 7.20458
11893 9.9289 226.568 7.44658
11894 10.3652 226.375 7.44658
11895 10.147 226.471 7.68858
11896 8.4747 222.691 7.91298
11897 8.2648 222.805 8.15148
11898 8.701 222.613 8.15148
11899 8.4911 222.728 8.38998
11900 4.2061 213.04 10.6803
11901 3.7789 213.279 11.1064
11902 4.67 212.885 11.1064
11903 4.231 213.097 11.5094
11904 24.8216 273.247 19.0565
11905 25.3968 273.409 18.7782
11906 23.8656 269.196 14.504
11907 23.5261 269.157 14.7655
11908 25.7334 272.915 19.0565
11909 24.1009 268.948 14.7655
11910 25.1579 272.752 19.3497
11911 23.7603 268.906 15.0308
11912 22.2728 265.512 12.7682
11913 22.5356 265.537 12.5457
11914 15.9301 247.362 9.21918
11915 15.6921 247.406 9.45418
11916 22.7211 265.349 12.7682
11917 16.1404 247.243 9.45418
11918 22.4583 265.324 12.9908
11919 15.9024 247.286 9.68928
11920 8.5687 227.108 7.20458
11921 8.3445 227.189 7.44658
11922 8.7928 227.026 7.44658
11923 8.5686 227.108 7.68858
11924 7.1564 223.222 7.91298
11925 6.9392 223.323 8.15148
11926 7.3875 223.16 8.15148
11927 7.1703 223.26 8.38998
11928 3.5519 213.304 10.6803
11929 3.1094 213.513 11.1064
11930 4.0252 213.18 11.1064
11931 3.5728 213.362 11.5094
11932 20.005 274.78 19.0565
11933 20.5678 274.981 18.7782
11934 19.3277 270.674 14.5039
11935 18.9916 270.612 14.7655
11936 20.9373 274.512 19.0565
11937 19.5794 270.442 14.7655
11938 20.3743 274.309 19.3497
11939 19.2425 270.377 15.0308
11940 17.9901 266.889 12.7682
11941 18.2506 266.932 12.5457
11942 12.9011 248.348 9.21918
11943 12.6607 248.375 9.45418
11944 18.4485 266.757 12.7682
11945 13.1191 248.244 9.45418
11946 18.188 266.714 12.9908
11947 12.8787 248.271 9.68928
11948 6.9395 227.638 7.20458
11949 6.7103 227.704 7.44658
11950 7.1687 227.572 7.44658
11951 6.9395 227.638 7.68858
11952 5.7958 223.665 7.91298
11953 5.5722 223.751 8.15148
11954 6.0306 223.619 8.15148
11955 5.807 223.704 8.38998
11956 2.8765 213.524 10.6803
11957 2.4209 213.702 11.1064
11958 3.3573 213.433 11.1064
11959 2.8935 213.583 11.5094
11960 15.0533 275.987 19.0565
11961 15.6008 276.226 18.7782
11962 14.6603 271.844 14.504
11963 14.3293 271.758 14.7655
11964 16.0018 275.783 19.0565
11965 14.9273 271.63 14.7655
11966 15.4541 275.542 19.3497
11967 14.5956 271.542 15.0308
11968 13.5864 267.976 12.7682
11969 13.8433 268.036 12.5457
11970 9.7857 249.129 9.21918
11971 9.544 249.14 9.45418
11972 14.0527 267.876 12.7682
11973 10.0104 249.04 9.45418
11974 13.7958 267.815 12.9908
11975 9.7687 249.05 9.68928
11976 5.2638 228.058 7.20458
11977 5.0306 228.108 7.44658
11978 5.497 228.008 7.44658
11979 5.2638 228.058 7.68858
11980 4.3963 224.016 7.91298
11981 4.1673 224.086 8.15148
11982 4.6337 223.986 8.15148
11983 4.4048 224.056 8.38998
11984 2.1819 213.698 10.6803
11985 1.7151 213.845 11.1064
11986 2.6678 213.64 11.1064
11987 2.1948 213.758 11.5094
11988 9.9792 276.854 19.0565
11989 10.5087 277.131 18.7782
11990 9.8752 272.694 14.504
11991 9.5509 272.586 14.7655
11992 10.9396 276.717 19.0565
11993 10.1564 272.5 14.7655
11994 10.4099 276.439 19.3497
11995 9.8316 272.389 15.0308
11996 9.0728 268.761 12.7682
11997 9.3249 268.839 12.5457
11998 6.5917 249.697 9.21918
11999 6.3499 249.69 9.45418
12000 9.545 268.694 12.7682
12001 6.8221 249.623 9.45418
12002 9.2929 268.615 12.9907
12003 6.5803 249.617 9.68928
12004 3.5458 228.364 7.20458
12005 3.3097 228.397 7.44658
12006 3.7819 228.33 7.44658
12007 3.5458 228.363 7.68858
12008 2.9614 224.271 7.91298
12009 2.7282 224.325 8.15148
12010 3.2004 224.257 8.15148
12011 2.9672 224.311 8.38998
12012 1.4698 213.825 10.6803
12013 0.9939 213.939 11.1064
12014 1.9585 213.801 11.1064
12015 1.4785 213.886 11.5094
12016 4.7954 277.369 19.0565
12017 5.3042 277.683 18.7782
12018 4.9844 273.213 14.5041
12019 4.6685 273.082 14.7656
12020 5.7631 277.3 19.0565
12021 5.2786 273.039 14.7656
12022 5.2543 276.986 19.3497
12023 4.9624 272.905 15.0309
12024 4.4607 269.233 12.7682
12025 4.7067 269.329 12.5456
12026 3.3272 250.043 9.21918
12027 3.0864 250.02 9.45418
12028 4.9365 269.199 12.7682
12029 3.5622 249.986 9.45418
12030 4.6905 269.103 12.9907
12031 3.3214 249.962 9.68928
12032 1.7898 228.55 7.20458
12033 1.5519 228.567 7.44658
12034 2.0277 228.533 7.44658
12035 1.7898 228.55 7.68858
12036 1.4948 224.426 7.91298
12037 1.2584 224.464 8.15148
12038 1.7342 224.43 8.15148
12039 1.4977 224.467 8.38998
12040 0.7419 213.902 10.6803
12041 0.2592 213.982 11.1064
12042 1.2311 213.912 11.1064
12043 0.7463 213.963 11.5094
12044 -0.4851 277.521 19.0565
12045 0 277.87 18.7783
12046 0 273.388 14.5041
12047 -0.3058 273.236 14.7656
12048 0.4851 277.521 19.0565
12049 0.3058 273.236 14.7656
12050 0 277.171 19.3497
12051 0 273.08 15.0309
12052 -0.2385 269.382 12.7682
12053 0 269.495 12.5456
12054 0 250.16 9.21918
12055 -0.2385 250.12 9.45418
12056 0.2385 269.382 12.7682
12057 0.2385 250.12 9.45418
12058 0 269.268 12.9907
12059 0 250.079 9.68928
12060 0 228.613 7.20458
12061 -0.2385 228.613 7.44658
12062 0.2385 228.613 7.44658
12063 0 228.613 7.68858
12064 0 224.479 7.91298
12065 -0.2385 224.499 8.15148
12066 0.2385 224.499 8.15148
12067 0 224.52 8.38998
12068 0 213.928 10.6803
12069 -0.4872 213.973 11.1064
12070 0.4872 213.973 11.1064
12071 0 213.99 11.5094
12072 -5.7631 277.3 19.0565
12073 -5.3042 277.683 18.7782
12074 -4.9844 273.213 14.5041
12075 -5.2786 273.039 14.7656
12076 -4.7954 277.369 19.0565
12077 -4.6685 273.082 14.7656
12078 -5.2543 276.986 19.3497
12079 -4.9625 272.905 15.0309
12080 -4.9365 269.199 12.7682
12081 -4.7067 269.329 12.5456
12082 -3.3272 250.043 9.21918
12083 -3.5622 249.986 9.45418
12084 -4.4607 269.233 12.7682
12085 -3.0864 250.02 9.45418
12086 -4.6905 269.103 12.9907
12087 -3.3214 249.962 9.68928
12088 -1.7898 228.55 7.20458
12089 -2.0277 228.533 7.44658
12090 -1.5519 228.567 7.44658
12091 -1.7898 228.55 7.68858
12092 -1.4948 224.426 7.91298
12093 -1.7342 224.43 8.15148
12094 -1.2584 224.464 8.15148
12095 -1.4977 224.467 8.38998
12096 -0.7419 213.902 10.6803
12097 -1.2311 213.912 11.1064
12098 -0.2592 213.982 11.1064
12099 -0.7463 213.963 11.5094
12100 -10.9396 276.717 19.0565
12101 -10.5087 277.131 18.7782
12102 -9.8752 272.694 14.504
12103 -10.1564 272.5 14.7655
12104 -9.9792 276.854 19.0565
12105 -9.5509 272.586 14.7655
12106 -10.4099 276.439 19.3497
12107 -9.8316 272.389 15.0308
12108 -9.545 268.694 12.7682
12109 -9.3249 268.839 12.5457
12110 -6.5917 249.697 9.21918
12111 -6.8221 249.623 9.45418
12112 -9.0728 268.761 12.7682
12113 -6.3499 249.69 9.45418
12114 -9.2929 268.615 12.9907
12115 -6.5803 249.617 9.68928
12116 -3.5458 228.364 7.20458
12117 -3.7819 228.33 7.44658
12118 -3.3097 228.397 7.44658
12119 -3.5458 228.363 7.68858
12120 -2.9614 224.271 7.91298
12121 -3.2004 224.257 8.15148
12122 -2.7282 224.325 8.15148
12123 -2.9672 224.311 8.38998
12124 -1.4698 213.825 10.6803
12125 -1.9585 213.801 11.1064
12126 -0.9939 213.939 11.1064
12127 -1.4785 213.886 11.5094
12128 -16.0018 275.783 19.0565
12129 -15.6008 276.226 18.7782
12130 -14.6603 271.844 14.504
12131 -14.9273 271.63 14.7655
12132 -15.0533 275.987 19.0565
12133 -14.3293 271.758 14.7655
12134 -15.4541 275.542 19.3497
12135 -14.5956 271.542 15.0308
12136 -14.0527 267.876 12.7682
12137 -13.8433 268.036 12.5457
12138 -9.7857 249.129 9.21918
12139 -10.0104 249.04 9.45418
12140 -13.5864 267.976 12.7682
12141 -9.544 249.14 9.45418
12142 -13.7958 267.815 12.9908
12143 -9.7687 249.05 9.68928
12144 -5.2638 228.058 7.20458
12145 -5.497 228.008 7.44658
12146 -5.0306 228.108 7.44658
12147 -5.2638 228.058 7.68858
12148 -4.3963 224.016 7.91298
12149 -4.6337 223.986 8.15148
12150 -4.1673 224.086 8.15148
12151 -4.4048 224.056 8.38998
12152 -2.1819 213.698 10.6803
12153 -2.6678 213.64 11.1064
12154 -1.7151 213.845 11.1064
12155 -2.1948 213.758 11.5094
12156 -20.9373 274.512 19.0565
12157 -20.5677 274.981 18.7782
12158 -19.3277 270.674 14.5039
12159 -19.5794 270.442 14.7655
12160 -20.005 274.78 19.0565
12161 -18.9916 270.612 14.7655
12162 -20.3743 274.309 19.3497
12163 -19.2425 270.377 15.0308
12164 -18.4485 266.757 12.7682
12165 -18.2506 266.932 12.5457
12166 -12.9011 248.348 9.21918
12167 -13.1191 248.244 9.45418
12168 -17.9901 266.889 12.7682
12169 -12.6607 248.375 9.45418
12170 -18.188 266.714 12.9908
12171 -12.8787 248.271 9.68928
12172 -6.9395 227.638 7.20458
12173 -7.1687 227.572 7.44658
12174 -6.7103 227.704 7.44658
12175 -6.9395 227.638 7.68858
12176 -5.7958 223.665 7.91298
12177 -6.0306 223.619 8.15148
12178 -5.5722 223.751 8.15148
12179 -5.807 223.704 8.38998
12180 -2.8765 213.524 10.6803
12181 -3.3573 213.433 11.1064
12182 -2.4209 213.702 11.1064
12183 -2.8935 213.583 11.5094
12184 -25.7334 272.915 19.0565
12185 -25.3968 273.409 18.7782
12186 -23.8656 269.196 14.504
12187 -24.1009 268.948 14.7655
12188 -24.8216 273.247 19.0565
12189 -23.5261 269.157 14.7655
12190 -25.1579 272.752 19.3497
12191 -23.7603 268.906 15.0308
12192 -22.7211 265.349 12.7682
12193 -22.5356 265.537 12.5457
12194 -15.9301 247.362 9.21918
12195 -16.1404 247.243 9.45418
12196 -22.2728 265.512 12.7682
12197 -15.6921 247.406 9.45418
12198 -22.4583 265.324 12.9908
12199 -15.9024 247.286 9.68928
12200 -8.5687 227.108 7.20458
12201 -8.7928 227.026 7.44658
12202 -8.3445 227.189 7.44658
12203 -8.5686 227.108 7.68858
12204 -7.1564 223.222 7.91298
12205 -7.3875 223.16 8.15148
12206 -6.9392 223.323 8.15148
12207 -7.1703 223.26 8.38998
12208 -3.5519 213.304 10.6803
12209 -4.0252 213.18 11.1064
12210 -3.1094 213.513 11.1064
12211 -3.5728 213.362 11.5094
12212 -30.3777 271.007 19.0565
12213 -30.0754 271.522 18.7782
12214 -28.2621 267.423 14.504
12215 -28.48 267.16 14.7655
12216 -29.4905 271.399 19.0565
12217 -27.9207 267.407 14.7655
12218 -29.7924 270.883 19.3497
12219 -28.1374 267.141 15.0308
12220 -26.8593 263.662 12.7682
12221 -26.687 263.862 12.5457
12222 -18.8646 246.179 9.21918
12223 -19.0663 246.045 9.45418
12224 -26.4231 263.855 12.7682
12225 -18.6301 246.238 9.45418
12226 -26.5954 263.655 12.9907
12227 -18.8319 246.105 9.68928
12228 -10.1471 226.471 7.20458
12229 -10.3652 226.375 7.44658
12230 -9.9289 226.568 7.44658
12231 -10.147 226.471 7.68858
12232 -8.4747 222.691 7.91298
12233 -8.701 222.613 8.15148
12234 -8.2648 222.806 8.15148
12235 -8.4911 222.728 8.38998
12236 -4.2061 213.04 10.6803
12237 -4.67 212.885 11.1064
12238 -3.7789 213.279 11.1064
12239 -4.231 213.097 11.5094
12240 -34.8576 268.798 19.0565
12241 -34.5907 269.333 18.7783
12242 -32.5053 265.366 14.5041
12243 -32.7049 265.089 14.7656
12244 -33.9988 269.25 19.0565
12245 -32.1635 265.373 14.7656
12246 -34.2652 268.714 19.3497
12247 -32.3618 265.093 15.0309
12248 -30.852 261.709 12.7682
12249 -30.6935 261.92 12.5456
12250 -21.6968 244.805 9.21918
12251 -21.8891 244.659 9.45418
12252 -30.4298 261.931 12.7682
12253 -21.4669 244.881 9.45418
12254 -30.5882 261.719 12.9907
12255 -21.6592 244.734 9.68928
12256 -11.6705 225.733 7.20458
12257 -11.8815 225.622 7.44658
12258 -11.4593 225.844 7.44658
12259 -11.6704 225.733 7.68858
12260 -9.747 222.074 7.91298
12261 -9.9676 221.981 8.15148
12262 -9.5453 222.203 8.15148
12263 -9.7659 222.11 8.38998
12264 -4.8376 212.734 10.6803
12265 -5.2899 212.548 11.1064
12266 -4.4274 213.001 11.1064
12267 -4.8662 212.789 11.5094
12268 -39.1605 266.303 19.0565
12269 -38.9302 266.855 18.7783
12270 -36.5832 263.037 14.5041
12271 -36.7637 262.747 14.7657
12272 -38.3341 266.811 19.0565
12273 -36.2427 263.067 14.7657
12274 -38.5639 266.259 19.3497
12275 -36.4217 262.774 15.031
12276 -34.6879 259.499 12.7681
12277 -34.544 259.72 12.5456
12278 -24.4187 243.251 9.21918
12279 -24.6007 243.092 9.45418
12280 -34.2816 259.749 12.7681
12281 -24.1944 243.341 9.45418
12282 -34.4255 259.527 12.9907
12283 -24.3764 243.182 9.68928
12284 -13.1346 224.897 7.20458
12285 -13.3377 224.772 7.44658
12286 -12.9314 225.021 7.44658
12287 -13.1345 224.896 7.68858
12288 -10.9698 221.375 7.91298
12289 -11.1836 221.268 8.15148
12290 -10.7773 221.518 8.15148
12291 -10.9911 221.41 8.38998
12292 -5.4445 212.388 10.6803
12293 -5.8833 212.171 11.1064
12294 -5.0531 212.681 11.1064
12295 -5.4767 212.44 11.5094
12296 -43.2741 263.534 19.0566
12297 -43.0813 264.099 18.7783
12298 -40.484 260.448 14.5042
12299 -40.6447 260.146 14.7657
12300 -42.4836 264.096 19.0566
12301 -40.1463 260.501 14.7657
12302 -42.6758 263.529 19.3497
12303 -40.3053 260.197 15.031
12304 -38.356 257.045 12.7681
12305 -38.2273 257.275 12.5456
12306 -27.0225 241.523 9.21918
12307 -27.1934 241.351 9.45418
12308 -37.9673 257.321 12.7681
12309 -26.8047 241.628 9.45418
12310 -38.0961 257.091 12.9906
12311 -26.9756 241.457 9.68928
12312 -14.5352 223.967 7.20458
12313 -14.7295 223.829 7.44658
12314 -14.3408 224.105 7.44658
12315 -14.5351 223.967 7.68858
12316 -12.1396 220.599 7.91298
12317 -12.3457 220.477 8.15148
12318 -11.957 220.754 8.15148
12319 -12.1631 220.632 8.38998
12320 -6.025 212.002 10.6803
12321 -6.4483 211.757 11.1064
12322 -5.6542 212.322 11.1064
12323 -6.0606 212.052 11.5094
12324 -47.1858 260.503 19.0566
12325 -47.0312 261.08 18.7783
12326 -44.1959 257.611 14.5043
12327 -44.3361 257.299 14.7658
12328 -46.4346 261.116 19.0566
12329 -43.8625 257.686 14.7658
12330 -46.5886 260.538 19.3497
12331 -44.0007 257.372 15.0311
12332 -41.8451 254.357 12.7681
12333 -41.7321 254.596 12.5455
12334 -29.5001 239.629 9.21918
12335 -29.6592 239.446 9.45418
12336 -41.4758 254.659 12.7681
12337 -29.2898 239.748 9.45418
12338 -41.5889 254.421 12.9906
12339 -29.4489 239.566 9.68928
12340 -15.8679 222.948 7.20458
12341 -16.0525 222.797 7.44658
12342 -15.6832 223.099 7.44658
12343 -15.8678 222.948 7.68858
12344 -13.2527 219.748 7.91298
12345 -13.4502 219.613 8.15148
12346 -13.0808 219.915 8.15148
12347 -13.2783 219.779 8.38998
12348 -6.5775 211.58 10.6803
12349 -6.9834 211.307 11.1064
12350 -6.2289 211.923 11.1064
12351 -6.6164 211.628 11.5094
12352 -50.8832 257.223 19.0566
12353 -50.7675 257.809 18.7783
12354 -47.7069 254.537 14.5043
12355 -47.826 254.216 14.7658
12356 -50.1747 257.885 19.0566
12357 -47.3793 254.634 14.7658
12358 -50.2896 257.298 19.3497
12359 -47.4963 254.311 15.0311
12360 -45.1442 251.448 12.7681
12361 -45.0474 251.693 12.5455
12362 -31.8437 237.577 9.21918
12363 -31.9903 237.384 9.45418
12364 -44.7959 251.774 12.7681
12365 -31.6419 237.71 9.45418
12366 -44.8927 251.528 12.9906
12367 -31.7885 237.518 9.68928
12368 -17.1286 221.844 7.20458
12369 -17.3027 221.681 7.44658
12370 -16.9544 222.007 7.44658
12371 -17.1285 221.844 7.68858
12372 -14.3056 218.826 7.91298
12373 -14.4936 218.678 8.15148
12374 -14.1452 219.004 8.15148
12375 -14.3333 218.856 8.38998
12376 -7.1 211.122 10.6803
12377 -7.4868 210.823 11.1064
12378 -6.7751 211.488 11.1064
12379 -7.142 211.167 11.5094
12380 -54.3537 253.706 19.0566
12381 -54.2775 254.299 18.7783
12382 -51.0053 251.238 14.5043
12383 -51.1027 250.911 14.7658
12384 -53.691 254.415 19.0566
12385 -50.6849 251.357 14.7658
12386 -53.7665 253.821 19.3497
12387 -50.7801 251.028 15.0311
12388 -48.2421 248.327 12.7681
12389 -48.1618 248.579 12.5455
12390 -34.0454 235.375 9.21918
12391 -34.1787 235.173 9.45418
12392 -47.9163 248.676 12.7681
12393 -33.8529 235.522 9.45418
12394 -47.9965 248.424 12.9906
12395 -33.9863 235.32 9.68928
12396 -18.3129 220.66 7.20458
12397 -18.4758 220.486 7.44658
12398 -18.1499 220.834 7.44658
12399 -18.3128 220.66 7.68858
12400 -15.2947 217.837 7.91298
12401 -15.4724 217.677 8.15148
12402 -15.1466 218.025 8.15148
12403 -15.3243 217.865 8.38998
12404 -7.5909 210.631 10.6803
12405 -7.9568 210.307 11.1064
12406 -7.2912 211.018 11.1064
12407 -7.6358 210.673 11.5094
12408 -57.585 249.966 19.0566
12409 -57.5485 250.563 18.7783
12410 -54.0791 247.727 14.5043
12411 -54.1544 247.394 14.7658
12412 -56.9711 250.717 19.0566
12413 -53.7673 247.867 14.7658
12414 -57.0068 250.12 19.3497
12415 -53.8403 247.532 15.0311
12416 -51.1277 245.007 12.7681
12417 -51.0644 245.264 12.5455
12418 -36.0971 233.032 9.21918
12419 -36.2168 232.821 9.45418
12420 -50.8258 245.377 12.7681
12421 -35.9149 233.191 9.45418
12422 -50.8891 245.12 12.9906
12423 -36.0345 232.98 9.68928
12424 -19.4166 219.399 7.20458
12425 -19.5675 219.215 7.44658
12426 -19.2656 219.584 7.44658
12427 -19.4165 219.399 7.68858
12428 -16.2165 216.784 7.91298
12429 -16.3831 216.612 8.15148
12430 -16.0813 216.982 8.15148
12431 -16.2479 216.81 8.38998
12432 -8.0484 210.109 10.6803
12433 -8.3918 209.76 11.1064
12434 -7.7752 210.515 11.1064
12435 -8.096 210.148 11.5094
12436 -60.5645 246.015 19.0565
12437 -60.5679 246.613 18.7783
12438 -56.9165 244.016 14.5042
12439 -56.9693 243.678 14.7657
12440 -60.0021 246.806 19.0565
12441 -56.6148 244.176 14.7657
12442 -59.9979 246.207 19.3497
12443 -56.6652 243.837 15.031
12444 -53.7898 241.499 12.7681
12445 -53.7438 241.759 12.5456
12446 -37.9911 230.554 9.21918
12447 -38.0964 230.336 9.45418
12448 -53.5133 241.887 12.7681
12449 -37.8199 230.725 9.45418
12450 -53.5593 241.628 12.9906
12451 -37.9252 230.507 9.68928
12452 -20.4354 218.067 7.20458
12453 -20.5736 217.872 7.44658
12454 -20.2971 218.261 7.44658
12455 -20.4353 218.066 7.68858
12456 -17.0674 215.671 7.91298
12457 -17.2221 215.488 8.15148
12458 -16.9457 215.877 8.15148
12459 -17.1004 215.695 8.38998
12460 -8.4708 209.557 10.6803
12461 -8.7901 209.186 11.1064
12462 -8.2253 209.98 11.1064
12463 -8.5208 209.592 11.5094
12464 -63.2797 241.865 19.0565
12465 -63.3232 242.462 18.7783
12466 -59.5056 240.115 14.5041
12467 -59.5357 239.774 14.7657
12468 -62.7716 242.692 19.0565
12469 -59.2154 240.295 14.7657
12470 -62.7273 242.095 19.3497
12471 -59.243 239.953 15.031
12472 -56.2173 237.813 12.7681
12473 -56.1888 238.076 12.5456
12474 -39.7194 227.95 9.21918
12475 -39.8099 227.726 9.45418
12476 -55.9675 238.219 12.7681
12477 -39.5601 228.132 9.45418
12478 -55.996 237.957 12.9907
12479 -39.6505 227.908 9.68928
12480 -21.3651 216.666 7.20458
12481 -21.4899 216.463 7.44658
12482 -21.2401 216.869 7.44658
12483 -21.3649 216.666 7.68858
12484 -17.8438 214.501 7.91298
12485 -17.986 214.309 8.15148
12486 -17.7362 214.715 8.15148
12487 -17.8784 214.523 8.38998
12488 -8.8561 208.976 10.6803
12489 -9.1499 208.585 11.1064
12490 -8.6396 209.415 11.1064
12491 -8.9085 209.008 11.5094
12492 -65.7183 237.53 19.0565
12493 -65.8017 238.122 18.7782
12494 -61.8346 236.037 14.5041
12495 -61.8418 235.695 14.7656
12496 -65.2668 238.389 19.0565
12497 -61.5572 236.236 14.7656
12498 -65.1825 237.797 19.3497
12499 -61.5617 235.893 15.0309
12500 -58.399 233.961 12.7682
12501 -58.3882 234.225 12.5456
12502 -41.274 225.228 9.21918
12503 -41.3492 224.998 9.45418
12504 -58.1771 234.383 12.7682
12505 -41.1273 225.421 9.45418
12506 -58.1879 234.12 12.9907
12507 -41.2025 225.191 9.68928
12508 -22.2013 215.202 7.20458
12509 -22.3122 214.991 7.44658
12510 -22.0903 215.413 7.44658
12511 -22.2012 215.202 7.68858
12512 -18.5422 213.279 7.91298
12513 -18.6711 213.077 8.15148
12514 -18.4492 213.499 8.15148
12515 -18.5781 213.297 8.38998
12516 -9.2028 208.369 10.6803
12517 -9.4696 207.959 11.1064
12518 -9.0162 208.821 11.1064
12519 -9.2572 208.398 11.5094
12520 -67.8676 233.022 19.0565
12521 -67.9907 233.607 18.7782
12522 -63.8916 231.794 14.504
12523 -63.8758 231.452 14.7655
12524 -67.4751 233.909 19.0565
12525 -63.6283 232.012 14.7655
12526 -67.351 233.324 19.3497
12527 -63.6097 231.669 15.0308
12528 -60.3238 229.954 12.7682
12529 -60.3308 230.218 12.5457
12530 -42.6471 222.396 9.21918
12531 -42.7066 222.162 9.45418
12532 -60.1308 230.391 12.7682
12533 -42.5136 222.598 9.45418
12534 -60.1238 230.127 12.9907
12535 -42.5732 222.363 9.68928
12536 -22.9399 213.678 7.20458
12537 -23.0363 213.46 7.44658
12538 -22.8433 213.897 7.44658
12539 -22.9397 213.678 7.68858
12540 -19.1591 212.006 7.91298
12541 -19.2741 211.796 8.15148
12542 -19.0811 212.232 8.15148
12543 -19.1962 212.023 8.38998
12544 -9.5089 207.738 10.6803
12545 -9.7475 207.31 11.1064
12546 -9.3533 208.202 11.1064
12547 -9.5651 207.762 11.5094
12548 -69.7151 228.353 19.0565
12549 -69.8776 228.928 18.7782
12550 -65.6648 227.397 14.504
12551 -65.6258 227.058 14.7655
12552 -69.3837 229.265 19.0565
12553 -65.4169 227.632 14.7655
12554 -69.2203 228.689 19.3497
12555 -65.3751 227.292 15.0308
12556 -61.9804 225.804 12.7682
12557 -62.0053 226.067 12.5457
12558 -43.8307 219.462 9.21918
12559 -43.8741 219.224 9.45418
12560 -61.8175 226.253 12.7682
12561 -43.7112 219.672 9.45418
12562 -61.7926 225.99 12.9908
12563 -43.7547 219.434 9.68928
12564 -23.5765 212.1 7.20458
12565 -23.6579 211.876 7.44658
12566 -23.4949 212.324 7.44658
12567 -23.5763 212.1 7.68858
12568 -19.6907 210.688 7.91298
12569 -19.7913 210.471 8.15148
12570 -19.6283 210.919 8.15148
12571 -19.7289 210.702 8.38998
12572 -9.7728 207.083 10.6803
12573 -9.9818 206.641 11.1064
12574 -9.649 207.557 11.1064
12575 -9.8306 207.104 11.5094
12576 -71.2485 223.536 19.0565
12577 -71.4499 224.099 18.7782
12578 -67.1422 222.859 14.5039
12579 -67.0801 222.523 14.7655
12580 -70.9801 224.469 19.0565
12581 -66.9109 223.111 14.7655
12582 -70.7777 223.906 19.3497
12583 -66.846 222.774 15.0308
12584 -63.3577 221.522 12.7682
12585 -63.4004 221.782 12.5457
12586 -44.8168 216.433 9.21918
12587 -44.844 216.192 9.45418
12588 -63.2257 221.98 12.7682
12589 -44.712 216.651 9.45418
12590 -63.183 221.719 12.9908
12591 -44.7391 216.41 9.68928
12592 -24.1069 210.471 7.20458
12593 -24.1728 210.242 7.44658
12594 -24.0408 210.7 7.44658
12595 -24.1067 210.471 7.68858
12596 -20.1337 209.327 7.91298
12597 -20.2192 209.104 8.15148
12598 -20.0873 209.562 8.15148
12599 -20.1727 209.339 8.38998
12600 -9.9927 206.408 10.6803
12601 -10.171 205.952 11.1064
12602 -9.9015 206.889 11.1064
12603 -10.0518 206.425 11.5094
12604 -72.4551 218.585 19.0565
12605 -72.6947 219.132 18.7782
12606 -68.312 218.192 14.5039
12607 -68.2269 217.861 14.7655
12608 -72.2515 219.533 19.0565
12609 -68.0986 218.459 14.7655
12610 -72.0108 218.986 19.3497
12611 -68.0106 218.127 15.0308
12612 -64.4444 217.118 12.7682
12613 -64.505 217.375 12.5457
12614 -45.5976 213.317 9.21918
12615 -45.6082 213.076 9.45418
12616 -64.3443 217.584 12.7682
12617 -45.5081 213.542 9.45418
12618 -64.2837 217.327 12.9908
12619 -45.5186 213.3 9.68928
12620 -24.5269 208.795 7.20458
12621 -24.5768 208.562 7.44658
12622 -24.4767 209.028 7.44658
12623 -24.5267 208.795 7.68858
12624 -20.4845 207.928 7.91298
12625 -20.5544 207.699 8.15148
12626 -20.4543 208.165 8.15148
12627 -20.5242 207.936 8.38998
12628 -10.1668 205.713 10.6803
12629 -10.3133 205.247 11.1064
12630 -10.1088 206.199 11.1064
12631 -10.2269 205.726 11.5094
12632 -73.3224 213.511 19.0565
12633 -73.5995 214.04 18.7782
12634 -69.1623 213.407 14.504
12635 -69.0544 213.082 14.7655
12636 -73.1853 214.471 19.0565
12637 -68.968 213.688 14.7655
12638 -72.9071 213.941 19.3497
12639 -68.8571 213.363 15.0308
12640 -65.2294 212.604 12.7682
12641 -65.3077 212.856 12.5457
12642 -46.1652 210.123 9.21918
12643 -46.1589 209.881 9.45418
12644 -65.162 213.076 12.7682
12645 -46.0914 210.354 9.45418
12646 -65.0837 212.824 12.9907
12647 -46.0851 210.112 9.68928
12648 -24.8321 207.077 7.20458
12649 -24.8658 206.841 7.44658
12650 -24.7983 207.313 7.44658
12651 -24.832 207.077 7.68858
12652 -20.7394 206.493 7.91298
12653 -20.7932 206.26 8.15148
12654 -20.7258 206.732 8.15148
12655 -20.7796 206.499 8.38998
12656 -10.2933 205.001 10.6803
12657 -10.407 204.525 11.1064
12658 -10.2693 205.49 11.1064
12659 -10.3541 205.01 11.5094
12660 -73.838 208.327 19.0565
12661 -74.1517 208.836 18.7782
12662 -69.6812 208.516 14.504
12663 -69.5508 208.2 14.7656
12664 -73.7688 209.295 19.0565
12665 -69.5072 208.81 14.7656
12666 -73.454 208.786 19.3497
12667 -69.3737 208.494 15.0309
12668 -65.7017 207.992 12.7682
12669 -65.7975 208.238 12.5456
12670 -46.5115 206.859 9.21918
12671 -46.4882 206.618 9.45419
12672 -65.6677 208.468 12.7682
12673 -46.4541 207.094 9.45419
12674 -65.5718 208.222 12.9907
12675 -46.4308 206.853 9.68928
12676 -25.0184 205.321 7.20458
12677 -25.0353 205.083 7.44658
12678 -25.0013 205.559 7.44658
12679 -25.0182 205.321 7.68858
12680 -20.895 205.026 7.91298
12681 -20.9323 204.79 8.15148
12682 -20.8982 205.266 8.15148
12683 -20.9355 205.029 8.38998
12684 -10.3705 204.273 10.6803
12685 -10.4505 203.791 11.1064
12686 -10.3809 204.763 11.1064
12687 -10.4318 204.278 11.5094
12688 -73.9893 203.046 19.0565
12689 -74.3386 203.531 18.7782
12690 -69.8568 203.531 14.5041
12691 -69.7042 203.226 14.7656
12692 -73.9893 204.016 19.0565
12693 -69.7042 203.837 14.7656
12694 -73.6391 203.531 19.3497
12695 -69.5485 203.531 15.0309
12696 -65.8501 203.293 12.7682
12697 -65.9632 203.531 12.5456
12698 -46.6287 203.531 9.21918
12699 -46.5883 203.293 9.45419
12700 -65.8501 203.77 12.7682
12701 -46.5883 203.77 9.45419
12702 -65.737 203.531 12.9907
12703 -46.5478 203.531 9.68928
12704 -25.0815 203.531 7.20458
12705 -25.0814 203.293 7.44658
12706 -25.0814 203.77 7.44658
12707 -25.0813 203.531 7.68858
12708 -20.9477 203.531 7.91298
12709 -20.968 203.293 8.15148
12710 -20.968 203.77 8.15148
12711 -20.9883 203.531 8.38998
12712 -10.3966 203.531 10.6803
12713 -10.4419 203.044 11.1064
12714 -10.4419 204.019 11.1064
12715 -10.4581 203.531 11.5094
12716 -73.7688 197.768 19.0565
12717 -74.1517 198.227 18.7782
12718 -69.6812 198.547 14.504
12719 -69.5072 198.253 14.7656
12720 -73.838 198.736 19.0565
12721 -69.5508 198.863 14.7656
12722 -73.454 198.277 19.3497
12723 -69.3737 198.569 15.0309
12724 -65.6677 198.595 12.7682
12725 -65.7975 198.825 12.5456
12726 -46.5115 200.204 9.21918
12727 -46.4541 199.969 9.45419
12728 -65.7017 199.071 12.7682
12729 -46.4882 200.445 9.45419
12730 -65.5718 198.841 12.9907
12731 -46.4308 200.21 9.68928
12732 -25.0184 201.742 7.20458
12733 -25.0013 201.504 7.44658
12734 -25.0353 201.98 7.44658
12735 -25.0182 201.742 7.68858
12736 -20.895 202.037 7.91298
12737 -20.8982 201.797 8.15148
12738 -20.9323 202.273 8.15148
12739 -20.9355 202.034 8.38998
12740 -10.3705 202.79 10.6803
12741 -10.3809 202.3 11.1064
12742 -10.4505 203.272 11.1064
12743 -10.4318 202.785 11.5094
12744 -73.1853 192.592 19.0565
12745 -73.5995 193.023 18.7782
12746 -69.1623 193.656 14.504
12747 -68.968 193.375 14.7655
12748 -73.3224 193.552 19.0565
12749 -69.0544 193.981 14.7655
12750 -72.9071 193.122 19.3497
12751 -68.8571 193.7 15.0308
12752 -65.162 193.986 12.7682
12753 -65.3077 194.207 12.5457
12754 -46.1652 196.94 9.21918
12755 -46.0914 196.709 9.45419
12756 -65.2294 194.459 12.7682
12757 -46.1589 197.182 9.45419
12758 -65.0837 194.239 12.9907
12759 -46.0851 196.951 9.68928
12760 -24.8321 199.986 7.20458
12761 -24.7983 199.749 7.44658
12762 -24.8658 200.222 7.44658
12763 -24.832 199.986 7.68858
12764 -20.7394 200.57 7.91298
12765 -20.7258 200.331 8.15148
12766 -20.7932 200.803 8.15148
12767 -20.7796 200.564 8.38998
12768 -10.2933 202.062 10.6803
12769 -10.2693 201.573 11.1064
12770 -10.407 202.538 11.1064
12771 -10.3541 202.053 11.5094
12772 -72.2515 187.53 19.0565
12773 -72.6947 187.931 18.7782
12774 -68.312 188.871 14.5039
12775 -68.0986 188.604 14.7655
12776 -72.4551 188.478 19.0565
12777 -68.2269 189.202 14.7655
12778 -72.0108 188.077 19.3497
12779 -68.0106 188.936 15.0308
12780 -64.3443 189.479 12.7682
12781 -64.505 189.688 12.5457
12782 -45.5976 193.746 9.21919
12783 -45.5081 193.521 9.45419
12784 -64.4444 189.945 12.7682
12785 -45.6082 193.987 9.45419
12786 -64.2837 189.736 12.9908
12787 -45.5186 193.763 9.68928
12788 -24.5269 198.268 7.20458
12789 -24.4767 198.035 7.44658
12790 -24.5768 198.501 7.44658
12791 -24.5267 198.268 7.68858
12792 -20.4845 199.135 7.91298
12793 -20.4543 198.898 8.15148
12794 -20.5544 199.364 8.15148
12795 -20.5242 199.127 8.38998
12796 -10.1668 201.35 10.6803
12797 -10.1088 200.864 11.1064
12798 -10.3133 201.816 11.1064
12799 -10.2269 201.337 11.5094
12800 -70.9801 182.594 19.0565
12801 -71.4499 182.964 18.7782
12802 -67.1422 184.204 14.5039
12803 -66.9109 183.952 14.7655
12804 -71.2485 183.527 19.0565
12805 -67.0801 184.54 14.7655
12806 -70.7777 183.157 19.3497
12807 -66.846 184.289 15.0308
12808 -63.2257 185.083 12.7682
12809 -63.4004 185.281 12.5457
12810 -44.8168 190.63 9.21919
12811 -44.712 190.412 9.45419
12812 -63.3577 185.541 12.7682
12813 -44.844 190.871 9.45419
12814 -63.183 185.343 12.9908
12815 -44.7391 190.653 9.68928
12816 -24.1069 196.592 7.20458
12817 -24.0408 196.363 7.44658
12818 -24.1728 196.821 7.44658
12819 -24.1067 196.592 7.68858
12820 -20.1337 197.736 7.91298
12821 -20.0873 197.501 8.15148
12822 -20.2192 197.959 8.15148
12823 -20.1727 197.725 8.38998
12824 -9.9927 200.655 10.6803
12825 -9.9015 200.174 11.1064
12826 -10.171 201.111 11.1064
12827 -10.0518 200.638 11.5094
12828 -69.3837 177.798 19.0565
12829 -69.8776 178.135 18.7782
12830 -65.6648 179.666 14.5039
12831 -65.4169 179.43 14.7655
12832 -69.7151 178.71 19.0565
12833 -65.6258 180.005 14.7655
12834 -69.2203 178.374 19.3497
12835 -65.3751 179.771 15.0308
12836 -61.8175 180.81 12.7682
12837 -62.0053 180.996 12.5457
12838 -43.8307 187.601 9.21919
12839 -43.7112 187.391 9.45419
12840 -61.9804 181.259 12.7682
12841 -43.8741 187.839 9.45419
12842 -61.7926 181.073 12.9907
12843 -43.7547 187.629 9.68928
12844 -23.5765 194.963 7.20458
12845 -23.4949 194.739 7.44658
12846 -23.6579 195.187 7.44658
12847 -23.5763 194.963 7.68858
12848 -19.6907 196.375 7.91298
12849 -19.6283 196.144 8.15148
12850 -19.7913 196.592 8.15148
12851 -19.7289 196.361 8.38998
12852 -9.7728 199.98 10.6803
12853 -9.649 199.506 11.1064
12854 -9.9818 200.422 11.1064
12855 -9.8306 199.959 11.5094
12856 -67.4751 173.154 19.0565
12857 -67.9907 173.456 18.7782
12858 -63.8916 175.269 14.504
12859 -63.6283 175.051 14.7655
12860 -67.8676 174.041 19.0565
12861 -63.8758 175.611 14.7655
12862 -67.351 173.739 19.3497
12863 -63.6097 175.394 15.0308
12864 -60.1308 176.672 12.7682
12865 -60.3308 176.844 12.5456
12866 -42.6471 184.667 9.21919
12867 -42.5137 184.465 9.45419
12868 -60.3238 177.108 12.7682
12869 -42.7066 184.901 9.45419
12870 -60.1239 176.936 12.9907
12871 -42.5732 184.7 9.68928
12872 -22.9399 193.384 7.20458
12873 -22.8433 193.166 7.44658
12874 -23.0363 193.602 7.44658
12875 -22.9397 193.384 7.68858
12876 -19.1591 195.057 7.91298
12877 -19.0811 194.83 8.15148
12878 -19.2741 195.267 8.15148
12879 -19.1962 195.04 8.38999
12880 -9.5089 199.325 10.6803
12881 -9.3533 198.861 11.1064
12882 -9.7475 199.753 11.1064
12883 -9.5651 199.301 11.5094
12884 -65.2668 168.674 19.0565
12885 -65.8017 168.941 18.7782
12886 -61.8346 171.026 14.5041
12887 -61.5572 170.827 14.7656
12888 -65.7183 169.533 19.0565
12889 -61.8418 171.368 14.7656
12890 -65.1825 169.266 19.3497
12891 -61.5617 171.17 15.0309
12892 -58.1771 172.68 12.7682
12893 -58.3882 172.838 12.5456
12894 -41.274 181.835 9.21919
12895 -41.1273 181.642 9.45419
12896 -58.399 173.102 12.7682
12897 -41.3492 182.065 9.45419
12898 -58.1879 172.943 12.9907
12899 -41.2025 181.872 9.68929
12900 -22.2013 191.861 7.20459
12901 -22.0903 191.65 7.44659
12902 -22.3122 192.072 7.44659
12903 -22.2012 191.861 7.68859
12904 -18.5422 193.784 7.91298
12905 -18.4492 193.564 8.15148
12906 -18.6711 193.986 8.15148
12907 -18.5781 193.766 8.38999
12908 -9.2028 198.694 10.6803
12909 -9.0162 198.242 11.1064
12910 -9.4696 199.104 11.1064
12911 -9.2572 198.665 11.5094
12912 -62.7716 164.371 19.0565
12913 -63.3232 164.601 18.7783
12914 -59.5056 166.948 14.5041
12915 -59.2154 166.768 14.7657
12916 -63.2797 165.197 19.0565
12917 -59.5357 167.289 14.7657
12918 -62.7273 164.968 19.3497
12919 -59.243 167.11 15.0309
12920 -55.9675 168.844 12.7681
12921 -56.1888 168.988 12.5456
12922 -39.7194 179.113 9.21919
12923 -39.56 178.931 9.45419
12924 -56.2173 169.25 12.7681
12925 -39.8099 179.337 9.45419
12926 -55.996 169.106 12.9907
12927 -39.6505 179.155 9.68929
12928 -21.3651 190.397 7.20459
12929 -21.2401 190.194 7.44659
12930 -21.4899 190.6 7.44659
12931 -21.3649 190.397 7.68859
12932 -17.8438 192.562 7.91299
12933 -17.7362 192.348 8.15148
12934 -17.986 192.754 8.15148
12935 -17.8784 192.54 8.38999
12936 -8.8561 198.087 10.6803
12937 -8.6396 197.648 11.1064
12938 -9.1499 198.478 11.1064
12939 -8.9085 198.055 11.5094
12940 -60.0021 160.257 19.0565
12941 -60.5679 160.45 18.7783
12942 -56.9165 163.048 14.5042
12943 -56.6148 162.887 14.7657
12944 -60.5645 161.048 19.0565
12945 -56.9693 163.385 14.7657
12946 -59.9979 160.856 19.3497
12947 -56.6652 163.226 15.031
12948 -53.5133 165.175 12.7681
12949 -53.7438 165.304 12.5456
12950 -37.9911 176.509 9.21919
12951 -37.8199 176.338 9.45419
12952 -53.7898 165.564 12.7681
12953 -38.0964 176.727 9.45419
12954 -53.5593 165.435 12.9906
12955 -37.9252 176.556 9.68929
12956 -20.4354 188.996 7.20459
12957 -20.2971 188.802 7.44659
12958 -20.5736 189.191 7.44659
12959 -20.4353 188.996 7.68859
12960 -17.0674 191.392 7.91299
12961 -16.9457 191.186 8.15148
12962 -17.2221 191.574 8.15148
12963 -17.1004 191.368 8.38999
12964 -8.4708 197.506 10.6803
12965 -8.2253 197.083 11.1064
12966 -8.7901 197.877 11.1064
12967 -8.5208 197.471 11.5094
12968 -56.9711 156.346 19.0565
12969 -57.5485 156.5 18.7783
12970 -54.0791 159.336 14.5042
12971 -53.7673 159.195 14.7658
12972 -57.585 157.097 19.0565
12973 -54.1544 159.669 14.7658
12974 -57.0068 156.943 19.3497
12975 -53.8403 159.531 15.0311
12976 -50.8258 161.686 12.7681
12977 -51.0644 161.799 12.5455
12978 -36.0971 174.031 9.21919
12979 -35.9149 173.872 9.45419
12980 -51.1277 162.056 12.7681
12981 -36.2168 174.242 9.45419
12982 -50.8891 161.943 12.9906
12983 -36.0345 174.083 9.68929
12984 -19.4166 187.663 7.20459
12985 -19.2656 187.479 7.44659
12986 -19.5675 187.848 7.44659
12987 -19.4165 187.664 7.68859
12988 -16.2165 190.279 7.91299
12989 -16.0813 190.081 8.15148
12990 -16.3831 190.451 8.15148
12991 -16.2479 190.253 8.38999
12992 -8.0484 196.954 10.6803
12993 -7.7752 196.548 11.1064
12994 -8.3918 197.303 11.1064
12995 -8.096 196.915 11.5094
12996 -53.691 152.648 19.0565
12997 -54.2775 152.764 18.7783
12998 -51.0053 155.824 14.5043
12999 -50.6849 155.706 14.7658
13000 -54.3537 153.357 19.0565
13001 -51.1027 156.152 14.7658
13002 -53.7665 153.242 19.3497
13003 -50.7801 156.035 15.0311
13004 -47.9163 158.387 12.7681
13005 -48.1618 158.484 12.5455
13006 -34.0454 171.688 9.21919
13007 -33.8529 171.541 9.45419
13008 -48.2421 158.736 12.7681
13009 -34.1787 171.89 9.45419
13010 -47.9965 158.639 12.9906
13011 -33.9863 171.743 9.68929
13012 -18.3129 186.403 7.20459
13013 -18.1499 186.229 7.44659
13014 -18.4758 186.577 7.44659
13015 -18.3128 186.403 7.68859
13016 -15.2947 189.226 7.91299
13017 -15.1466 189.038 8.15148
13018 -15.4724 189.386 8.15148
13019 -15.3243 189.198 8.38999
13020 -7.5909 196.431 10.6803
13021 -7.2912 196.045 11.1064
13022 -7.9568 196.756 11.1064
13023 -7.6358 196.389 11.5094
13024 -50.1747 149.178 19.0565
13025 -50.7675 149.254 18.7783
13026 -47.7069 152.526 14.5043
13027 -47.3793 152.429 14.7658
13028 -50.8832 149.84 19.0565
13029 -47.826 152.847 14.7658
13030 -50.2896 149.765 19.3497
13031 -47.4963 152.751 15.0311
13032 -44.7959 155.289 12.7681
13033 -45.0474 155.37 12.5455
13034 -31.8437 169.486 9.21919
13035 -31.6419 169.353 9.45419
13036 -45.1442 155.615 12.7681
13037 -31.9903 169.679 9.45419
13038 -44.8927 155.535 12.9906
13039 -31.7885 169.545 9.68929
13040 -17.1286 185.219 7.20459
13041 -16.9544 185.056 7.44659
13042 -17.3027 185.381 7.44659
13043 -17.1285 185.219 7.68859
13044 -14.3056 188.237 7.91299
13045 -14.1452 188.059 8.15148
13046 -14.4936 188.385 8.15148
13047 -14.3333 188.207 8.38999
13048 -7.1 195.941 10.6803
13049 -6.7751 195.575 11.1064
13050 -7.4868 196.24 11.1064
13051 -7.142 195.896 11.5094
13052 -46.4346 145.947 19.0565
13053 -47.0313 145.983 18.7783
13054 -44.1959 149.452 14.5042
13055 -43.8625 149.377 14.7658
13056 -47.1858 146.56 19.0565
13057 -44.3361 149.764 14.7658
13058 -46.5886 146.525 19.3497
13059 -44.0007 149.691 15.0311
13060 -41.4758 152.404 12.7681
13061 -41.7321 152.467 12.5455
13062 -29.5001 167.434 9.21919
13063 -29.2898 167.315 9.45419
13064 -41.8452 152.706 12.7681
13065 -29.6592 167.617 9.45419
13066 -41.5889 152.642 12.9906
13067 -29.4489 167.497 9.68929
13068 -15.8679 184.115 7.20459
13069 -15.6832 183.964 7.44659
13070 -16.0525 184.266 7.44659
13071 -15.8678 184.115 7.68859
13072 -13.2527 187.315 7.91299
13073 -13.0808 187.148 8.15148
13074 -13.4502 187.45 8.15148
13075 -13.2783 187.284 8.38999
13076 -6.5775 195.483 10.6803
13077 -6.2289 195.14 11.1064
13078 -6.9834 195.756 11.1064
13079 -6.6164 195.435 11.5094
13080 -42.4836 142.967 19.0565
13081 -43.0813 142.964 18.7783
13082 -40.484 146.615 14.5042
13083 -40.1463 146.562 14.7657
13084 -43.2741 143.529 19.0565
13085 -40.6447 146.917 14.7657
13086 -42.6758 143.534 19.3497
13087 -40.3053 146.866 15.031
13088 -37.9673 149.742 12.7681
13089 -38.2273 149.788 12.5456
13090 -27.0225 165.54 9.21919
13091 -26.8047 165.435 9.45419
13092 -38.356 150.018 12.7681
13093 -27.1934 165.712 9.45419
13094 -38.0961 149.972 12.9906
13095 -26.9756 165.606 9.68929
13096 -14.5352 183.096 7.20459
13097 -14.3408 182.958 7.44659
13098 -14.7295 183.234 7.44659
13099 -14.5351 183.096 7.68859
13100 -12.1396 186.464 7.91299
13101 -11.957 186.309 8.15148
13102 -12.3457 186.586 8.15148
13103 -12.1631 186.431 8.38999
13104 -6.025 195.061 10.6803
13105 -5.6542 194.741 11.1064
13106 -6.4483 195.306 11.1064
13107 -6.0606 195.011 11.5094
13108 -38.3341 140.252 19.0565
13109 -38.9302 140.208 18.7783
13110 -36.5832 144.026 14.5041
13111 -36.2427 143.996 14.7657
13112 -39.1605 140.76 19.0565
13113 -36.7637 144.316 14.7657
13114 -38.5639 140.804 19.3497
13115 -36.4217 144.288 15.0309
13116 -34.2816 147.314 12.7681
13117 -34.544 147.343 12.5456
13118 -24.4187 163.812 9.21919
13119 -24.1944 163.722 9.45419
13120 -34.6879 147.564 12.7681
13121 -24.6007 163.971 9.45419
13122 -34.4255 147.536 12.9907
13123 -24.3764 163.881 9.68929
13124 -13.1346 182.166 7.20459
13125 -12.9314 182.042 7.44659
13126 -13.3377 182.291 7.44659
13127 -13.1345 182.167 7.68859
13128 -10.9698 185.688 7.91299
13129 -10.7773 185.546 8.15148
13130 -11.1836 185.795 8.15148
13131 -10.9911 185.653 8.38999
13132 -5.4445 194.675 10.6803
13133 -5.0531 194.382 11.1064
13134 -5.8833 194.892 11.1064
13135 -5.4767 194.623 11.5094
13136 -33.9988 137.813 19.0565
13137 -34.5907 137.73 18.7782
13138 -32.5053 141.697 14.504
13139 -32.1635 141.69 14.7656
13140 -34.8576 138.265 19.0565
13141 -32.7049 141.974 14.7656
13142 -34.2652 138.349 19.3497
13143 -32.3618 141.97 15.0309
13144 -30.4298 145.132 12.7682
13145 -30.6935 145.143 12.5456
13146 -21.6968 162.257 9.21919
13147 -21.4669 162.182 9.45419
13148 -30.852 145.354 12.7682
13149 -21.8891 162.404 9.45419
13150 -30.5882 145.344 12.9907
13151 -21.6592 162.329 9.68929
13152 -11.6705 181.33 7.20459
13153 -11.4593 181.219 7.44659
13154 -11.8815 181.441 7.44659
13155 -11.6704 181.33 7.68859
13156 -9.747 184.989 7.91299
13157 -9.5453 184.86 8.15148
13158 -9.9676 185.082 8.15148
13159 -9.7659 184.953 8.38999
13160 -4.8376 194.329 10.6803
13161 -4.4274 194.062 11.1064
13162 -5.2899 194.515 11.1064
13163 -4.8662 194.274 11.5094
13164 -29.4905 135.664 19.0565
13165 -30.0754 135.541 18.7782
13166 -28.2621 139.64 14.504
13167 -27.9207 139.656 14.7655
13168 -30.3777 136.056 19.0565
13169 -28.48 139.903 14.7655
13170 -29.7924 136.18 19.3497
13171 -28.1374 139.922 15.0308
13172 -26.4231 143.208 12.7682
13173 -26.687 143.201 12.5456
13174 -18.8646 160.884 9.21919
13175 -18.6301 160.825 9.45419
13176 -26.8593 143.401 12.7682
13177 -19.0663 161.018 9.45419
13178 -26.5954 143.408 12.9907
13179 -18.8319 160.958 9.68929
13180 -10.1471 180.592 7.20459
13181 -9.9289 180.495 7.44659
13182 -10.3652 180.688 7.44659
13183 -10.147 180.592 7.68859
13184 -8.4747 184.372 7.91299
13185 -8.2648 184.257 8.15148
13186 -8.701 184.45 8.15148
13187 -8.4911 184.335 8.38999
13188 -4.2061 194.023 10.6803
13189 -3.7789 193.784 11.1064
13190 -4.67 194.178 11.1064
13191 -4.231 193.966 11.5094
13192 -24.8216 133.816 19.0565
13193 -25.3968 133.654 18.7782
13194 -23.8656 137.867 14.5039
13195 -23.5261 137.906 14.7655
13196 -25.7334 134.148 19.0565
13197 -24.1009 138.115 14.7655
13198 -25.1579 134.311 19.3497
13199 -23.7603 138.156 15.0308
13200 -22.2728 141.551 12.7682
13201 -22.5356 141.526 12.5457
13202 -15.9301 159.701 9.21919
13203 -15.6921 159.657 9.45419
13204 -22.7211 141.714 12.7682
13205 -16.1404 159.82 9.45419
13206 -22.4583 141.739 12.9907
13207 -15.9024 159.777 9.68929
13208 -8.5687 179.955 7.20459
13209 -8.3445 179.874 7.44659
13210 -8.7928 180.036 7.44659
13211 -8.5686 179.955 7.68859
13212 -7.1564 183.841 7.91299
13213 -6.9392 183.74 8.15148
13214 -7.3875 183.903 8.15148
13215 -7.1703 183.803 8.38999
13216 -3.5519 193.759 10.6803
13217 -3.1094 193.55 11.1064
13218 -4.0252 193.883 11.1064
13219 -3.5728 193.701 11.5094
13220 -20.005 132.283 19.0565
13221 -20.5678 132.082 18.7782
13222 -19.3277 136.389 14.5039
13223 -18.9916 136.451 14.7655
13224 -20.9373 132.551 19.0565
13225 -19.5794 136.62 14.7655
13226 -20.3743 132.754 19.3497
13227 -19.2425 136.686 15.0307
13228 -17.9901 140.174 12.7682
13229 -18.2506 140.131 12.5457
13230 -12.9011 158.715 9.21919
13231 -12.6607 158.688 9.45419
13232 -18.4485 140.306 12.7682
13233 -13.1191 158.82 9.45419
13234 -18.188 140.348 12.9908
13235 -12.8787 158.792 9.68929
13236 -6.9395 179.425 7.20459
13237 -6.7103 179.359 7.44659
13238 -7.1687 179.491 7.44659
13239 -6.9395 179.425 7.68859
13240 -5.7958 183.398 7.91299
13241 -5.5722 183.312 8.15148
13242 -6.0306 183.444 8.15148
13243 -5.807 183.359 8.38999
13244 -2.8765 193.539 10.6803
13245 -2.4209 193.36 11.1064
13246 -3.3573 193.63 11.1064
13247 -2.8935 193.48 11.5094
13248 -15.0533 131.076 19.0565
13249 -15.6008 130.837 18.7782
13250 -14.6603 135.219 14.5039
13251 -14.3293 135.305 14.7655
13252 -16.0018 131.28 19.0565
13253 -14.9273 135.433 14.7655
13254 -15.4541 131.521 19.3497
13255 -14.5956 135.521 15.0308
13256 -13.5864 139.087 12.7682
13257 -13.8433 139.027 12.5457
13258 -9.7857 157.934 9.21919
13259 -9.544 157.923 9.45419
13260 -14.0527 139.187 12.7682
13261 -10.0104 158.023 9.45419
13262 -13.7958 139.248 12.9907
13263 -9.7687 158.013 9.68929
13264 -5.2638 179.005 7.20459
13265 -5.0306 178.955 7.44659
13266 -5.497 179.055 7.44659
13267 -5.2638 179.005 7.68859
13268 -4.3963 183.047 7.91299
13269 -4.1673 182.977 8.15149
13270 -4.6337 183.077 8.15149
13271 -4.4048 183.007 8.38999
13272 -2.1819 193.365 10.6803
13273 -1.7151 193.218 11.1064
13274 -2.6678 193.423 11.1064
13275 -2.1948 193.305 11.5094
13276 -9.9792 130.209 19.0565
13277 -10.5087 129.932 18.7782
13278 -9.8752 134.369 14.504
13279 -9.5509 134.477 14.7655
13280 -10.9396 130.346 19.0565
13281 -10.1564 134.564 14.7655
13282 -10.4099 130.624 19.3497
13283 -9.8316 134.674 15.0308
13284 -9.0728 138.302 12.7682
13285 -9.3249 138.224 12.5456
13286 -6.5917 157.366 9.21919
13287 -6.3499 157.373 9.45419
13288 -9.545 138.369 12.7682
13289 -6.8221 157.44 9.45419
13290 -9.2929 138.448 12.9907
13291 -6.5803 157.446 9.68929
13292 -3.5458 178.699 7.20459
13293 -3.3097 178.666 7.44659
13294 -3.7819 178.733 7.44659
13295 -3.5458 178.699 7.68859
13296 -2.9614 182.792 7.91299
13297 -2.7282 182.738 8.15149
13298 -3.2004 182.806 8.15149
13299 -2.9672 182.752 8.38999
13300 -1.4698 193.238 10.6803
13301 -0.9939 193.124 11.1064
13302 -1.9585 193.262 11.1064
13303 -1.4785 193.177 11.5094
13304 -4.7954 129.693 19.0565
13305 -5.3042 129.38 18.7782
13306 -4.9844 133.85 14.504
13307 -4.6685 133.981 14.7656
13308 -5.7631 129.763 19.0565
13309 -5.2786 134.024 14.7656
13310 -5.2543 130.077 19.3497
13311 -4.9624 134.158 15.0308
13312 -4.4607 137.83 12.7682
13313 -4.7067 137.734 12.5456
13314 -3.3272 157.02 9.21919
13315 -3.0864 157.043 9.45419
13316 -4.9365 137.864 12.7682
13317 -3.5622 157.077 9.45419
13318 -4.6905 137.96 12.9907
13319 -3.3214 157.101 9.68929
13320 -1.7898 178.513 7.20459
13321 -1.5519 178.496 7.44659
13322 -2.0277 178.53 7.44659
13323 -1.7898 178.513 7.68859
13324 -1.4948 182.636 7.91299
13325 -1.2584 182.599 8.15149
13326 -1.7342 182.633 8.15149
13327 -1.4977 182.596 8.38999
13328 -0.7419 193.161 10.6803
13329 -0.2592 193.081 11.1064
13330 -1.2311 193.15 11.1064
13331 -0.7463 193.1 11.5094
13332 0.4851 129.542 19.0565
13333 0 129.193 18.7782
13334 0 133.675 14.5041
13335 0.3058 133.827 14.7656
13336 -0.4851 129.542 19.0565
13337 -0.3058 133.827 14.7656
13338 0 129.892 19.3497
13339 0 133.983 15.0309
13340 0.2385 137.681 12.7681
13341 0 137.568 12.5456
13342 0 156.903 9.21919
13343 0.2385 156.943 9.45419
13344 -0.2385 137.681 12.7681
13345 -0.2385 156.943 9.45419
13346 0 137.794 12.9907
13347 0 156.984 9.68929
13348 0 178.45 7.20459
13349 0.2385 178.45 7.44659
13350 -0.2385 178.45 7.44659
13351 0 178.45 7.68859
13352 0 182.584 7.91299
13353 0.2385 182.564 8.15149
13354 -0.2385 182.564 8.15149
13355 0 182.543 8.38999
13356 0 193.135 10.6803
13357 0.4872 193.089 11.1064
13358 -0.4872 193.089 11.1064
13359 0 193.073 11.5094
13360 5.7631 129.763 19.0565
13361 5.3042 129.38 18.7782
13362 4.9844 133.85 14.504
13363 5.2786 134.024 14.7656
13364 4.7954 129.693 19.0565
13365 4.6685 133.981 14.7656
13366 5.2543 130.077 19.3497
13367 4.9624 134.158 15.0308
13368 4.9365 137.864 12.7682
13369 4.7067 137.734 12.5456
13370 3.3272 157.02 9.21919
13371 3.5622 157.077 9.45419
13372 4.4607 137.83 12.7682
13373 3.0864 157.043 9.45419
13374 4.6905 137.96 12.9907
13375 3.3214 157.101 9.68929
13376 1.7898 178.513 7.20459
13377 2.0277 178.53 7.44659
13378 1.5519 178.496 7.44659
13379 1.7898 178.513 7.68859
13380 1.4949 182.636 7.91299
13381 1.7342 182.633 8.15149
13382 1.2584 182.599 8.15149
13383 1.4977 182.596 8.38999
13384 0.7419 193.161 10.6803
13385 1.2311 193.15 11.1064
13386 0.2592 193.081 11.1064
13387 0.7463 193.1 11.5094
13388 10.9396 130.346 19.0565
13389 10.5087 129.932 18.7782
13390 9.8752 134.369 14.504
13391 10.1564 134.564 14.7655
13392 9.9792 130.209 19.0565
13393 9.5509 134.477 14.7655
13394 10.4099 130.624 19.3497
13395 9.8316 134.674 15.0308
13396 9.545 138.369 12.7682
13397 9.3249 138.224 12.5456
13398 6.5917 157.366 9.21919
13399 6.8221 157.44 9.45419
13400 9.0728 138.302 12.7682
13401 6.3499 157.373 9.45419
13402 9.2929 138.448 12.9907
13403 6.5803 157.446 9.68929
13404 3.5458 178.699 7.20459
13405 3.7819 178.733 7.44659
13406 3.3097 178.666 7.44659
13407 3.5458 178.699 7.68859
13408 2.9614 182.792 7.91299
13409 3.2004 182.806 8.15149
13410 2.7282 182.738 8.15149
13411 2.9672 182.752 8.38999
13412 1.4698 193.238 10.6803
13413 1.9585 193.262 11.1064
13414 0.9939 193.124 11.1064
13415 1.4785 193.177 11.5094
13416 16.0018 131.28 19.0565
13417 15.6008 130.837 18.7782
13418 14.6603 135.219 14.5039
13419 14.9273 135.433 14.7655
13420 15.0533 131.076 19.0565
13421 14.3293 135.305 14.7655
13422 15.4541 131.521 19.3497
13423 14.5956 135.521 15.0308
13424 14.0527 139.187 12.7682
13425 13.8433 139.027 12.5457
13426 9.7857 157.934 9.21919
13427 10.0104 158.023 9.45419
13428 13.5864 139.087 12.7682
13429 9.544 157.923 9.45419
13430 13.7958 139.248 12.9907
13431 9.7687 158.013 9.68929
13432 5.2638 179.005 7.20459
13433 5.497 179.055 7.44659
13434 5.0306 178.955 7.44659
13435 5.2638 179.005 7.68859
13436 4.3963 183.047 7.91299
13437 4.6337 183.077 8.15149
13438 4.1673 182.977 8.15149
13439 4.4048 183.007 8.38999
13440 2.1819 193.365 10.6803
13441 2.6678 193.423 11.1064
13442 1.7151 193.218 11.1064
13443 2.1948 193.305 11.5094
13444 20.9373 132.551 19.0565
13445 20.5677 132.082 18.7782
13446 19.3277 136.389 14.5039
13447 19.5794 136.62 14.7655
13448 20.005 132.283 19.0565
13449 18.9916 136.451 14.7655
13450 20.3743 132.754 19.3497
13451 19.2425 136.686 15.0307
13452 18.4485 140.306 12.7682
13453 18.2506 140.131 12.5457
13454 12.9011 158.715 9.21919
13455 13.1191 158.82 9.45419
13456 17.9901 140.174 12.7682
13457 12.6607 158.688 9.45419
13458 18.188 140.348 12.9908
13459 12.8787 158.792 9.68929
13460 6.9395 179.425 7.20459
13461 7.1687 179.491 7.44659
13462 6.7103 179.359 7.44659
13463 6.9395 179.425 7.68859
13464 5.7958 183.398 7.91299
13465 6.0306 183.444 8.15148
13466 5.5722 183.312 8.15148
13467 5.807 183.359 8.38999
13468 2.8765 193.539 10.6803
13469 3.3573 193.63 11.1064
13470 2.4209 193.36 11.1064
13471 2.8935 193.48 11.5094
13472 25.7334 134.148 19.0565
13473 25.3968 133.654 18.7782
13474 23.8656 137.867 14.5039
13475 24.1009 138.115 14.7655
13476 24.8216 133.816 19.0565
13477 23.5261 137.906 14.7655
13478 25.1579 134.311 19.3497
13479 23.7603 138.156 15.0308
13480 22.7211 141.714 12.7682
13481 22.5356 141.526 12.5457
13482 15.9301 159.701 9.21919
13483 16.1404 159.82 9.45419
13484 22.2728 141.551 12.7682
13485 15.6921 159.657 9.45419
13486 22.4583 141.739 12.9907
13487 15.9024 159.777 9.68929
13488 8.5687 179.955 7.20459
13489 8.7928 180.036 7.44659
13490 8.3445 179.874 7.44659
13491 8.5686 179.955 7.68859
13492 7.1564 183.841 7.91299
13493 7.3875 183.903 8.15148
13494 6.9392 183.74 8.15148
13495 7.1703 183.803 8.38999
13496 3.5519 193.759 10.6803
13497 4.0252 193.883 11.1064
13498 3.1094 193.55 11.1064
13499 3.5728 193.701 11.5094
13500 30.3777 136.056 19.0565
13501 30.0754 135.541 18.7782
13502 28.2621 139.64 14.504
13503 28.48 139.903 14.7655
13504 29.4905 135.664 19.0565
13505 27.9207 139.656 14.7655
13506 29.7924 136.18 19.3497
13507 28.1374 139.922 15.0308
13508 26.8593 143.401 12.7682
13509 26.687 143.201 12.5456
13510 18.8646 160.884 9.21919
13511 19.0663 161.018 9.45419
13512 26.4231 143.208 12.7682
13513 18.6301 160.825 9.45419
13514 26.5954 143.408 12.9907
13515 18.8319 160.958 9.68929
13516 10.1471 180.592 7.20459
13517 10.3652 180.688 7.44659
13518 9.9289 180.495 7.44659
13519 10.147 180.592 7.68859
13520 8.4747 184.372 7.91299
13521 8.701 184.45 8.15148
13522 8.2648 184.257 8.15148
13523 8.4911 184.335 8.38999
13524 4.2061 194.023 10.6803
13525 4.67 194.178 11.1064
13526 3.7789 193.784 11.1064
13527 4.231 193.966 11.5094
13528 34.8576 138.265 19.0565
13529 34.5907 137.73 18.7782
13530 32.5053 141.697 14.504
13531 32.7049 141.974 14.7656
13532 33.9988 137.813 19.0565
13533 32.1635 141.69 14.7656
13534 34.2652 138.349 19.3497
13535 32.3618 141.97 15.0309
13536 30.852 145.354 12.7682
13537 30.6935 145.143 12.5456
13538 21.6968 162.257 9.21919
13539 21.8891 162.404 9.45419
13540 30.4298 145.132 12.7682
13541 21.4669 162.182 9.45419
13542 30.5882 145.344 12.9907
13543 21.6592 162.329 9.68929
13544 11.6705 181.33 7.20459
13545 11.8815 181.441 7.44659
13546 11.4593 181.219 7.44659
13547 11.6704 181.33 7.68859
13548 9.747 184.989 7.91299
13549 9.9676 185.082 8.15148
13550 9.5454 184.86 8.15148
13551 9.7659 184.953 8.38999
13552 4.8376 194.329 10.6803
13553 5.2899 194.515 11.1064
13554 4.4274 194.062 11.1064
13555 4.8662 194.274 11.5094
13556 39.1605 140.76 19.0565
13557 38.9302 140.208 18.7783
13558 36.5832 144.026 14.5041
13559 36.7637 144.316 14.7657
13560 38.3341 140.252 19.0565
13561 36.2427 143.996 14.7657
13562 38.5639 140.804 19.3497
13563 36.4217 144.288 15.0309
13564 34.6879 147.564 12.7681
13565 34.544 147.343 12.5456
13566 24.4187 163.812 9.21919
13567 24.6007 163.971 9.45419
13568 34.2816 147.314 12.7681
13569 24.1944 163.722 9.45419
13570 34.4255 147.536 12.9907
13571 24.3764 163.881 9.68929
13572 13.1346 182.166 7.20459
13573 13.3377 182.291 7.44659
13574 12.9314 182.042 7.44659
13575 13.1345 182.167 7.68859
13576 10.9698 185.688 7.91299
13577 11.1836 185.795 8.15148
13578 10.7773 185.546 8.15148
13579 10.9911 185.653 8.38999
13580 5.4445 194.675 10.6803
13581 5.8833 194.892 11.1064
13582 5.0531 194.382 11.1064
13583 5.4767 194.623 11.5094
13584 43.2741 143.529 19.0565
13585 43.0813 142.964 18.7783
13586 40.484 146.615 14.5042
13587 40.6447 146.917 14.7657
13588 42.4836 142.967 19.0565
13589 40.1463 146.562 14.7657
13590 42.6758 143.534 19.3497
13591 40.3053 146.866 15.031
13592 38.356 150.018 12.7681
13593 38.2273 149.788 12.5456
13594 27.0225 165.54 9.21919
13595 27.1934 165.712 9.45419
13596 37.9673 149.742 12.7681
13597 26.8047 165.435 9.45419
13598 38.0961 149.972 12.9906
13599 26.9756 165.606 9.68929
13600 14.5352 183.096 7.20459
13601 14.7295 183.234 7.44659
13602 14.3408 182.958 7.44659
13603 14.5351 183.096 7.68859
13604 12.1396 186.464 7.91299
13605 12.3457 186.586 8.15148
13606 11.957 186.309 8.15148
13607 12.1631 186.431 8.38999
13608 6.025 195.061 10.6803
13609 6.4483 195.306 11.1064
13610 5.6543 194.741 11.1064
13611 6.0606 195.011 11.5094
13612 47.1858 146.56 19.0565
13613 47.0313 145.983 18.7783
13614 44.1959 149.452 14.5042
13615 44.3361 149.764 14.7658
13616 46.4346 145.947 19.0565
13617 43.8625 149.377 14.7658
13618 46.5886 146.525 19.3497
13619 44.0007 149.691 15.0311
13620 41.8452 152.706 12.7681
13621 41.7321 152.467 12.5455
13622 29.5001 167.434 9.21919
13623 29.6592 167.617 9.45419
13624 41.4758 152.404 12.7681
13625 29.2898 167.315 9.45419
13626 41.5889 152.642 12.9906
13627 29.4489 167.497 9.68929
13628 15.8679 184.115 7.20459
13629 16.0525 184.266 7.44659
13630 15.6832 183.964 7.44659
13631 15.8678 184.115 7.68859
13632 13.2527 187.315 7.91299
13633 13.4502 187.45 8.15148
13634 13.0808 187.148 8.15148
13635 13.2783 187.284 8.38999
13636 6.5775 195.483 10.6803
13637 6.9834 195.756 11.1064
13638 6.2289 195.14 11.1064
13639 6.6164 195.435 11.5094
13640 50.8832 149.84 19.0565
13641 50.7675 149.254 18.7783
13642 47.7069 152.526 14.5043
13643 47.826 152.847 14.7658
13644 50.1747 149.178 19.0565
13645 47.3793 152.429 14.7658
13646 50.2896 149.765 19.3497
13647 47.4963 152.751 15.0311
13648 45.1442 155.615 12.7681
13649 45.0474 155.37 12.5455
13650 31.8437 169.486 9.21919
13651 31.9903 169.679 9.45419
13652 44.7959 155.289 12.7681
13653 31.6419 169.353 9.45419
13654 44.8927 155.535 12.9906
13655 31.7885 169.545 9.68929
13656 17.1286 185.219 7.20459
13657 17.3027 185.381 7.44659
13658 16.9544 185.056 7.44659
13659 17.1285 185.219 7.68859
13660 14.3056 188.237 7.91299
13661 14.4936 188.385 8.15148
13662 14.1452 188.059 8.15148
13663 14.3333 188.207 8.38999
13664 7.1 195.941 10.6803
13665 7.4868 196.24 11.1064
13666 6.7751 195.575 11.1064
13667 7.142 195.896 11.5094
13668 54.3537 153.357 19.0565
13669 54.2775 152.764 18.7783
13670 51.0053 155.824 14.5043
13671 51.1027 156.152 14.7658
13672 53.691 152.648 19.0565
13673 50.6849 155.706 14.7658
13674 53.7665 153.242 19.3497
13675 50.7801 156.035 15.0311
13676 48.2421 158.736 12.7681
13677 48.1618 158.484 12.5455
13678 34.0454 171.688 9.21919
13679 34.1788 171.89 9.45419
13680 47.9163 158.387 12.7681
13681 33.8529 171.541 9.45419
13682 47.9965 158.639 12.9906
13683 33.9863 171.743 9.68929
13684 18.3129 186.403 7.20459
13685 18.4758 186.577 7.44659
13686 18.1499 186.229 7.44659
13687 18.3128 186.403 7.68859
13688 15.2947 189.226 7.91299
13689 15.4724 189.386 8.15148
13690 15.1466 189.038 8.15148
13691 15.3243 189.198 8.38999
13692 7.5909 196.431 10.6803
13693 7.9569 196.756 11.1064
13694 7.2912 196.045 11.1064
13695 7.6358 196.389 11.5094
13696 57.585 157.097 19.0565
13697 57.5485 156.5 18.7783
13698 54.0791 159.336 14.5042
13699 54.1544 159.669 14.7658
13700 56.9711 156.346 19.0565
13701 53.7673 159.195 14.7658
13702 57.0068 156.943 19.3497
13703 53.8403 159.531 15.0311
13704 51.1277 162.056 12.7681
13705 51.0644 161.799 12.5455
13706 36.0972 174.031 9.21919
13707 36.2168 174.242 9.45419
13708 50.8258 161.686 12.7681
13709 35.9149 173.872 9.45419
13710 50.8891 161.943 12.9906
13711 36.0345 174.083 9.68929
13712 19.4166 187.663 7.20459
13713 19.5675 187.848 7.44659
13714 19.2656 187.479 7.44659
13715 19.4165 187.664 7.68859
13716 16.2165 190.279 7.91299
13717 16.3831 190.451 8.15148
13718 16.0813 190.081 8.15148
13719 16.2479 190.253 8.38999
13720 8.0484 196.954 10.6803
13721 8.3918 197.303 11.1064
13722 7.7752 196.548 11.1064
13723 8.096 196.915 11.5094
13724 60.5645 161.048 19.0565
13725 60.5679 160.45 18.7783
13726 56.9165 163.047 14.5042
13727 56.9693 163.385 14.7657
13728 60.0022 160.257 19.0565
13729 56.6148 162.887 14.7657
13730 59.9979 160.856 19.3497
13731 56.6652 163.226 15.031
13732 53.7898 165.564 12.7681
13733 53.7438 165.304 12.5456
13734 37.9911 176.509 9.21919
13735 38.0964 176.727 9.45419
13736 53.5133 165.175 12.7681
13737 37.8199 176.338 9.45419
13738 53.5593 165.435 12.9906
13739 37.9252 176.556 9.68929
13740 20.4354 188.996 7.20459
13741 20.5736 189.191 7.44659
13742 20.2971 188.802 7.44659
13743 20.4353 188.996 7.68859
13744 17.0674 191.392 7.91299
13745 17.2221 191.574 8.15148
13746 16.9457 191.186 8.15148
13747 17.1004 191.368 8.38999
13748 8.4708 197.506 10.6803
13749 8.7901 197.877 11.1064
13750 8.2253 197.083 11.1064
13751 8.5208 197.471 11.5094
13752 63.2797 165.197 19.0565
13753 63.3232 164.601 18.7783
13754 59.5056 166.948 14.5041
13755 59.5357 167.289 14.7657
13756 62.7716 164.371 19.0565
13757 59.2154 166.768 14.7657
13758 62.7273 164.968 19.3497
13759 59.243 167.11 15.0309
13760 56.2173 169.25 12.7681
13761 56.1888 168.988 12.5456
13762 39.7194 179.113 9.21919
13763 39.8099 179.337 9.45419
13764 55.9675 168.844 12.7681
13765 39.5601 178.931 9.45419
13766 55.996 169.106 12.9907
13767 39.6505 179.155 9.68929
13768 21.3651 190.397 7.20459
13769 21.4899 190.6 7.44659
13770 21.2401 190.194 7.44659
13771 21.3649 190.397 7.68859
13772 17.8438 192.562 7.91299
13773 17.986 192.754 8.15148
13774 17.7362 192.348 8.15148
13775 17.8784 192.54 8.38999
13776 8.8561 198.087 10.6803
13777 9.1499 198.478 11.1064
13778 8.6396 197.648 11.1064
13779 8.9085 198.055 11.5094
13780 65.7183 169.533 19.0565
13781 65.8017 168.941 18.7782
13782 61.8346 171.026 14.5041
13783 61.8418 171.368 14.7656
13784 65.2668 168.674 19.0565
13785 61.5572 170.827 14.7656
13786 65.1825 169.266 19.3497
13787 61.5617 171.17 15.0309
13788 58.399 173.102 12.7682
13789 58.3882 172.838 12.5456
13790 41.2741 181.835 9.21919
13791 41.3492 182.065 9.45419
13792 58.1771 172.68 12.7682
13793 41.1273 181.642 9.45419
13794 58.1879 172.943 12.9907
13795 41.2025 181.872 9.68929
13796 22.2013 191.861 7.20459
13797 22.3122 192.072 7.44659
13798 22.0903 191.65 7.44659
13799 22.2012 191.861 7.68859
13800 18.5422 193.784 7.91298
13801 18.6712 193.986 8.15148
13802 18.4492 193.564 8.15148
13803 18.5781 193.766 8.38999
13804 9.2028 198.694 10.6803
13805 9.4696 199.104 11.1064
13806 9.0162 198.242 11.1064
13807 9.2572 198.665 11.5094
13808 67.8676 174.041 19.0565
13809 67.9907 173.456 18.7782
13810 63.8916 175.269 14.504
13811 63.8758 175.611 14.7655
13812 67.4751 173.154 19.0565
13813 63.6283 175.051 14.7655
13814 67.351 173.739 19.3497
13815 63.6097 175.394 15.0308
13816 60.3238 177.108 12.7682
13817 60.3308 176.844 12.5456
13818 42.6471 184.667 9.21919
13819 42.7066 184.901 9.45419
13820 60.1308 176.672 12.7682
13821 42.5137 184.465 9.45419
13822 60.1239 176.936 12.9907
13823 42.5732 184.7 9.68928
13824 22.9399 193.384 7.20458
13825 23.0363 193.602 7.44658
13826 22.8433 193.166 7.44658
13827 22.9397 193.384 7.68858
13828 19.1591 195.057 7.91298
13829 19.2741 195.267 8.15148
13830 19.0811 194.83 8.15148
13831 19.1962 195.04 8.38999
13832 9.5089 199.325 10.6803
13833 9.7475 199.753 11.1064
13834 9.3533 198.861 11.1064
13835 9.5651 199.301 11.5094
13836 69.7151 178.71 19.0565
13837 69.8776 178.135 18.7782
13838 65.6648 179.666 14.5039
13839 65.6258 180.005 14.7655
13840 69.3837 177.798 19.0565
13841 65.4169 179.43 14.7655
13842 69.2203 178.374 19.3497
13843 65.3751 179.771 15.0308
13844 61.9804 181.259 12.7682
13845 62.0053 180.996 12.5457
13846 43.8307 187.601 9.21919
13847 43.8742 187.839 9.45419
13848 61.8175 180.81 12.7682
13849 43.7112 187.391 9.45419
13850 61.7926 181.073 12.9907
13851 43.7547 187.629 9.68928
13852 23.5765 194.963 7.20458
13853 23.6579 195.187 7.44658
13854 23.4949 194.739 7.44658
13855 23.5763 194.963 7.68858
13856 19.6907 196.375 7.91298
13857 19.7913 196.592 8.15148
13858 19.6283 196.144 8.15148
13859 19.7289 196.361 8.38998
13860 9.7728 199.98 10.6803
13861 9.9818 200.422 11.1064
13862 9.649 199.506 11.1064
13863 9.8306 199.959 11.5094
13864 71.2485 183.527 19.0565
13865 71.4499 182.964 18.7782
13866 67.1422 184.204 14.5039
13867 67.0801 184.54 14.7655
13868 70.9801 182.594 19.0565
13869 66.9109 183.952 14.7655
13870 70.7777 183.157 19.3497
13871 66.846 184.289 15.0308
13872 63.3577 185.541 12.7682
13873 63.4004 185.281 12.5457
13874 44.8168 190.63 9.21919
13875 44.844 190.871 9.45419
13876 63.2257 185.083 12.7682
13877 44.712 190.412 9.45419
13878 63.183 185.343 12.9908
13879 44.7391 190.653 9.68928
13880 24.1069 196.592 7.20458
13881 24.1728 196.821 7.44658
13882 24.0408 196.363 7.44658
13883 24.1067 196.592 7.68858
13884 20.1338 197.736 7.91298
13885 20.2192 197.959 8.15148
13886 20.0873 197.501 8.15148
13887 20.1727 197.725 8.38998
13888 9.9927 200.655 10.6803
13889 10.171 201.111 11.1064
13890 9.9015 200.174 11.1064
13891 10.0518 200.638 11.5094
13892 72.4551 188.478 19.0565
13893 72.6947 187.931 18.7782
13894 68.312 188.871 14.5039
13895 68.2269 189.202 14.7655
13896 72.2515 187.53 19.0565
13897 68.0986 188.604 14.7655
13898 72.0108 188.077 19.3497
13899 68.0106 188.936 15.0308
13900 64.4444 189.945 12.7682
13901 64.505 189.688 12.5457
13902 45.5976 193.746 9.21919
13903 45.6082 193.988 9.45419
13904 64.3443 189.479 12.7682
13905 45.5081 193.521 9.45419
13906 64.2837 189.736 12.9908
13907 45.5186 193.763 9.68928
13908 24.5269 198.268 7.20458
13909 24.5768 198.501 7.44658
13910 24.4767 198.035 7.44658
13911 24.5267 198.268 7.68858
13912 20.4845 199.135 7.91298
13913 20.5544 199.364 8.15148
13914 20.4543 198.898 8.15148
13915 20.5242 199.127 8.38998
13916 10.1668 201.35 10.6803
13917 10.3133 201.816 11.1064
13918 10.1088 200.864 11.1064
13919 10.2269 201.337 11.5094
13920 73.3224 193.552 19.0565
13921 73.5995 193.023 18.7782
13922 69.1623 193.656 14.504
13923 69.0544 193.981 14.7655
13924 73.1853 192.592 19.0565
13925 68.968 193.375 14.7655
13926 72.9071 193.122 19.3497
13927 68.8571 193.7 15.0308
13928 65.2294 194.459 12.7682
13929 65.3077 194.207 12.5457
13930 46.1652 196.94 9.21918
13931 46.1589 197.182 9.45419
13932 65.162 193.986 12.7682
13933 46.0914 196.709 9.45419
13934 65.0837 194.239 12.9907
13935 46.0851 196.951 9.68928
13936 24.8321 199.986 7.20458
13937 24.8658 200.222 7.44658
13938 24.7983 199.749 7.44658
13939 24.832 199.986 7.68858
13940 20.7395 200.57 7.91298
13941 20.7932 200.803 8.15148
13942 20.7258 200.331 8.15148
13943 20.7796 200.564 8.38998
13944 10.2933 202.062 10.6803
13945 10.407 202.538 11.1064
13946 10.2693 201.573 11.1064
13947 10.3542 202.053 11.5094
13948 73.838 198.736 19.0565
13949 74.1517 198.227 18.7782
13950 69.6812 198.547 14.504
13951 69.5508 198.863 14.7656
13952 73.7688 197.768 19.0565
13953 69.5072 198.253 14.7656
13954 73.454 198.277 19.3497
13955 69.3737 198.569 15.0309
13956 65.7017 199.071 12.7682
13957 65.7975 198.825 12.5456
13958 46.5115 200.204 9.21918
13959 46.4882 200.445 9.45419
13960 65.6677 198.595 12.7682
13961 46.4542 199.969 9.45419
13962 65.5718 198.841 12.9907
13963 46.4308 200.21 9.68928
13964 25.0184 201.742 7.20458
13965 25.0353 201.98 7.44658
13966 25.0013 201.504 7.44658
13967 25.0183 201.742 7.68858
13968 20.895 202.037 7.91298
13969 20.9323 202.273 8.15148
13970 20.8982 201.797 8.15148
13971 20.9355 202.034 8.38998
13972 10.3705 202.79 10.6803
13973 10.4505 203.272 11.1064
13974 10.3809 202.3 11.1064
13975 10.4318 202.785 11.5094
13976 67.5729 208.365 13.1334
13977 68.2752 208.415 13.1334
13978 68.4472 203.531 13.1334
13979 67.7431 203.531 13.1334
13980 68.2752 208.415 13.8438
13981 68.4472 203.531 13.8438
13982 67.5729 208.365 13.8438
13983 67.7431 203.531 13.8438
13984 68.2752 198.648 13.1334
13985 67.5729 198.697 13.1334
13986 68.2752 198.648 13.8438
13987 67.5729 198.697 13.8438
13988 67.7668 193.856 13.1334
13989 67.0697 193.955 13.1334
13990 67.7668 193.856 13.8438
13991 67.0697 193.955 13.8438
13992 66.9337 189.167 13.1334
13993 66.2452 189.314 13.1334
13994 66.9337 189.167 13.8438
13995 66.2452 189.314 13.8438
13996 65.7874 184.594 13.1334
13997 65.1109 184.788 13.1334
13998 65.7874 184.594 13.8438
13999 65.1109 184.788 13.8438
14000 64.3398 180.147 13.1334
14001 63.6782 180.388 13.1334
14002 64.3398 180.147 13.8438
14003 63.6782 180.388 13.8438
14004 62.6023 175.839 13.1334
14005 61.9587 176.125 13.1334
14006 62.6023 175.839 13.8438
14007 61.9587 176.125 13.8438
14008 60.5867 171.682 13.1334
14009 59.9639 172.01 13.1334
14010 60.5867 171.682 13.8438
14011 59.9639 172.01 13.8438
14012 58.3046 167.686 13.1334
14013 57.7053 168.056 13.1334
14014 58.3046 167.686 13.8438
14015 57.7053 168.056 13.8438
14016 55.7676 163.864 13.1334
14017 55.1944 164.273 13.1334
14018 55.7676 163.864 13.8438
14019 55.1944 164.273 13.8438
14020 52.9875 160.227 13.1334
14021 52.4427 160.673 13.1334
14022 52.9875 160.227 13.8438
14023 52.4427 160.673 13.8438
14024 49.9758 156.787 13.1334
14025 49.4618 157.268 13.1334
14026 49.9758 156.787 13.8438
14027 49.4618 157.268 13.8438
14028 46.7442 153.556 13.1334
14029 46.2631 154.07 13.1334
14030 46.7442 153.556 13.8438
14031 46.2631 154.07 13.8438
14032 43.3041 150.544 13.1334
14033 42.8582 151.089 13.1334
14034 43.3041 150.544 13.8438
14035 42.8582 151.089 13.8438
14036 39.6673 147.764 13.1334
14037 39.2586 148.337 13.1334
14038 39.6673 147.764 13.8438
14039 39.2586 148.337 13.8438
14040 35.8453 145.227 13.1334
14041 35.4758 145.826 13.1334
14042 35.8453 145.227 13.8438
14043 35.4758 145.826 13.8438
14044 31.8497 142.945 13.1334
14045 31.5213 143.568 13.1334
14046 31.8497 142.945 13.8438
14047 31.5213 143.568 13.8438
14048 27.6921 140.929 13.1334
14049 27.4067 141.573 13.1334
14050 27.6921 140.929 13.8438
14051 27.4067 141.573 13.8438
14052 23.3842 139.192 13.1334
14053 23.1434 139.853 13.1334
14054 23.3842 139.192 13.8438
14055 23.1434 139.853 13.8438
14056 18.9377 137.744 13.1334
14057 18.743 138.421 13.1334
14058 18.9377 137.744 13.8438
14059 18.743 138.421 13.8438
14060 14.3643 136.598 13.1334
14061 14.217 137.286 13.1334
14062 14.3643 136.598 13.8438
14063 14.217 137.286 13.8438
14064 9.6756 135.765 13.1334
14065 9.5768 136.462 13.1334
14066 9.6756 135.765 13.8438
14067 9.5768 136.462 13.8438
14068 4.8835 135.256 13.1334
14069 4.834 135.959 13.1334
14070 4.8835 135.256 13.8438
14071 4.834 135.959 13.8438
14072 0 135.084 13.1334
14073 0 135.788 13.1334
14074 0 135.084 13.8438
14075 0 135.788 13.8438
14076 -4.8835 135.256 13.1334
14077 -4.834 135.959 13.1334
14078 -4.8835 135.256 13.8438
14079 -4.834 135.959 13.8438
14080 -9.6756 135.765 13.1334
14081 -9.5768 136.462 13.1334
14082 -9.6756 135.765 13.8438
14083 -9.5768 136.462 13.8438
14084 -14.3642 136.598 13.1334
14085 -14.217 137.286 13.1334
14086 -14.3642 136.598 13.8438
14087 -14.217 137.286 13.8438
14088 -18.9377 137.744 13.1334
14089 -18.743 138.421 13.1334
14090 -18.9377 137.744 13.8438
14091 -18.743 138.421 13.8438
14092 -23.3842 139.192 13.1334
14093 -23.1434 139.853 13.1334
14094 -23.3842 139.192 13.8438
14095 -23.1434 139.853 13.8438
14096 -27.6921 140.929 13.1334
14097 -27.4067 141.573 13.1334
14098 -27.6921 140.929 13.8438
14099 -27.4067 141.573 13.8438
14100 -31.8497 142.945 13.1334
14101 -31.5213 143.568 13.1334
14102 -31.8497 142.945 13.8438
14103 -31.5213 143.568 13.8438
14104 -35.8453 145.227 13.1334
14105 -35.4758 145.826 13.1334
14106 -35.8453 145.227 13.8438
14107 -35.4758 145.826 13.8438
14108 -39.6673 147.764 13.1334
14109 -39.2586 148.337 13.1334
14110 -39.6673 147.764 13.8438
14111 -39.2586 148.337 13.8438
14112 -43.3041 150.544 13.1334
14113 -42.8582 151.089 13.1334
14114 -43.3041 150.544 13.8438
14115 -42.8582 151.089 13.8438
14116 -46.7441 153.556 13.1334
14117 -46.2631 154.07 13.1334
14118 -46.7441 153.556 13.8438
14119 -46.2631 154.07 13.8438
14120 -49.9758 156.787 13.1334
14121 -49.4618 157.268 13.1334
14122 -49.9758 156.787 13.8438
14123 -49.4618 157.268 13.8438
14124 -52.9875 160.227 13.1334
14125 -52.4427 160.673 13.1334
14126 -52.9875 160.227 13.8438
14127 -52.4427 160.673 13.8438
14128 -55.7676 163.864 13.1334
14129 -55.1944 164.273 13.1334
14130 -55.7676 163.864 13.8438
14131 -55.1944 164.273 13.8438
14132 -58.3045 167.686 13.1334
14133 -57.7053 168.056 13.1334
14134 -58.3045 167.686 13.8438
14135 -57.7053 168.056 13.8438
14136 -60.5866 171.682 13.1334
14137 -59.9639 172.01 13.1334
14138 -60.5866 171.682 13.8438
14139 -59.9639 172.01 13.8438
14140 -62.6023 175.839 13.1334
14141 -61.9587 176.125 13.1334
14142 -62.6023 175.839 13.8438
14143 -61.9587 176.125 13.8438
14144 -64.3398 180.147 13.1334
14145 -63.6782 180.388 13.1334
14146 -64.3398 180.147 13.8438
14147 -63.6782 180.388 13.8438
14148 -65.7874 184.594 13.1334
14149 -65.1109 184.788 13.1334
14150 -65.7874 184.594 13.8438
14151 -65.1109 184.788 13.8438
14152 -66.9337 189.167 13.1334
14153 -66.2452 189.314 13.1334
14154 -66.9337 189.167 13.8438
14155 -66.2452 189.314 13.8438
14156 -67.7668 193.856 13.1334
14157 -67.0697 193.955 13.1334
14158 -67.7668 193.856 13.8438
14159 -67.0697 193.955 13.8438
14160 -68.2752 198.648 13.1334
14161 -67.5729 198.697 13.1334
14162 -68.2752 198.648 13.8438
14163 -67.5729 198.697 13.8438
14164 -68.4472 203.531 13.1334
14165 -67.7431 203.531 13.1334
14166 -68.4472 203.531 13.8438
14167 -67.7431 203.531 13.8438
14168 -68.2752 208.415 13.1334
14169 -67.5729 208.365 13.1334
14170 -68.2752 208.415 13.8438
14171 -67.5729 208.365 13.8438
14172 -67.7668 213.207 13.1334
14173 -67.0697 213.108 13.1334
14174 -67.7668 213.207 13.8438
14175 -67.0697 213.108 13.8438
14176 -66.9337 217.896 13.1334
14177 -66.2452 217.749 13.1334
14178 -66.9337 217.896 13.8438
14179 -66.2452 217.749 13.8438
14180 -65.7874 222.469 13.1334
14181 -65.1109 222.275 13.1334
14182 -65.7874 222.469 13.8438
14183 -65.1109 222.275 13.8438
14184 -64.3398 226.916 13.1334
14185 -63.6782 226.675 13.1334
14186 -64.3398 226.916 13.8438
14187 -63.6782 226.675 13.8438
14188 -62.6023 231.224 13.1334
14189 -61.9587 230.938 13.1334
14190 -62.6023 231.224 13.8438
14191 -61.9587 230.938 13.8438
14192 -60.5866 235.381 13.1334
14193 -59.9639 235.053 13.1334
14194 -60.5866 235.381 13.8438
14195 -59.9639 235.053 13.8438
14196 -58.3046 239.377 13.1334
14197 -57.7053 239.007 13.1334
14198 -58.3046 239.377 13.8438
14199 -57.7053 239.007 13.8438
14200 -55.7676 243.199 13.1334
14201 -55.1944 242.79 13.1334
14202 -55.7676 243.199 13.8438
14203 -55.1944 242.79 13.8438
14204 -52.9875 246.836 13.1334
14205 -52.4427 246.39 13.1334
14206 -52.9875 246.836 13.8438
14207 -52.4427 246.39 13.8438
14208 -49.9758 250.276 13.1334
14209 -49.4618 249.795 13.1334
14210 -49.9758 250.276 13.8438
14211 -49.4618 249.795 13.8438
14212 -46.7442 253.507 13.1334
14213 -46.2631 252.993 13.1334
14214 -46.7442 253.507 13.8438
14215 -46.2631 252.993 13.8438
14216 -43.3041 256.519 13.1334
14217 -42.8582 255.974 13.1334
14218 -43.3041 256.519 13.8438
14219 -42.8582 255.974 13.8438
14220 -39.6673 259.299 13.1334
14221 -39.2586 258.726 13.1334
14222 -39.6673 259.299 13.8438
14223 -39.2586 258.726 13.8438
14224 -35.8453 261.836 13.1334
14225 -35.4758 261.237 13.1334
14226 -35.8453 261.836 13.8438
14227 -35.4758 261.237 13.8438
14228 -31.8497 264.118 13.1334
14229 -31.5213 263.495 13.1334
14230 -31.8497 264.118 13.8438
14231 -31.5213 263.495 13.8438
14232 -27.6921 266.134 13.1334
14233 -27.4067 265.49 13.1334
14234 -27.6921 266.134 13.8438
14235 -27.4067 265.49 13.8438
14236 -23.3842 267.871 13.1334
14237 -23.1434 267.21 13.1334
14238 -23.3842 267.871 13.8438
14239 -23.1434 267.21 13.8438
14240 -18.9377 269.319 13.1334
14241 -18.743 268.642 13.1334
14242 -18.9377 269.319 13.8438
14243 -18.743 268.642 13.8438
14244 -14.3643 270.465 13.1334
14245 -14.217 269.777 13.1334
14246 -14.3643 270.465 13.8438
14247 -14.217 269.777 13.8438
14248 -9.6756 271.298 13.1334
14249 -9.5768 270.601 13.1334
14250 -9.6756 271.298 13.8438
14251 -9.5768 270.601 13.8438
14252 -4.8835 271.807 13.1334
14253 -4.834 271.104 13.1334
14254 -4.8835 271.807 13.8438
14255 -4.834 271.104 13.8438
14256 0 271.979 13.1334
14257 0 271.275 13.1334
14258 0 271.979 13.8438
14259 0 271.275 13.8438
14260 4.8835 271.807 13.1334
14261 4.834 271.104 13.1334
14262 4.8835 271.807 13.8438
14263 4.834 271.104 13.8438
14264 9.6756 271.298 13.1334
14265 9.5768 270.601 13.1334
14266 9.6756 271.298 13.8438
14267 9.5768 270.601 13.8438
14268 14.3642 270.465 13.1334
14269 14.217 269.777 13.1334
14270 14.3642 270.465 13.8438
14271 14.217 269.777 13.8438
14272 18.9377 269.319 13.1334
14273 18.743 268.642 13.1334
14274 18.9377 269.319 13.8438
14275 18.743 268.642 13.8438
14276 23.3842 267.871 13.1334
14277 23.1434 267.21 13.1334
14278 23.3842 267.871 13.8438
14279 23.1434 267.21 13.8438
14280 27.6921 266.134 13.1334
14281 27.4067 265.49 13.1334
14282 27.6921 266.134 13.8438
14283 27.4067 265.49 13.8438
14284 31.8497 264.118 13.1334
14285 31.5213 263.495 13.1334
14286 31.8497 264.118 13.8438
14287 31.5213 263.495 13.8438
14288 35.8453 261.836 13.1334
14289 35.4758 261.237 13.1334
14290 35.8453 261.836 13.8438
14291 35.4758 261.237 13.8438
14292 39.6673 259.299 13.1334
14293 39.2586 258.726 13.1334
14294 39.6673 259.299 13.8438
14295 39.2586 258.726 13.8438
14296 43.3041 256.519 13.1334
14297 42.8582 255.974 13.1334
14298 43.3041 256.519 13.8438
14299 42.8582 255.974 13.8438
14300 46.7441 253.507 13.1334
14301 46.2631 252.993 13.1334
14302 46.7441 253.507 13.8438
14303 46.2631 252.993 13.8438
14304 49.9758 250.276 13.1334
14305 49.4618 249.795 13.1334
14306 49.9758 250.276 13.8438
14307 49.4618 249.795 13.8438
14308 52.9875 246.836 13.1334
14309 52.4427 246.39 13.1334
14310 52.9875 246.836 13.8438
14311 52.4427 246.39 13.8438
14312 55.7676 243.199 13.1334
14313 55.1944 242.79 13.1334
14314 55.7676 243.199 13.8438
14315 55.1944 242.79 13.8438
14316 58.3046 239.377 13.1334
14317 57.7053 239.007 13.1334
14318 58.3046 239.377 13.8438
14319 57.7053 239.007 13.8438
14320 60.5866 235.381 13.1334
14321 59.9639 235.053 13.1334
14322 60.5866 235.381 13.8438
14323 59.9639 235.053 13.8438
14324 62.6023 231.224 13.1334
14325 61.9587 230.938 13.1334
14326 62.6023 231.224 13.8438
14327 61.9587 230.938 13.8438
14328 64.3397 226.916 13.1334
14329 63.6782 226.675 13.1334
14330 64.3397 226.916 13.8438
14331 63.6782 226.675 13.8438
14332 65.7874 222.469 13.1334
14333 65.1109 222.275 13.1334
14334 65.7874 222.469 13.8438
14335 65.1109 222.275 13.8438
14336 66.9337 217.896 13.1334
14337 66.2452 217.749 13.1334
14338 66.9337 217.896 13.8438
14339 66.2452 217.749 13.8438
14340 67.7668 213.207 13.1334
14341 67.0697 213.108 13.1334
14342 67.7668 213.207 13.8438
14343 67.0697 213.108 13.8438
14344 46.12 206.831 9.61579
14345 46.8223 206.88 9.61579
14346 46.9403 203.531 9.61579
14347 46.2363 203.531 9.61579
14348 46.8223 206.88 10.3262
14349 46.9403 203.531 10.3262
14350 46.12 206.831 10.3262
14351 46.2363 203.531 10.3262
14352 46.8223 200.182 9.61579
14353 46.12 200.232 9.61579
14354 46.8223 200.182 10.3262
14355 46.12 200.232 10.3262
14356 46.4737 196.896 9.61579
14357 45.7766 196.995 9.61579
14358 46.4737 196.896 10.3262
14359 45.7766 196.995 10.3262
14360 45.9023 193.681 9.61579
14361 45.2139 193.828 9.61579
14362 45.9023 193.681 10.3262
14363 45.2139 193.828 10.3262
14364 45.1163 190.544 9.61579
14365 44.4397 190.739 9.61579
14366 45.1163 190.544 10.3262
14367 44.4397 190.739 10.3262
14368 44.1235 187.495 9.61579
14369 43.4619 187.736 9.61579
14370 44.1235 187.495 10.3262
14371 43.4619 187.736 10.3262
14372 42.9319 184.54 9.61579
14373 42.2884 184.826 9.61579
14374 42.9319 184.54 10.3262
14375 42.2884 184.826 10.3262
14376 41.5496 181.689 9.61579
14377 40.9269 182.018 9.61579
14378 41.5496 181.689 10.3262
14379 40.9269 182.018 10.3262
14380 39.9846 178.949 9.61579
14381 39.3853 179.319 9.61579
14382 39.9846 178.949 10.3262
14383 39.3853 179.319 10.3262
14384 38.2448 176.328 9.61579
14385 37.6716 176.737 9.61579
14386 38.2448 176.328 10.3262
14387 37.6716 176.737 10.3262
14388 36.3382 173.834 9.61579
14389 35.7934 174.28 9.61579
14390 36.3382 173.834 10.3262
14391 35.7934 174.28 10.3262
14392 34.2728 171.475 9.61579
14393 33.7588 171.956 9.61579
14394 34.2728 171.475 10.3262
14395 33.7588 171.956 10.3262
14396 32.0566 169.259 9.61579
14397 31.5756 169.773 9.61579
14398 32.0566 169.259 10.3262
14399 31.5756 169.773 10.3262
14400 29.6975 167.193 9.61579
14401 29.2516 167.738 9.61579
14402 29.6975 167.193 10.3262
14403 29.2516 167.738 10.3262
14404 27.2034 165.287 9.61579
14405 26.7947 165.86 9.61579
14406 27.2034 165.287 10.3262
14407 26.7947 165.86 10.3262
14408 24.5823 163.547 9.61579
14409 24.2128 164.146 9.61579
14410 24.5823 163.547 10.3262
14411 24.2128 164.146 10.3262
14412 21.8421 161.982 9.61579
14413 21.5138 162.605 9.61579
14414 21.8421 161.982 10.3262
14415 21.5138 162.605 10.3262
14416 18.9909 160.6 9.61579
14417 18.7055 161.243 9.61579
14418 18.9909 160.6 10.3262
14419 18.7055 161.243 10.3262
14420 16.0366 159.408 9.61579
14421 15.7958 160.07 9.61579
14422 16.0366 159.408 10.3262
14423 15.7958 160.07 10.3262
14424 12.9873 158.415 9.61579
14425 12.7926 159.092 9.61579
14426 12.9873 158.415 10.3262
14427 12.7926 159.092 10.3262
14428 9.8508 157.629 9.61579
14429 9.7036 158.318 9.61579
14430 9.8508 157.629 10.3262
14431 9.7036 158.318 10.3262
14432 6.6354 157.058 9.61579
14433 6.5366 157.755 9.61579
14434 6.6354 157.058 10.3262
14435 6.5366 157.755 10.3262
14436 3.3491 156.709 9.61579
14437 3.2995 157.411 9.61579
14438 3.3491 156.709 10.3262
14439 3.2995 157.411 10.3262
14440 0 156.591 9.61579
14441 0 157.295 9.61579
14442 0 156.591 10.3262
14443 0 157.295 10.3262
14444 -3.3491 156.709 9.61579
14445 -3.2995 157.411 9.61579
14446 -3.3491 156.709 10.3262
14447 -3.2995 157.411 10.3262
14448 -6.6354 157.058 9.61579
14449 -6.5366 157.755 9.61579
14450 -6.6354 157.058 10.3262
14451 -6.5366 157.755 10.3262
14452 -9.8508 157.629 9.61579
14453 -9.7036 158.318 9.61579
14454 -9.8508 157.629 10.3262
14455 -9.7036 158.318 10.3262
14456 -12.9873 158.415 9.61579
14457 -12.7926 159.092 9.61579
14458 -12.9873 158.415 10.3262
14459 -12.7926 159.092 10.3262
14460 -16.0366 159.408 9.61579
14461 -15.7958 160.07 9.61579
14462 -16.0366 159.408 10.3262
14463 -15.7958 160.07 10.3262
14464 -18.9909 160.6 9.61579
14465 -18.7055 161.243 9.61579
14466 -18.9909 160.6 10.3262
14467 -18.7055 161.243 10.3262
14468 -21.8421 161.982 9.61579
14469 -21.5138 162.605 9.61579
14470 -21.8421 161.982 10.3262
14471 -21.5138 162.605 10.3262
14472 -24.5823 163.547 9.61579
14473 -24.2128 164.146 9.61579
14474 -24.5823 163.547 10.3262
14475 -24.2128 164.146 10.3262
14476 -27.2034 165.287 9.61579
14477 -26.7947 165.86 9.61579
14478 -27.2034 165.287 10.3262
14479 -26.7947 165.86 10.3262
14480 -29.6975 167.193 9.61579
14481 -29.2516 167.738 9.61579
14482 -29.6975 167.193 10.3262
14483 -29.2516 167.738 10.3262
14484 -32.0566 169.259 9.61579
14485 -31.5756 169.773 9.61579
14486 -32.0566 169.259 10.3262
14487 -31.5756 169.773 10.3262
14488 -34.2728 171.475 9.61579
14489 -33.7588 171.956 9.61579
14490 -34.2728 171.475 10.3262
14491 -33.7588 171.956 10.3262
14492 -36.3382 173.834 9.61579
14493 -35.7934 174.28 9.61579
14494 -36.3382 173.834 10.3262
14495 -35.7934 174.28 10.3262
14496 -38.2448 176.328 9.61579
14497 -37.6716 176.737 9.61579
14498 -38.2448 176.328 10.3262
14499 -37.6716 176.737 10.3262
14500 -39.9846 178.949 9.61579
14501 -39.3853 179.319 9.61579
14502 -39.9846 178.949 10.3262
14503 -39.3853 179.319 10.3262
14504 -41.5496 181.689 9.61579
14505 -40.9269 182.018 9.61579
14506 -41.5496 181.689 10.3262
14507 -40.9269 182.018 10.3262
14508 -42.9319 184.54 9.61579
14509 -42.2883 184.826 9.61579
14510 -42.9319 184.54 10.3262
14511 -42.2883 184.826 10.3262
14512 -44.1235 187.495 9.61579
14513 -43.4619 187.736 9.61579
14514 -44.1235 187.495 10.3262
14515 -43.4619 187.736 10.3262
14516 -45.1163 190.544 9.61579
14517 -44.4397 190.739 9.61579
14518 -45.1163 190.544 10.3262
14519 -44.4397 190.739 10.3262
14520 -45.9023 193.681 9.61579
14521 -45.2139 193.828 9.61579
14522 -45.9023 193.681 10.3262
14523 -45.2139 193.828 10.3262
14524 -46.4737 196.896 9.61579
14525 -45.7766 196.995 9.61579
14526 -46.4737 196.896 10.3262
14527 -45.7766 196.995 10.3262
14528 -46.8223 200.182 9.61579
14529 -46.12 200.232 9.61579
14530 -46.8223 200.182 10.3262
14531 -46.12 200.232 10.3262
14532 -46.9403 203.531 9.61579
14533 -46.2363 203.531 9.61579
14534 -46.9403 203.531 10.3262
14535 -46.2363 203.531 10.3262
14536 -46.8223 206.88 9.61579
14537 -46.12 206.831 9.61579
14538 -46.8223 206.88 10.3262
14539 -46.12 206.831 10.3262
14540 -46.4737 210.167 9.61578
14541 -45.7766 210.068 9.61578
14542 -46.4737 210.167 10.3262
14543 -45.7766 210.068 10.3262
14544 -45.9023 213.382 9.61578
14545 -45.2139 213.235 9.61578
14546 -45.9023 213.382 10.3262
14547 -45.2139 213.235 10.3262
14548 -45.1163 216.519 9.61578
14549 -44.4397 216.324 9.61578
14550 -45.1163 216.519 10.3262
14551 -44.4397 216.324 10.3262
14552 -44.1235 219.568 9.61578
14553 -43.4619 219.327 9.61578
14554 -44.1235 219.568 10.3262
14555 -43.4619 219.327 10.3262
14556 -42.9319 222.522 9.61578
14557 -42.2883 222.237 9.61578
14558 -42.9319 222.522 10.3262
14559 -42.2883 222.237 10.3262
14560 -41.5496 225.374 9.61578
14561 -40.9269 225.045 9.61578
14562 -41.5496 225.374 10.3262
14563 -40.9269 225.045 10.3262
14564 -39.9846 228.114 9.61578
14565 -39.3853 227.744 9.61578
14566 -39.9846 228.114 10.3262
14567 -39.3853 227.744 10.3262
14568 -38.2448 230.735 9.61578
14569 -37.6716 230.326 9.61578
14570 -38.2448 230.735 10.3262
14571 -37.6716 230.326 10.3262
14572 -36.3382 233.229 9.61578
14573 -35.7934 232.783 9.61578
14574 -36.3382 233.229 10.3262
14575 -35.7934 232.783 10.3262
14576 -34.2728 235.588 9.61578
14577 -33.7588 235.107 9.61578
14578 -34.2728 235.588 10.3262
14579 -33.7588 235.107 10.3262
14580 -32.0566 237.804 9.61578
14581 -31.5756 237.29 9.61578
14582 -32.0566 237.804 10.3262
14583 -31.5756 237.29 10.3262
14584 -29.6974 239.87 9.61578
14585 -29.2516 239.325 9.61578
14586 -29.6974 239.87 10.3262
14587 -29.2516 239.325 10.3262
14588 -27.2034 241.776 9.61578
14589 -26.7947 241.203 9.61578
14590 -27.2034 241.776 10.3262
14591 -26.7947 241.203 10.3262
14592 -24.5823 243.516 9.61578
14593 -24.2128 242.917 9.61578
14594 -24.5823 243.516 10.3262
14595 -24.2128 242.917 10.3262
14596 -21.8421 245.081 9.61578
14597 -21.5138 244.458 9.61578
14598 -21.8421 245.081 10.3262
14599 -21.5138 244.458 10.3262
14600 -18.9909 246.463 9.61578
14601 -18.7055 245.82 9.61578
14602 -18.9909 246.463 10.3262
14603 -18.7055 245.82 10.3262
14604 -16.0366 247.655 9.61578
14605 -15.7959 246.993 9.61578
14606 -16.0366 247.655 10.3262
14607 -15.7959 246.993 10.3262
14608 -12.9873 248.648 9.61578
14609 -12.7926 247.971 9.61578
14610 -12.9873 248.648 10.3262
14611 -12.7926 247.971 10.3262
14612 -9.8508 249.434 9.61578
14613 -9.7036 248.745 9.61578
14614 -9.8508 249.434 10.3262
14615 -9.7036 248.745 10.3262
14616 -6.6354 250.005 9.61578
14617 -6.5366 249.308 9.61578
14618 -6.6354 250.005 10.3262
14619 -6.5366 249.308 10.3262
14620 -3.3491 250.354 9.61578
14621 -3.2995 249.652 9.61578
14622 -3.3491 250.354 10.3262
14623 -3.2995 249.652 10.3262
14624 0 250.472 9.61578
14625 0 249.768 9.61578
14626 0 250.472 10.3262
14627 0 249.768 10.3262
14628 3.3491 250.354 9.61578
14629 3.2995 249.652 9.61578
14630 3.3491 250.354 10.3262
14631 3.2995 249.652 10.3262
14632 6.6354 250.005 9.61578
14633 6.5366 249.308 9.61578
14634 6.6354 250.005 10.3262
14635 6.5366 249.308 10.3262
14636 9.8508 249.434 9.61578
14637 9.7036 248.745 9.61578
14638 9.8508 249.434 10.3262
14639 9.7036 248.745 10.3262
14640 12.9873 248.648 9.61578
14641 12.7926 247.971 9.61578
14642 12.9873 248.648 10.3262
14643 12.7926 247.971 10.3262
14644 16.0366 247.655 9.61578
14645 15.7958 246.993 9.61578
14646 16.0366 247.655 10.3262
14647 15.7958 246.993 10.3262
14648 18.9909 246.463 9.61578
14649 18.7055 245.82 9.61578
14650 18.9909 246.463 10.3262
14651 18.7055 245.82 10.3262
14652 21.8421 245.081 9.61578
14653 21.5138 244.458 9.61578
14654 21.8421 245.081 10.3262
14655 21.5138 244.458 10.3262
14656 24.5823 243.516 9.61578
14657 24.2128 242.917 9.61578
14658 24.5823 243.516 10.3262
14659 24.2128 242.917 10.3262
14660 27.2034 241.776 9.61578
14661 26.7947 241.203 9.61578
14662 27.2034 241.776 10.3262
14663 26.7947 241.203 10.3262
14664 29.6975 239.87 9.61578
14665 29.2516 239.325 9.61578
14666 29.6975 239.87 10.3262
14667 29.2516 239.325 10.3262
14668 32.0566 237.804 9.61578
14669 31.5756 237.29 9.61578
14670 32.0566 237.804 10.3262
14671 31.5756 237.29 10.3262
14672 34.2728 235.588 9.61578
14673 33.7588 235.107 9.61578
14674 34.2728 235.588 10.3262
14675 33.7588 235.107 10.3262
14676 36.3382 233.229 9.61578
14677 35.7934 232.783 9.61578
14678 36.3382 233.229 10.3262
14679 35.7934 232.783 10.3262
14680 38.2448 230.735 9.61578
14681 37.6716 230.326 9.61578
14682 38.2448 230.735 10.3262
14683 37.6716 230.326 10.3262
14684 39.9846 228.114 9.61578
14685 39.3853 227.744 9.61578
14686 39.9846 228.114 10.3262
14687 39.3853 227.744 10.3262
14688 41.5496 225.374 9.61578
14689 40.9269 225.045 9.61578
14690 41.5496 225.374 10.3262
14691 40.9269 225.045 10.3262
14692 42.9319 222.522 9.61578
14693 42.2884 222.237 9.61578
14694 42.9319 222.522 10.3262
14695 42.2884 222.237 10.3262
14696 44.1235 219.568 9.61578
14697 43.4619 219.327 9.61578
14698 44.1235 219.568 10.3262
14699 43.4619 219.327 10.3262
14700 45.1163 216.519 9.61578
14701 44.4397 216.324 9.61578
14702 45.1163 216.519 10.3262
14703 44.4397 216.324 10.3262
14704 45.9024 213.382 9.61578
14705 45.2139 213.235 9.61578
14706 45.9024 213.382 10.3262
14707 45.2139 213.235 10.3262
14708 46.4737 210.167 9.61578
14709 45.7766 210.068 9.61578
14710 46.4737 210.167 10.3262
14711 45.7766 210.068 10.3262
14712 67.7486 208.634 25.2168
14713 67.8895 208.388 25.4491
14714 67.785 208.124 25.2168
14715 67.6433 208.37 24.9835
14716 67.9375 203.276 25.2168
14717 68.0605 203.531 25.4491
14718 67.9375 203.787 25.2168
14719 67.8138 203.531 24.9835
14720 67.2261 213.388 25.2168
14721 67.384 213.153 25.4491
14722 67.2983 212.883 25.2168
14723 67.1397 213.118 24.9835
14724 66.3818 218.039 25.2168
14725 66.5556 217.815 25.4491
14726 66.4889 217.539 25.2168
14727 66.3143 217.763 24.9835
14728 65.227 222.574 25.2168
14729 65.4159 222.362 25.4492
14730 65.3683 222.083 25.2168
14731 65.1788 222.294 24.9835
14732 63.7736 226.982 25.2168
14733 63.9764 226.783 25.4491
14734 63.9481 226.501 25.2168
14735 63.7445 226.699 24.9835
14736 62.033 231.251 25.2168
14737 62.2488 231.067 25.4491
14738 62.2397 230.784 25.2168
14739 62.0232 230.967 24.9835
14740 60.0169 235.37 25.2168
14741 60.2446 235.201 25.4491
14742 60.2546 234.918 25.2168
14743 60.0262 235.086 24.9835
14744 57.7369 239.327 25.2168
14745 57.9754 239.174 25.4491
14746 58.0044 238.892 25.2168
14747 57.7652 239.045 24.9835
14748 55.2045 243.111 25.2168
14749 55.4528 242.974 25.4491
14750 55.5005 242.695 25.2168
14751 55.2517 242.831 24.9835
14752 52.4314 246.711 25.2168
14753 52.6883 246.591 25.4491
14754 52.7546 246.315 25.2168
14755 52.4972 246.434 24.9835
14756 49.4292 250.114 25.2168
14757 49.6935 250.011 25.4491
14758 49.7781 249.741 25.2168
14759 49.5132 249.843 24.9835
14760 46.2094 253.31 25.2168
14761 46.48 253.225 25.4491
14762 46.5824 252.961 25.2168
14763 46.3114 253.045 24.9835
14764 42.7836 256.286 25.2168
14765 43.0592 256.22 25.4491
14766 43.1791 255.963 25.2168
14767 42.9031 256.029 24.9835
14768 39.1635 259.032 25.2168
14769 39.4429 258.984 25.4491
14770 39.5797 258.736 25.2168
14771 39.2998 258.783 24.9835
14772 35.3604 261.536 25.2168
14773 35.6424 261.507 25.4491
14774 35.7955 261.268 25.2168
14775 35.5132 261.297 24.9835
14776 31.3861 263.786 25.2168
14777 31.6694 263.776 25.4491
14778 31.8382 263.548 25.2168
14779 31.5546 263.558 24.9835
14780 27.2521 265.771 25.2168
14781 27.5354 265.78 25.4491
14782 27.7192 265.565 25.2168
14783 27.4356 265.555 24.9835
14784 22.97 267.479 25.2168
14785 23.252 267.508 25.4492
14786 23.45 267.305 25.2168
14787 23.1677 267.276 24.9835
14788 18.5514 268.9 25.2168
14789 18.8308 268.947 25.4492
14790 19.0422 268.759 25.2168
14791 18.7625 268.71 24.9835
14792 14.0079 270.02 25.2168
14793 14.2834 270.087 25.4492
14794 14.5072 269.913 25.2168
14795 14.2316 269.846 24.9835
14796 9.3511 270.83 25.2168
14797 9.6213 270.915 25.4492
14798 9.8567 270.758 25.2168
14799 9.5864 270.671 24.9835
14800 4.5928 271.316 25.2168
14801 4.8563 271.421 25.4491
14802 5.1022 271.28 25.2168
14803 4.8387 271.175 24.9835
14804 -0.2554 271.469 25.2168
14805 0 271.592 25.4491
14806 0.2554 271.469 25.2168
14807 0 271.345 24.9835
14808 -5.1022 271.28 25.2168
14809 -4.8563 271.421 25.4491
14810 -4.5928 271.316 25.2168
14811 -4.8387 271.175 24.9835
14812 -9.8567 270.758 25.2168
14813 -9.6213 270.915 25.4492
14814 -9.3511 270.83 25.2168
14815 -9.5864 270.671 24.9835
14816 -14.5072 269.913 25.2168
14817 -14.2834 270.087 25.4492
14818 -14.0078 270.02 25.2168
14819 -14.2316 269.846 24.9835
14820 -19.0422 268.759 25.2168
14821 -18.8308 268.947 25.4492
14822 -18.5514 268.9 25.2168
14823 -18.7625 268.71 24.9835
14824 -23.45 267.305 25.2168
14825 -23.252 267.508 25.4492
14826 -22.97 267.479 25.2168
14827 -23.1677 267.276 24.9835
14828 -27.7192 265.565 25.2168
14829 -27.5354 265.78 25.4491
14830 -27.2521 265.771 25.2168
14831 -27.4356 265.555 24.9835
14832 -31.8382 263.548 25.2168
14833 -31.6694 263.776 25.4491
14834 -31.3861 263.786 25.2168
14835 -31.5546 263.558 24.9835
14836 -35.7955 261.268 25.2168
14837 -35.6424 261.507 25.4491
14838 -35.3604 261.536 25.2168
14839 -35.5131 261.297 24.9835
14840 -39.5797 258.736 25.2168
14841 -39.4429 258.984 25.4491
14842 -39.1634 259.032 25.2168
14843 -39.2998 258.783 24.9835
14844 -43.1791 255.963 25.2168
14845 -43.0592 256.22 25.4491
14846 -42.7836 256.286 25.2168
14847 -42.903 256.029 24.9835
14848 -46.5824 252.961 25.2168
14849 -46.4799 253.225 25.4491
14850 -46.2094 253.31 25.2168
14851 -46.3114 253.045 24.9835
14852 -49.7781 249.741 25.2168
14853 -49.6935 250.011 25.4491
14854 -49.4292 250.114 25.2168
14855 -49.5132 249.843 24.9835
14856 -52.7546 246.315 25.2168
14857 -52.6883 246.591 25.4491
14858 -52.4314 246.711 25.2168
14859 -52.4972 246.434 24.9835
14860 -55.5005 242.695 25.2168
14861 -55.4528 242.974 25.4491
14862 -55.2045 243.111 25.2168
14863 -55.2517 242.831 24.9835
14864 -58.0044 238.892 25.2168
14865 -57.9754 239.174 25.4491
14866 -57.7369 239.327 25.2168
14867 -57.7652 239.045 24.9835
14868 -60.2546 234.918 25.2168
14869 -60.2446 235.201 25.4491
14870 -60.0169 235.37 25.2168
14871 -60.0262 235.086 24.9835
14872 -62.2396 230.784 25.2168
14873 -62.2488 231.067 25.4491
14874 -62.033 231.251 25.2168
14875 -62.0231 230.967 24.9835
14876 -63.9481 226.501 25.2168
14877 -63.9764 226.783 25.4491
14878 -63.7736 226.982 25.2168
14879 -63.7445 226.699 24.9835
14880 -65.3683 222.083 25.2168
14881 -65.4159 222.362 25.4492
14882 -65.2271 222.574 25.2168
14883 -65.1788 222.294 24.9835
14884 -66.4889 217.539 25.2168
14885 -66.5556 217.815 25.4491
14886 -66.3817 218.039 25.2168
14887 -66.3143 217.763 24.9835
14888 -67.2983 212.883 25.2168
14889 -67.384 213.153 25.4491
14890 -67.2261 213.388 25.2168
14891 -67.1397 213.118 24.9835
14892 -67.785 208.124 25.2168
14893 -67.8895 208.388 25.4491
14894 -67.7486 208.634 25.2168
14895 -67.6433 208.37 24.9835
14896 -67.9375 203.276 25.2168
14897 -68.0605 203.531 25.4491
14898 -67.9375 203.787 25.2168
14899 -67.8138 203.531 24.9835
14900 -67.7486 198.429 25.2168
14901 -67.8895 198.675 25.4491
14902 -67.785 198.939 25.2168
14903 -67.6433 198.693 24.9835
14904 -67.2261 193.675 25.2168
14905 -67.384 193.91 25.4491
14906 -67.2983 194.18 25.2168
14907 -67.1397 193.945 24.9835
14908 -66.3817 189.024 25.2168
14909 -66.5556 189.248 25.4491
14910 -66.4889 189.524 25.2168
14911 -66.3143 189.3 24.9835
14912 -65.2271 184.489 25.2168
14913 -65.4159 184.701 25.4491
14914 -65.3683 184.98 25.2168
14915 -65.1788 184.769 24.9835
14916 -63.7736 180.081 25.2168
14917 -63.9764 180.279 25.4491
14918 -63.9481 180.561 25.2168
14919 -63.7445 180.364 24.9835
14920 -62.033 175.812 25.2168
14921 -62.2488 175.996 25.4491
14922 -62.2396 176.279 25.2168
14923 -62.0232 176.096 24.9835
14924 -60.0169 171.693 25.2168
14925 -60.2446 171.862 25.4491
14926 -60.2546 172.145 25.2168
14927 -60.0262 171.977 24.9835
14928 -57.7368 167.736 25.2168
14929 -57.9754 167.889 25.4491
14930 -58.0044 168.171 25.2168
14931 -57.7652 168.018 24.9835
14932 -55.2045 163.952 25.2168
14933 -55.4527 164.089 25.4491
14934 -55.5005 164.368 25.2168
14935 -55.2516 164.232 24.9835
14936 -52.4314 160.352 25.2168
14937 -52.6883 160.472 25.4491
14938 -52.7546 160.748 25.2168
14939 -52.4972 160.628 24.9835
14940 -49.4292 156.949 25.2168
14941 -49.6935 157.051 25.4491
14942 -49.7781 157.322 25.2168
14943 -49.5132 157.22 24.9835
14944 -46.2094 153.753 25.2168
14945 -46.4799 153.838 25.4491
14946 -46.5824 154.102 25.2168
14947 -46.3114 154.018 24.9835
14948 -42.7836 150.777 25.2168
14949 -43.0592 150.843 25.4491
14950 -43.1791 151.1 25.2168
14951 -42.903 151.034 24.9835
14952 -39.1635 148.031 25.2168
14953 -39.4429 148.079 25.4491
14954 -39.5797 148.327 25.2168
14955 -39.2998 148.28 24.9835
14956 -35.3604 145.527 25.2168
14957 -35.6424 145.556 25.4491
14958 -35.7955 145.795 25.2168
14959 -35.5131 145.766 24.9835
14960 -31.3861 143.277 25.2168
14961 -31.6694 143.287 25.4491
14962 -31.8382 143.515 25.2168
14963 -31.5546 143.505 24.9835
14964 -27.2521 141.292 25.2168
14965 -27.5354 141.283 25.4491
14966 -27.7192 141.498 25.2168
14967 -27.4356 141.508 24.9835
14968 -22.97 139.583 25.2168
14969 -23.252 139.555 25.4491
14970 -23.45 139.758 25.2168
14971 -23.1677 139.787 24.9835
14972 -18.5514 138.163 25.2168
14973 -18.8308 138.116 25.4491
14974 -19.0422 138.304 25.2168
14975 -18.7625 138.353 24.9835
14976 -14.0079 137.042 25.2168
14977 -14.2834 136.976 25.4491
14978 -14.5072 137.15 25.2168
14979 -14.2316 137.217 24.9835
14980 -9.3511 136.233 25.2168
14981 -9.6213 136.148 25.4491
14982 -9.8567 136.305 25.2168
14983 -9.5864 136.392 24.9835
14984 -4.5928 135.747 25.2168
14985 -4.8563 135.642 25.4491
14986 -5.1022 135.783 25.2168
14987 -4.8387 135.888 24.9835
14988 0.2554 135.594 25.2168
14989 0 135.471 25.4491
14990 -0.2554 135.594 25.2168
14991 0 135.718 24.9835
14992 5.1022 135.783 25.2168
14993 4.8563 135.642 25.4491
14994 4.5928 135.747 25.2168
14995 4.8387 135.888 24.9835
14996 9.8567 136.305 25.2168
14997 9.6213 136.148 25.4491
14998 9.3511 136.233 25.2168
14999 9.5864 136.392 24.9835
15000 14.5072 137.15 25.2168
15001 14.2834 136.976 25.4491
15002 14.0078 137.042 25.2168
15003 14.2316 137.217 24.9835
15004 19.0422 138.304 25.2168
15005 18.8308 138.116 25.4491
15006 18.5514 138.163 25.2168
15007 18.7625 138.353 24.9835
15008 23.45 139.758 25.2168
15009 23.252 139.555 25.4491
15010 22.97 139.583 25.2168
15011 23.1677 139.787 24.9835
15012 27.7192 141.498 25.2168
15013 27.5354 141.283 25.4491
15014 27.2521 141.292 25.2168
15015 27.4356 141.508 24.9835
15016 31.8382 143.515 25.2168
15017 31.6694 143.287 25.4491
15018 31.3861 143.277 25.2168
15019 31.5546 143.505 24.9835
15020 35.7955 145.795 25.2168
15021 35.6424 145.556 25.4491
15022 35.3604 145.527 25.2168
15023 35.5132 145.766 24.9835
15024 39.5797 148.327 25.2168
15025 39.4429 148.079 25.4491
15026 39.1634 148.031 25.2168
15027 39.2998 148.28 24.9835
15028 43.1791 151.1 25.2168
15029 43.0592 150.843 25.4491
15030 42.7836 150.777 25.2168
15031 42.903 151.034 24.9835
15032 46.5824 154.102 25.2168
15033 46.48 153.838 25.4491
15034 46.2094 153.753 25.2168
15035 46.3114 154.018 24.9835
15036 49.7781 157.322 25.2168
15037 49.6935 157.051 25.4491
15038 49.4292 156.949 25.2168
15039 49.5132 157.22 24.9835
15040 52.7546 160.748 25.2168
15041 52.6883 160.472 25.4491
15042 52.4314 160.352 25.2168
15043 52.4972 160.628 24.9835
15044 55.5006 164.368 25.2168
15045 55.4528 164.089 25.4491
15046 55.2045 163.952 25.2168
15047 55.2517 164.232 24.9835
15048 58.0044 168.171 25.2168
15049 57.9754 167.889 25.4491
15050 57.7369 167.736 25.2168
15051 57.7652 168.018 24.9835
15052 60.2546 172.145 25.2168
15053 60.2446 171.862 25.4491
15054 60.0169 171.693 25.2168
15055 60.0262 171.977 24.9835
15056 62.2396 176.279 25.2168
15057 62.2488 175.996 25.4491
15058 62.033 175.812 25.2168
15059 62.0232 176.096 24.9835
15060 63.9481 180.561 25.2168
15061 63.9764 180.279 25.4491
15062 63.7736 180.081 25.2168
15063 63.7445 180.364 24.9835
15064 65.3683 184.98 25.2168
15065 65.4159 184.701 25.4491
15066 65.227 184.489 25.2168
15067 65.1788 184.769 24.9835
15068 66.4889 189.524 25.2168
15069 66.5556 189.248 25.4491
15070 66.3817 189.024 25.2168
15071 66.3143 189.3 24.9835
15072 67.2983 194.18 25.2168
15073 67.384 193.91 25.4491
15074 67.2261 193.675 25.2168
15075 67.1397 193.945 24.9835
15076 67.785 198.939 25.2168
15077 67.8895 198.675 25.4491
15078 67.7486 198.429 25.2168
15079 67.6433 198.693 24.9835
15080 67.8881 208.388 13.2284
15081 67.7472 208.634 13.4606
15082 67.7836 208.124 13.4606
15083 67.642 208.37 13.6939
15084 68.0592 203.531 13.2284
15085 67.9362 203.276 13.4606
15086 67.9362 203.787 13.4606
15087 67.8124 203.531 13.6939
15088 67.3826 213.153 13.2283
15089 67.2248 213.388 13.4606
15090 67.2969 212.882 13.4606
15091 67.1383 213.118 13.6939
15092 66.5543 217.814 13.2283
15093 66.3804 218.038 13.4606
15094 66.4876 217.539 13.4606
15095 66.313 217.763 13.6939
15096 65.4146 222.362 13.2283
15097 65.2258 222.573 13.4606
15098 65.367 222.083 13.4606
15099 65.1774 222.294 13.6939
15100 63.9752 226.783 13.2283
15101 63.7723 226.981 13.4606
15102 63.9468 226.501 13.4606
15103 63.7432 226.699 13.6939
15104 62.2476 231.066 13.2284
15105 62.0318 231.25 13.4606
15106 62.2384 230.783 13.4606
15107 62.0219 230.967 13.6939
15108 60.2434 235.2 13.2284
15109 60.0157 235.369 13.4607
15110 60.2533 234.917 13.4607
15111 60.025 235.085 13.6939
15112 57.9743 239.173 13.2284
15113 57.7357 239.326 13.4607
15114 58.0032 238.891 13.4607
15115 57.764 239.044 13.6939
15116 55.4517 242.973 13.2284
15117 55.2034 243.11 13.4607
15118 55.4994 242.694 13.4607
15119 55.2505 242.831 13.6939
15120 52.6872 246.59 13.2284
15121 52.4304 246.71 13.4607
15122 52.7535 246.314 13.4607
15123 52.4961 246.434 13.6939
15124 49.6925 250.01 13.2284
15125 49.4282 250.113 13.4607
15126 49.7771 249.74 13.4607
15127 49.5122 249.842 13.6939
15128 46.479 253.224 13.2284
15129 46.2085 253.309 13.4607
15130 46.5815 252.96 13.4607
15131 46.3104 253.044 13.6939
15132 43.0584 256.219 13.2284
15133 42.7828 256.285 13.4607
15134 43.1782 255.962 13.4607
15135 42.9022 256.028 13.6939
15136 39.4421 258.983 13.2284
15137 39.1627 259.031 13.4607
15138 39.5788 258.735 13.4607
15139 39.299 258.782 13.6939
15140 35.6417 261.506 13.2284
15141 35.3598 261.535 13.4607
15142 35.7948 261.267 13.4607
15143 35.5124 261.296 13.6939
15144 31.6688 263.775 13.2284
15145 31.3855 263.785 13.4607
15146 31.8375 263.547 13.4607
15147 31.5539 263.556 13.6939
15148 27.5349 265.779 13.2284
15149 27.2516 265.77 13.4606
15150 27.7186 265.563 13.4606
15151 27.435 265.553 13.6939
15152 23.2516 267.507 13.2284
15153 22.9696 267.478 13.4606
15154 23.4495 267.304 13.4606
15155 23.1673 267.275 13.6939
15156 18.8304 268.946 13.2283
15157 18.551 268.898 13.4606
15158 19.0418 268.757 13.4606
15159 18.7622 268.709 13.6939
15160 14.2831 270.086 13.2284
15161 14.0076 270.019 13.4606
15162 14.5069 269.912 13.4606
15163 14.2313 269.845 13.6939
15164 9.6211 270.914 13.2284
15165 9.351 270.828 13.4606
15166 9.8565 270.756 13.4606
15167 9.5862 270.67 13.6939
15168 4.8562 271.42 13.2284
15169 4.5927 271.315 13.4607
15170 5.1021 271.279 13.4607
15171 4.8386 271.173 13.6939
15172 0 271.591 13.2284
15173 -0.2553 271.468 13.4607
15174 0.2553 271.468 13.4607
15175 0 271.344 13.6939
15176 -4.8562 271.42 13.2284
15177 -5.1021 271.279 13.4607
15178 -4.5927 271.315 13.4607
15179 -4.8386 271.173 13.6939
15180 -9.6211 270.914 13.2284
15181 -9.8565 270.756 13.4606
15182 -9.351 270.828 13.4606
15183 -9.5862 270.67 13.6939
15184 -14.2831 270.086 13.2284
15185 -14.5069 269.912 13.4606
15186 -14.0076 270.019 13.4606
15187 -14.2313 269.845 13.6939
15188 -18.8304 268.946 13.2283
15189 -19.0418 268.757 13.4606
15190 -18.551 268.898 13.4606
15191 -18.7622 268.709 13.6939
15192 -23.2515 267.507 13.2284
15193 -23.4495 267.304 13.4606
15194 -22.9696 267.478 13.4606
15195 -23.1672 267.275 13.6939
15196 -27.5349 265.779 13.2284
15197 -27.7186 265.563 13.4606
15198 -27.2516 265.77 13.4606
15199 -27.435 265.553 13.6939
15200 -31.6688 263.775 13.2284
15201 -31.8375 263.547 13.4607
15202 -31.3855 263.785 13.4607
15203 -31.5539 263.556 13.6939
15204 -35.6417 261.506 13.2284
15205 -35.7948 261.267 13.4607
15206 -35.3597 261.535 13.4607
15207 -35.5124 261.296 13.6939
15208 -39.4421 258.983 13.2284
15209 -39.5788 258.735 13.4607
15210 -39.1627 259.031 13.4607
15211 -39.299 258.782 13.6939
15212 -43.0584 256.219 13.2284
15213 -43.1782 255.962 13.4607
15214 -42.7828 256.285 13.4607
15215 -42.9022 256.028 13.6939
15216 -46.479 253.224 13.2284
15217 -46.5815 252.96 13.4607
15218 -46.2085 253.309 13.4607
15219 -46.3104 253.044 13.6939
15220 -49.6925 250.01 13.2284
15221 -49.7771 249.74 13.4607
15222 -49.4282 250.113 13.4607
15223 -49.5122 249.842 13.6939
15224 -52.6872 246.59 13.2284
15225 -52.7535 246.314 13.4607
15226 -52.4304 246.71 13.4607
15227 -52.4961 246.434 13.6939
15228 -55.4517 242.974 13.2284
15229 -55.4994 242.694 13.4607
15230 -55.2034 243.11 13.4607
15231 -55.2505 242.831 13.6939
15232 -57.9743 239.173 13.2284
15233 -58.0032 238.891 13.4607
15234 -57.7357 239.326 13.4607
15235 -57.764 239.044 13.6939
15236 -60.2434 235.2 13.2284
15237 -60.2533 234.917 13.4607
15238 -60.0157 235.369 13.4607
15239 -60.025 235.085 13.6939
15240 -62.2476 231.066 13.2284
15241 -62.2384 230.783 13.4606
15242 -62.0318 231.25 13.4606
15243 -62.0219 230.967 13.6939
15244 -63.9752 226.783 13.2283
15245 -63.9468 226.501 13.4606
15246 -63.7723 226.981 13.4606
15247 -63.7432 226.699 13.6939
15248 -65.4146 222.362 13.2283
15249 -65.367 222.083 13.4606
15250 -65.2258 222.573 13.4606
15251 -65.1775 222.294 13.6939
15252 -66.5543 217.814 13.2283
15253 -66.4876 217.539 13.4606
15254 -66.3804 218.038 13.4606
15255 -66.313 217.763 13.6939
15256 -67.3826 213.153 13.2283
15257 -67.2969 212.882 13.4606
15258 -67.2248 213.388 13.4606
15259 -67.1383 213.118 13.6939
15260 -67.8881 208.388 13.2284
15261 -67.7836 208.124 13.4606
15262 -67.7472 208.634 13.4606
15263 -67.642 208.37 13.6939
15264 -68.0592 203.531 13.2284
15265 -67.9362 203.276 13.4606
15266 -67.9362 203.787 13.4606
15267 -67.8124 203.531 13.6939
15268 -67.8881 198.675 13.2284
15269 -67.7472 198.429 13.4606
15270 -67.7836 198.939 13.4606
15271 -67.642 198.693 13.6939
15272 -67.3826 193.91 13.2283
15273 -67.2248 193.675 13.4606
15274 -67.297 194.18 13.4606
15275 -67.1383 193.945 13.6939
15276 -66.5543 189.248 13.2283
15277 -66.3804 189.025 13.4606
15278 -66.4876 189.524 13.4606
15279 -66.313 189.3 13.6939
15280 -65.4146 184.701 13.2283
15281 -65.2258 184.49 13.4606
15282 -65.367 184.98 13.4606
15283 -65.1775 184.769 13.6939
15284 -63.9752 180.28 13.2283
15285 -63.7723 180.082 13.4606
15286 -63.9468 180.562 13.4606
15287 -63.7432 180.364 13.6939
15288 -62.2476 175.997 13.2283
15289 -62.0318 175.813 13.4606
15290 -62.2384 176.28 13.4606
15291 -62.0219 176.096 13.6939
15292 -60.2434 171.863 13.2284
15293 -60.0157 171.694 13.4606
15294 -60.2533 172.146 13.4606
15295 -60.025 171.977 13.6939
15296 -57.9743 167.89 13.2284
15297 -57.7357 167.737 13.4607
15298 -58.0032 168.172 13.4606
15299 -57.764 168.019 13.6939
15300 -55.4517 164.089 13.2284
15301 -55.2034 163.953 13.4607
15302 -55.4994 164.369 13.4607
15303 -55.2505 164.232 13.6939
15304 -52.6872 160.473 13.2284
15305 -52.4304 160.353 13.4607
15306 -52.7535 160.749 13.4607
15307 -52.4961 160.629 13.6939
15308 -49.6925 157.052 13.2284
15309 -49.4282 156.95 13.4607
15310 -49.7771 157.323 13.4607
15311 -49.5122 157.221 13.6939
15312 -46.479 153.839 13.2284
15313 -46.2085 153.754 13.4607
15314 -46.5815 154.103 13.4607
15315 -46.3104 154.019 13.6939
15316 -43.0584 150.844 13.2284
15317 -42.7828 150.778 13.4607
15318 -43.1782 151.101 13.4607
15319 -42.9022 151.035 13.6939
15320 -39.4421 148.08 13.2284
15321 -39.1627 148.032 13.4607
15322 -39.5788 148.328 13.4607
15323 -39.299 148.281 13.6939
15324 -35.6417 145.557 13.2284
15325 -35.3597 145.528 13.4606
15326 -35.7948 145.796 13.4606
15327 -35.5124 145.768 13.6939
15328 -31.6688 143.288 13.2283
15329 -31.3855 143.278 13.4606
15330 -31.8375 143.516 13.4606
15331 -31.5539 143.506 13.6939
15332 -27.5349 141.284 13.2283
15333 -27.2516 141.293 13.4606
15334 -27.7186 141.5 13.4606
15335 -27.435 141.51 13.6939
15336 -23.2516 139.556 13.2283
15337 -22.9696 139.585 13.4606
15338 -23.4495 139.759 13.4606
15339 -23.1673 139.788 13.6938
15340 -18.8304 138.117 13.2283
15341 -18.551 138.165 13.4606
15342 -19.0418 138.306 13.4606
15343 -18.7622 138.354 13.6938
15344 -14.2831 136.977 13.2283
15345 -14.0076 137.044 13.4606
15346 -14.5069 137.151 13.4606
15347 -14.2313 137.219 13.6938
15348 -9.6211 136.149 13.2283
15349 -9.351 136.234 13.4606
15350 -9.8565 136.307 13.4606
15351 -9.5862 136.393 13.6939
15352 -4.8562 135.643 13.2283
15353 -4.5927 135.748 13.4606
15354 -5.1021 135.784 13.4606
15355 -4.8386 135.889 13.6939
15356 0 135.472 13.2283
15357 0.2553 135.595 13.4606
15358 -0.2553 135.595 13.4606
15359 0 135.719 13.6939
15360 4.8562 135.643 13.2283
15361 5.1021 135.784 13.4606
15362 4.5927 135.748 13.4606
15363 4.8386 135.889 13.6939
15364 9.6211 136.149 13.2283
15365 9.8565 136.307 13.4606
15366 9.351 136.234 13.4606
15367 9.5862 136.393 13.6939
15368 14.2831 136.977 13.2283
15369 14.5069 137.151 13.4606
15370 14.0076 137.044 13.4606
15371 14.2313 137.219 13.6938
15372 18.8304 138.117 13.2283
15373 19.0418 138.306 13.4606
15374 18.551 138.165 13.4606
15375 18.7622 138.354 13.6938
15376 23.2515 139.556 13.2283
15377 23.4495 139.759 13.4606
15378 22.9696 139.585 13.4606
15379 23.1673 139.788 13.6938
15380 27.5349 141.284 13.2283
15381 27.7186 141.5 13.4606
15382 27.2516 141.293 13.4606
15383 27.435 141.51 13.6939
15384 31.6688 143.288 13.2283
15385 31.8375 143.516 13.4606
15386 31.3855 143.278 13.4606
15387 31.5539 143.506 13.6939
15388 35.6417 145.557 13.2284
15389 35.7948 145.796 13.4606
15390 35.3598 145.528 13.4606
15391 35.5124 145.768 13.6939
15392 39.4421 148.08 13.2284
15393 39.5788 148.328 13.4607
15394 39.1627 148.032 13.4607
15395 39.299 148.281 13.6939
15396 43.0584 150.844 13.2284
15397 43.1782 151.101 13.4607
15398 42.7828 150.778 13.4607
15399 42.9022 151.035 13.6939
15400 46.479 153.839 13.2284
15401 46.5815 154.103 13.4607
15402 46.2085 153.754 13.4607
15403 46.3104 154.019 13.6939
15404 49.6925 157.052 13.2284
15405 49.7771 157.323 13.4607
15406 49.4282 156.95 13.4607
15407 49.5122 157.221 13.6939
15408 52.6872 160.473 13.2284
15409 52.7535 160.749 13.4607
15410 52.4304 160.353 13.4607
15411 52.4961 160.629 13.6939
15412 55.4517 164.089 13.2284
15413 55.4994 164.369 13.4607
15414 55.2034 163.953 13.4607
15415 55.2505 164.232 13.6939
15416 57.9743 167.89 13.2284
15417 58.0032 168.172 13.4606
15418 57.7357 167.737 13.4607
15419 57.764 168.019 13.6939
15420 60.2434 171.863 13.2284
15421 60.2533 172.146 13.4606
15422 60.0157 171.694 13.4606
15423 60.025 171.977 13.6939
15424 62.2476 175.997 13.2283
15425 62.2384 176.28 13.4606
15426 62.0318 175.813 13.4606
15427 62.0219 176.096 13.6939
15428 63.9752 180.28 13.2283
15429 63.9468 180.562 13.4606
15430 63.7723 180.082 13.4606
15431 63.7432 180.364 13.6939
15432 65.4146 184.701 13.2283
15433 65.367 184.98 13.4606
15434 65.2258 184.49 13.4606
15435 65.1775 184.769 13.6939
15436 66.5543 189.248 13.2283
15437 66.4876 189.524 13.4606
15438 66.3804 189.025 13.4606
15439 66.313 189.3 13.6939
15440 67.3826 193.91 13.2283
15441 67.2969 194.18 13.4606
15442 67.2248 193.675 13.4606
15443 67.1383 193.945 13.6939
15444 67.8881 198.675 13.2284
15445 67.7836 198.939 13.4606
15446 67.7472 198.429 13.4606
15447 67.642 198.693 13.6939
15448 -6.1152 178.699 -8.98371
15449 -6.1152 178.215 -9.33551
15450 -5.297 178.215 -9.33551
15451 -5.297 178.699 -8.98371
15452 -6.1152 179.492 -8.92071
15453 -6.1152 178.893 -8.92071
15454 -5.297 178.893 -8.92071
15455 -5.297 179.492 -8.92071
15456 -6.1152 180.17 -9.33551
15457 -6.1152 179.686 -8.98371
15458 -5.297 179.686 -8.98371
15459 -5.297 180.17 -9.33551
15460 -6.1152 180.475 -10.0698
15461 -6.1152 180.29 -9.50051
15462 -5.297 180.29 -9.50051
15463 -5.297 180.475 -10.0698
15464 -6.1152 180.29 -10.843
15465 -6.1152 180.475 -10.2737
15466 -5.297 180.475 -10.2737
15467 -5.297 180.29 -10.843
15468 -6.1152 179.686 -11.3598
15469 -6.1152 180.17 -11.008
15470 -5.297 180.17 -11.008
15471 -5.297 179.686 -11.3598
15472 -6.1152 178.893 -11.4228
15473 -6.1152 179.492 -11.4228
15474 -5.297 179.492 -11.4228
15475 -5.297 178.893 -11.4228
15476 -6.1152 178.215 -11.008
15477 -6.1152 178.699 -11.3598
15478 -5.297 178.699 -11.3598
15479 -5.297 178.215 -11.008
15480 -6.1152 177.91 -10.2737
15481 -6.1152 178.095 -10.843
15482 -5.297 178.095 -10.843
15483 -5.297 177.91 -10.2737
15484 -6.1152 178.095 -9.50051
15485 -6.1152 177.91 -10.0698
15486 -5.297 177.91 -10.0698
15487 -5.297 178.095 -9.50051
15488 -6.2224 178.311 -9.39861
15489 -6.2224 178.73 -9.09411
15490 -6.2224 178.789 -9.27651
15491 -6.2224 178.466 -9.51121
15492 -6.2224 178.934 -9.02791
15493 -6.2224 179.452 -9.02791
15494 -6.2224 179.392 -9.21021
15495 -6.2224 178.993 -9.21021
15496 -6.2224 179.656 -9.09411
15497 -6.2224 180.074 -9.39861
15498 -6.2224 179.919 -9.51121
15499 -6.2224 179.596 -9.27651
15500 -6.2224 180.201 -9.57201
15501 -6.2224 180.361 -10.0646
15502 -6.2224 180.169 -10.0646
15503 -6.2224 180.045 -9.68471
15504 -6.2224 180.361 -10.279
15505 -6.2224 180.201 -10.7715
15506 -6.2224 180.045 -10.6588
15507 -6.2224 180.169 -10.279
15508 -6.2224 180.074 -10.945
15509 -6.2224 179.656 -11.2494
15510 -6.2224 179.596 -11.067
15511 -6.2224 179.919 -10.8323
15512 -6.2224 179.452 -11.3156
15513 -6.2224 178.934 -11.3156
15514 -6.2224 178.993 -11.1333
15515 -6.2224 179.392 -11.1333
15516 -6.2224 178.73 -11.2494
15517 -6.2224 178.311 -10.945
15518 -6.2224 178.466 -10.8323
15519 -6.2224 178.789 -11.067
15520 -6.2224 178.185 -10.7715
15521 -6.2224 178.025 -10.279
15522 -6.2224 178.217 -10.279
15523 -6.2224 178.34 -10.6588
15524 -6.2224 178.025 -10.0646
15525 -6.2224 178.185 -9.57201
15526 -6.2224 178.34 -9.68471
15527 -6.2224 178.217 -10.0646
15528 -5.1898 179.452 -9.02791
15529 -5.1898 178.934 -9.02791
15530 -5.1898 178.993 -9.21021
15531 -5.1898 179.392 -9.21021
15532 -5.1898 178.73 -9.09411
15533 -5.1898 178.311 -9.39861
15534 -5.1898 178.466 -9.51121
15535 -5.1898 178.789 -9.27651
15536 -5.1898 178.185 -9.57201
15537 -5.1898 178.025 -10.0646
15538 -5.1898 178.217 -10.0646
15539 -5.1898 178.34 -9.68471
15540 -5.1898 178.025 -10.279
15541 -5.1898 178.185 -10.7715
15542 -5.1898 178.34 -10.6588
15543 -5.1898 178.217 -10.279
15544 -5.1898 178.311 -10.945
15545 -5.1898 178.73 -11.2494
15546 -5.1898 178.789 -11.067
15547 -5.1898 178.466 -10.8323
15548 -5.1898 178.934 -11.3156
15549 -5.1898 179.452 -11.3156
15550 -5.1898 179.392 -11.1333
15551 -5.1898 178.993 -11.1333
15552 -5.1898 179.656 -11.2494
15553 -5.1898 180.074 -10.945
15554 -5.1898 179.919 -10.8323
15555 -5.1898 179.596 -11.067
15556 -5.1898 180.201 -10.7715
15557 -5.1898 180.361 -10.279
15558 -5.1898 180.169 -10.279
15559 -5.1898 180.045 -10.6588
15560 -5.1898 180.361 -10.0646
15561 -5.1898 180.201 -9.57201
15562 -5.1898 180.045 -9.68471
15563 -5.1898 180.169 -10.0646
15564 -5.1898 180.074 -9.39861
15565 -5.1898 179.656 -9.09411
15566 -5.1898 179.596 -9.27651
15567 -5.1898 179.919 -9.51121
15568 -6.1152 179.952 -9.74571
15569 -6.1152 180.058 -10.0698
15570 -5.297 180.058 -10.0698
15571 -5.297 179.952 -9.74571
15572 -6.1152 180.058 -10.2737
15573 -6.1152 179.952 -10.5978
15574 -5.297 179.952 -10.5978
15575 -5.297 180.058 -10.2737
15576 -6.1152 179.833 -10.7628
15577 -6.1152 179.557 -10.9631
15578 -5.297 179.557 -10.9631
15579 -5.297 179.833 -10.7628
15580 -6.1152 179.363 -11.0261
15581 -6.1152 179.022 -11.0261
15582 -5.297 179.022 -11.0261
15583 -5.297 179.363 -11.0261
15584 -6.1152 178.828 -10.9631
15585 -6.1152 178.553 -10.7628
15586 -5.297 178.553 -10.7628
15587 -5.297 178.828 -10.9631
15588 -6.1152 178.433 -10.5978
15589 -6.1152 178.327 -10.2737
15590 -5.297 178.327 -10.2737
15591 -5.297 178.433 -10.5978
15592 -6.1152 178.327 -10.0698
15593 -6.1152 178.433 -9.74571
15594 -5.297 178.433 -9.74571
15595 -5.297 178.327 -10.0698
15596 -6.1152 178.553 -9.58071
15597 -6.1152 178.828 -9.38041
15598 -5.297 178.828 -9.38041
15599 -5.297 178.553 -9.58071
15600 -6.1152 179.022 -9.31741
15601 -6.1152 179.363 -9.31741
15602 -5.297 179.363 -9.31741
15603 -5.297 179.022 -9.31741
15604 -6.1152 179.557 -9.38041
15605 -6.1152 179.833 -9.58071
15606 -5.297 179.833 -9.58071
15607 -5.297 179.557 -9.38041
15608 -6.1152 178.791 -8.93641
15609 -6.1965 178.8 -8.96221
15610 -6.1956 178.707 -9.01131
15611 -6.1956 178.239 -9.35131
15612 -6.1965 178.164 -9.42421
15613 -6.1152 178.142 -9.40831
15614 -5.297 178.142 -9.40831
15615 -5.2157 178.164 -9.42421
15616 -5.2166 178.239 -9.35131
15617 -5.2166 178.707 -9.01131
15618 -5.2157 178.8 -8.96221
15619 -5.297 178.791 -8.93641
15620 -6.1152 179.594 -8.93641
15621 -6.1965 179.586 -8.96221
15622 -6.1956 179.482 -8.94751
15623 -6.1956 178.903 -8.94751
15624 -5.2166 178.903 -8.94751
15625 -5.2166 179.482 -8.94751
15626 -5.2157 179.586 -8.96221
15627 -5.297 179.594 -8.93641
15628 -6.1152 180.244 -9.40831
15629 -6.1965 180.222 -9.42421
15630 -6.1956 180.146 -9.35131
15631 -6.1956 179.678 -9.01131
15632 -5.2166 179.678 -9.01131
15633 -5.2166 180.146 -9.35131
15634 -5.2157 180.222 -9.42421
15635 -5.297 180.244 -9.40831
15636 -6.1152 180.492 -10.1718
15637 -6.1965 180.464 -10.1718
15638 -6.1956 180.446 -10.0685
15639 -6.1956 180.268 -9.51841
15640 -5.2166 180.268 -9.51841
15641 -5.2166 180.446 -10.0685
15642 -5.2157 180.464 -10.1718
15643 -5.297 180.492 -10.1718
15644 -6.1152 180.244 -10.9352
15645 -6.1965 180.222 -10.9193
15646 -6.1956 180.268 -10.8251
15647 -6.1956 180.446 -10.275
15648 -5.2166 180.446 -10.275
15649 -5.2166 180.268 -10.8251
15650 -5.2157 180.222 -10.9193
15651 -5.297 180.244 -10.9352
15652 -6.1152 179.594 -11.4071
15653 -6.1965 179.586 -11.3813
15654 -6.1956 179.678 -11.3322
15655 -6.1956 180.146 -10.9922
15656 -5.2166 180.146 -10.9922
15657 -5.2166 179.678 -11.3322
15658 -5.2157 179.586 -11.3813
15659 -5.297 179.594 -11.4071
15660 -6.1152 178.791 -11.4071
15661 -6.1965 178.8 -11.3813
15662 -6.1956 178.903 -11.396
15663 -6.1956 179.482 -11.396
15664 -5.2166 179.482 -11.396
15665 -5.2166 178.903 -11.396
15666 -5.2157 178.8 -11.3813
15667 -5.297 178.791 -11.4071
15668 -6.1152 178.142 -10.9352
15669 -6.1965 178.164 -10.9193
15670 -6.1956 178.239 -10.9922
15671 -6.1956 178.707 -11.3322
15672 -5.2166 178.707 -11.3322
15673 -5.2166 178.239 -10.9922
15674 -5.2157 178.164 -10.9193
15675 -5.297 178.142 -10.9352
15676 -6.1152 177.894 -10.1718
15677 -6.1965 177.921 -10.1718
15678 -6.1956 177.939 -10.275
15679 -6.1956 178.118 -10.8251
15680 -5.2166 178.118 -10.8251
15681 -5.2166 177.939 -10.275
15682 -5.2157 177.921 -10.1718
15683 -5.297 177.894 -10.1718
15684 -6.1956 178.118 -9.51841
15685 -6.1956 177.939 -10.0685
15686 -5.2166 177.939 -10.0685
15687 -5.2166 178.118 -9.51841
15688 -6.2224 178.232 -9.47341
15689 -6.2224 178.826 -9.04181
15690 -6.2224 178.887 -9.22941
15691 -6.1955 178.912 -9.30681
15692 -6.1956 178.818 -9.35451
15693 -6.1956 178.531 -9.56341
15694 -6.1955 178.457 -9.63721
15695 -6.2224 178.391 -9.58941
15696 -6.2224 179.56 -9.04181
15697 -6.2224 179.499 -9.22941
15698 -6.1955 179.474 -9.30681
15699 -6.1956 179.37 -9.29061
15700 -6.1956 179.015 -9.29061
15701 -6.2224 180.154 -9.47341
15702 -6.2224 179.994 -9.58941
15703 -6.1955 179.928 -9.63721
15704 -6.1956 179.854 -9.56341
15705 -6.1956 179.567 -9.35451
15706 -6.2224 180.381 -10.1718
15707 -6.2224 180.184 -10.1718
15708 -6.1955 180.102 -10.1718
15709 -6.1956 180.086 -10.0685
15710 -6.1956 179.976 -9.73051
15711 -6.2224 180.154 -10.8701
15712 -6.2224 179.994 -10.7542
15713 -6.1955 179.928 -10.7064
15714 -6.1956 179.976 -10.6131
15715 -6.1956 180.086 -10.275
15716 -6.2224 179.56 -11.3017
15717 -6.2224 179.499 -11.1141
15718 -6.1955 179.474 -11.0368
15719 -6.1956 179.567 -10.9891
15720 -6.1956 179.854 -10.7801
15721 -6.2224 178.826 -11.3017
15722 -6.2224 178.887 -11.1141
15723 -6.1955 178.912 -11.0368
15724 -6.1956 179.015 -11.0529
15725 -6.1956 179.37 -11.0529
15726 -6.2224 178.232 -10.8701
15727 -6.2224 178.391 -10.7542
15728 -6.1955 178.457 -10.7064
15729 -6.1956 178.531 -10.7801
15730 -6.1956 178.818 -10.9891
15731 -6.2224 178.005 -10.1718
15732 -6.2224 178.202 -10.1718
15733 -6.1955 178.283 -10.1718
15734 -6.1956 178.3 -10.275
15735 -6.1956 178.41 -10.6131
15736 -6.1956 178.41 -9.73051
15737 -6.1956 178.3 -10.0685
15738 -5.1898 179.56 -9.04181
15739 -5.1898 178.826 -9.04181
15740 -5.1898 178.887 -9.22941
15741 -5.2166 178.912 -9.30681
15742 -5.2166 179.015 -9.29061
15743 -5.2166 179.37 -9.29061
15744 -5.2166 179.474 -9.30681
15745 -5.1898 179.499 -9.22941
15746 -5.1898 178.232 -9.47341
15747 -5.1898 178.391 -9.58941
15748 -5.2166 178.457 -9.63721
15749 -5.2166 178.531 -9.56341
15750 -5.2166 178.818 -9.35451
15751 -5.1898 178.005 -10.1718
15752 -5.1898 178.202 -10.1718
15753 -5.2166 178.283 -10.1718
15754 -5.2166 178.3 -10.0685
15755 -5.2166 178.41 -9.73051
15756 -5.1898 178.232 -10.8701
15757 -5.1898 178.391 -10.7542
15758 -5.2166 178.457 -10.7064
15759 -5.2166 178.41 -10.6131
15760 -5.2166 178.3 -10.275
15761 -5.1898 178.826 -11.3017
15762 -5.1898 178.887 -11.1141
15763 -5.2166 178.912 -11.0368
15764 -5.2166 178.818 -10.9891
15765 -5.2166 178.531 -10.7801
15766 -5.1898 179.56 -11.3017
15767 -5.1898 179.499 -11.1141
15768 -5.2166 179.474 -11.0368
15769 -5.2166 179.37 -11.0529
15770 -5.2166 179.015 -11.0529
15771 -5.1898 180.154 -10.8701
15772 -5.1898 179.994 -10.7542
15773 -5.2166 179.928 -10.7064
15774 -5.2166 179.854 -10.7801
15775 -5.2166 179.567 -10.9891
15776 -5.1898 180.381 -10.1718
15777 -5.1898 180.184 -10.1718
15778 -5.2166 180.102 -10.1718
15779 -5.2166 180.086 -10.275
15780 -5.2166 179.976 -10.6131
15781 -5.1898 180.154 -9.47341
15782 -5.1898 179.994 -9.58941
15783 -5.2166 179.928 -9.63721
15784 -5.2166 179.976 -9.73051
15785 -5.2166 180.086 -10.0685
15786 -5.2166 179.567 -9.35451
15787 -5.2166 179.854 -9.56341
15788 -6.1152 179.906 -9.65351
15789 -6.1152 180.074 -10.1718
15790 -5.297 180.074 -10.1718
15791 -5.297 179.906 -9.65351
15792 -6.1152 179.906 -10.69
15793 -5.297 179.906 -10.69
15794 -6.1152 179.465 -11.0103
15795 -5.297 179.465 -11.0103
15796 -6.1152 178.92 -11.0103
15797 -5.297 178.92 -11.0103
15798 -6.1152 178.479 -10.69
15799 -5.297 178.479 -10.69
15800 -6.1152 178.311 -10.1718
15801 -5.297 178.311 -10.1718
15802 -6.1152 178.479 -9.65351
15803 -5.297 178.479 -9.65351
15804 -6.1152 178.92 -9.33321
15805 -5.297 178.92 -9.33321
15806 -6.1152 179.465 -9.33321
15807 -5.297 179.465 -9.33321
15808 5.3529 178.709 -8.97671
15809 5.3529 178.206 -9.34251
15810 6.195 178.206 -9.34251
15811 6.195 178.709 -8.97671
15812 5.3529 179.504 -8.92071
15813 5.3529 178.881 -8.92071
15814 6.195 178.881 -8.92071
15815 6.195 179.504 -8.92071
15816 5.3529 180.18 -9.34251
15817 5.3529 179.676 -8.97671
15818 6.195 179.676 -8.97671
15819 6.195 180.18 -9.34251
15820 5.3529 180.479 -10.0811
15821 5.3529 180.286 -9.48921
15822 6.195 180.286 -9.48921
15823 6.195 180.479 -10.0811
15824 5.3529 180.286 -10.8543
15825 5.3529 180.479 -10.2624
15826 6.195 180.479 -10.2624
15827 6.195 180.286 -10.8543
15828 5.3529 179.676 -11.3668
15829 5.3529 180.18 -11.001
15830 6.195 180.18 -11.001
15831 6.195 179.676 -11.3668
15832 5.3529 178.881 -11.4228
15833 5.3529 179.504 -11.4228
15834 6.195 179.504 -11.4228
15835 6.195 178.881 -11.4228
15836 5.3529 178.206 -11.001
15837 5.3529 178.709 -11.3668
15838 6.195 178.709 -11.3668
15839 6.195 178.206 -11.001
15840 5.3529 177.907 -10.2624
15841 5.3529 178.099 -10.8543
15842 6.195 178.099 -10.8543
15843 6.195 177.907 -10.2624
15844 5.3529 178.099 -9.48921
15845 5.3529 177.907 -10.0811
15846 6.195 177.907 -10.0811
15847 6.195 178.099 -9.48921
15848 5.2576 178.29 -9.39861
15849 5.2576 178.736 -9.07491
15850 5.2576 178.803 -9.28101
15851 5.2576 178.466 -9.52601
15852 5.2576 178.917 -9.01601
15853 5.2576 179.468 -9.01601
15854 5.2576 179.401 -9.22211
15855 5.2576 178.984 -9.22211
15856 5.2576 179.649 -9.07491
15857 5.2576 180.095 -9.39861
15858 5.2576 179.919 -9.52601
15859 5.2576 179.582 -9.28101
15860 5.2576 180.207 -9.55271
15861 5.2576 180.377 -10.0765
15862 5.2576 180.16 -10.0765
15863 5.2576 180.031 -9.68021
15864 5.2576 180.377 -10.267
15865 5.2576 180.207 -10.7908
15866 5.2576 180.031 -10.6634
15867 5.2576 180.16 -10.267
15868 5.2576 180.095 -10.945
15869 5.2576 179.649 -11.2686
15870 5.2576 179.582 -11.0625
15871 5.2576 179.919 -10.8175
15872 5.2576 179.468 -11.3275
15873 5.2576 178.917 -11.3275
15874 5.2576 178.984 -11.1214
15875 5.2576 179.401 -11.1214
15876 5.2576 178.736 -11.2686
15877 5.2576 178.29 -10.945
15878 5.2576 178.466 -10.8175
15879 5.2576 178.803 -11.0625
15880 5.2576 178.178 -10.7908
15881 5.2576 178.008 -10.267
15882 5.2576 178.225 -10.267
15883 5.2576 178.354 -10.6634
15884 5.2576 178.008 -10.0765
15885 5.2576 178.178 -9.55271
15886 5.2576 178.354 -9.68021
15887 5.2576 178.225 -10.0765
15888 6.2903 179.468 -9.01601
15889 6.2903 178.917 -9.01601
15890 6.2903 178.984 -9.22211
15891 6.2903 179.401 -9.22211
15892 6.2903 178.736 -9.07491
15893 6.2903 178.29 -9.39861
15894 6.2903 178.466 -9.52601
15895 6.2903 178.803 -9.28101
15896 6.2903 178.178 -9.55271
15897 6.2903 178.008 -10.0765
15898 6.2903 178.225 -10.0765
15899 6.2903 178.354 -9.68021
15900 6.2903 178.008 -10.267
15901 6.2903 178.178 -10.7908
15902 6.2903 178.354 -10.6634
15903 6.2903 178.225 -10.267
15904 6.2903 178.29 -10.945
15905 6.2903 178.736 -11.2686
15906 6.2903 178.803 -11.0625
15907 6.2903 178.466 -10.8175
15908 6.2903 178.917 -11.3275
15909 6.2903 179.468 -11.3275
15910 6.2903 179.401 -11.1214
15911 6.2903 178.984 -11.1214
15912 6.2903 179.649 -11.2686
15913 6.2903 180.095 -10.945
15914 6.2903 179.919 -10.8175
15915 6.2903 179.582 -11.0625
15916 6.2903 180.207 -10.7908
15917 6.2903 180.377 -10.267
15918 6.2903 180.16 -10.267
15919 6.2903 180.031 -10.6634
15920 6.2903 180.377 -10.0765
15921 6.2903 180.207 -9.55271
15922 6.2903 180.031 -9.68021
15923 6.2903 180.16 -10.0765
15924 6.2903 180.095 -9.39861
15925 6.2903 179.649 -9.07491
15926 6.2903 179.582 -9.28101
15927 6.2903 179.919 -9.52601
15928 5.3529 179.949 -9.73441
15929 5.3529 180.061 -10.0811
15930 6.195 180.061 -10.0811
15931 6.195 179.949 -9.73441
15932 5.3529 180.061 -10.2624
15933 5.3529 179.949 -10.6091
15934 6.195 179.949 -10.6091
15935 6.195 180.061 -10.2624
15936 5.3529 179.842 -10.7558
15937 5.3529 179.547 -10.9701
15938 6.195 179.547 -10.9701
15939 6.195 179.842 -10.7558
15940 5.3529 179.375 -11.0261
15941 5.3529 179.01 -11.0261
15942 6.195 179.01 -11.0261
15943 6.195 179.375 -11.0261
15944 5.3529 178.838 -10.9701
15945 5.3529 178.543 -10.7558
15946 6.195 178.543 -10.7558
15947 6.195 178.838 -10.9701
15948 5.3529 178.436 -10.6091
15949 5.3529 178.324 -10.2624
15950 6.195 178.324 -10.2624
15951 6.195 178.436 -10.6091
15952 5.3529 178.324 -10.0811
15953 5.3529 178.436 -9.73441
15954 6.195 178.436 -9.73441
15955 6.195 178.324 -10.0811
15956 5.3529 178.543 -9.58771
15957 5.3529 178.838 -9.37341
15958 6.195 178.838 -9.37341
15959 6.195 178.543 -9.58771
15960 5.3529 179.01 -9.31741
15961 5.3529 179.375 -9.31741
15962 6.195 179.375 -9.31741
15963 6.195 179.01 -9.31741
15964 5.3529 179.547 -9.37341
15965 5.3529 179.842 -9.58771
15966 6.195 179.842 -9.58771
15967 6.195 179.547 -9.37341
15968 5.3529 178.791 -8.93471
15969 5.2806 178.798 -8.95761
15970 5.2814 178.716 -9.00121
15971 5.2814 178.227 -9.35651
15972 5.2806 178.16 -9.42131
15973 5.3529 178.14 -9.40721
15974 6.195 178.14 -9.40721
15975 6.2673 178.16 -9.42131
15976 6.2664 178.227 -9.35651
15977 6.2664 178.716 -9.00121
15978 6.2673 178.798 -8.95761
15979 6.195 178.791 -8.93471
15980 5.3529 179.595 -8.93471
15981 5.2806 179.587 -8.95761
15982 5.2814 179.495 -8.94451
15983 5.2814 178.89 -8.94451
15984 6.2664 178.89 -8.94451
15985 6.2664 179.495 -8.94451
15986 6.2673 179.587 -8.95761
15987 6.195 179.595 -8.93471
15988 5.3529 180.245 -9.40721
15989 5.2806 180.225 -9.42131
15990 5.2814 180.158 -9.35651
15991 5.2814 179.669 -9.00121
15992 6.2664 179.669 -9.00121
15993 6.2664 180.158 -9.35651
15994 6.2673 180.225 -9.42131
15995 6.195 180.245 -9.40721
15996 5.3529 180.493 -10.1718
15997 5.2806 180.469 -10.1718
15998 5.2814 180.453 -10.08
15999 5.2814 180.266 -9.50511
16000 6.2664 180.266 -9.50511
16001 6.2664 180.453 -10.08
16002 6.2673 180.469 -10.1718
16003 6.195 180.493 -10.1718
16004 5.3529 180.245 -10.9363
16005 5.2806 180.225 -10.9222
16006 5.2814 180.266 -10.8384
16007 5.2814 180.453 -10.2636
16008 6.2664 180.453 -10.2636
16009 6.2664 180.266 -10.8384
16010 6.2673 180.225 -10.9222
16011 6.195 180.245 -10.9363
16012 5.3529 179.595 -11.4088
16013 5.2806 179.587 -11.386
16014 5.2814 179.669 -11.3423
16015 5.2814 180.158 -10.987
16016 6.2664 180.158 -10.987
16017 6.2664 179.669 -11.3423
16018 6.2673 179.587 -11.386
16019 6.195 179.595 -11.4088
16020 5.3529 178.791 -11.4088
16021 5.2806 178.798 -11.386
16022 5.2814 178.89 -11.399
16023 5.2814 179.495 -11.399
16024 6.2664 179.495 -11.399
16025 6.2664 178.89 -11.399
16026 6.2673 178.798 -11.386
16027 6.195 178.791 -11.4088
16028 5.3529 178.14 -10.9363
16029 5.2806 178.16 -10.9222
16030 5.2814 178.227 -10.987
16031 5.2814 178.716 -11.3423
16032 6.2664 178.716 -11.3423
16033 6.2664 178.227 -10.987
16034 6.2673 178.16 -10.9222
16035 6.195 178.14 -10.9363
16036 5.3529 177.892 -10.1718
16037 5.2806 177.916 -10.1718
16038 5.2814 177.932 -10.2636
16039 5.2814 178.119 -10.8384
16040 6.2664 178.119 -10.8384
16041 6.2664 177.932 -10.2636
16042 6.2673 177.916 -10.1718
16043 6.195 177.892 -10.1718
16044 5.2814 178.119 -9.50511
16045 5.2814 177.932 -10.08
16046 6.2664 177.932 -10.08
16047 6.2664 178.119 -9.50511
16048 5.2576 178.22 -9.46511
16049 5.2576 178.821 -9.02841
16050 5.2576 178.89 -9.23921
16051 5.2815 178.912 -9.30801
16052 5.2814 178.829 -9.35031
16053 5.2814 178.524 -9.57231
16054 5.2815 178.458 -9.63791
16055 5.2576 178.399 -9.59541
16056 5.2576 179.564 -9.02841
16057 5.2576 179.496 -9.23921
16058 5.2815 179.473 -9.30801
16059 5.2814 179.381 -9.29361
16060 5.2814 179.004 -9.29361
16061 5.2576 180.165 -9.46511
16062 5.2576 179.986 -9.59541
16063 5.2815 179.928 -9.63791
16064 5.2814 179.862 -9.57231
16065 5.2814 179.556 -9.35031
16066 5.2576 180.395 -10.1718
16067 5.2576 180.173 -10.1718
16068 5.2815 180.101 -10.1718
16069 5.2814 180.086 -10.08
16070 5.2814 179.969 -9.72081
16071 5.2576 180.165 -10.8784
16072 5.2576 179.986 -10.7481
16073 5.2815 179.928 -10.7056
16074 5.2814 179.969 -10.6227
16075 5.2814 180.086 -10.2636
16076 5.2576 179.564 -11.3151
16077 5.2576 179.496 -11.1043
16078 5.2815 179.473 -11.0356
16079 5.2814 179.556 -10.9932
16080 5.2814 179.862 -10.7712
16081 5.2576 178.821 -11.3151
16082 5.2576 178.89 -11.1043
16083 5.2815 178.912 -11.0356
16084 5.2814 179.004 -11.0499
16085 5.2814 179.381 -11.0499
16086 5.2576 178.22 -10.8784
16087 5.2576 178.399 -10.7481
16088 5.2815 178.458 -10.7056
16089 5.2814 178.524 -10.7712
16090 5.2814 178.829 -10.9932
16091 5.2576 177.99 -10.1718
16092 5.2576 178.212 -10.1718
16093 5.2815 178.284 -10.1718
16094 5.2814 178.299 -10.2636
16095 5.2814 178.416 -10.6227
16096 5.2814 178.416 -9.72081
16097 5.2814 178.299 -10.08
16098 6.2903 179.564 -9.02841
16099 6.2903 178.821 -9.02841
16100 6.2903 178.89 -9.23921
16101 6.2664 178.912 -9.30801
16102 6.2664 179.004 -9.29361
16103 6.2664 179.381 -9.29361
16104 6.2664 179.473 -9.30801
16105 6.2903 179.496 -9.23921
16106 6.2903 178.22 -9.46511
16107 6.2903 178.399 -9.59541
16108 6.2664 178.458 -9.63791
16109 6.2664 178.524 -9.57231
16110 6.2664 178.829 -9.35031
16111 6.2903 177.99 -10.1718
16112 6.2903 178.212 -10.1718
16113 6.2664 178.284 -10.1718
16114 6.2664 178.299 -10.08
16115 6.2664 178.416 -9.72081
16116 6.2903 178.22 -10.8784
16117 6.2903 178.399 -10.7481
16118 6.2664 178.458 -10.7056
16119 6.2664 178.416 -10.6227
16120 6.2664 178.299 -10.2636
16121 6.2903 178.821 -11.3151
16122 6.2903 178.89 -11.1043
16123 6.2664 178.912 -11.0356
16124 6.2664 178.829 -10.9932
16125 6.2664 178.524 -10.7712
16126 6.2903 179.564 -11.3151
16127 6.2903 179.496 -11.1043
16128 6.2664 179.473 -11.0356
16129 6.2664 179.381 -11.0499
16130 6.2664 179.004 -11.0499
16131 6.2903 180.165 -10.8784
16132 6.2903 179.986 -10.7481
16133 6.2664 179.928 -10.7056
16134 6.2664 179.862 -10.7712
16135 6.2664 179.556 -10.9932
16136 6.2903 180.395 -10.1718
16137 6.2903 180.173 -10.1718
16138 6.2664 180.101 -10.1718
16139 6.2664 180.086 -10.2636
16140 6.2664 179.969 -10.6227
16141 6.2903 180.165 -9.46511
16142 6.2903 179.986 -9.59541
16143 6.2664 179.928 -9.63791
16144 6.2664 179.969 -9.72081
16145 6.2664 180.086 -10.08
16146 6.2664 179.556 -9.35031
16147 6.2664 179.862 -9.57231
16148 5.3529 179.908 -9.65241
16149 5.3529 180.076 -10.1718
16150 6.195 180.076 -10.1718
16151 6.195 179.908 -9.65241
16152 5.3529 179.908 -10.6911
16153 6.195 179.908 -10.6911
16154 5.3529 179.466 -11.0121
16155 6.195 179.466 -11.0121
16156 5.3529 178.92 -11.0121
16157 6.195 178.92 -11.0121
16158 5.3529 178.478 -10.6911
16159 6.195 178.478 -10.6911
16160 5.3529 178.309 -10.1718
16161 6.195 178.309 -10.1718
16162 5.3529 178.478 -9.65241
16163 6.195 178.478 -9.65241
16164 5.3529 178.92 -9.33141
16165 6.195 178.92 -9.33141
16166 5.3529 179.466 -9.33141
16167 6.195 179.466 -9.33141
16168 -7.2229 179.944 -10.7178
16169 -7.2229 180.122 -10.1718
16170 -7.0997 180.122 -10.1718
16171 -7.0997 179.944 -10.7178
16172 -7.2229 179.48 -11.0553
16173 -7.0997 179.48 -11.0553
16174 -7.2229 178.906 -11.0553
16175 -7.0997 178.906 -11.0553
16176 -7.2229 178.441 -10.7178
16177 -7.0997 178.441 -10.7178
16178 -7.2229 178.264 -10.1718
16179 -7.0997 178.264 -10.1718
16180 -7.2229 178.441 -9.62571
16181 -7.0997 178.441 -9.62571
16182 -7.2229 178.906 -9.28821
16183 -7.0997 178.906 -9.28821
16184 -7.2229 179.48 -9.28821
16185 -7.0997 179.48 -9.28821
16186 -7.2229 179.944 -9.62571
16187 -7.0997 179.944 -9.62571
16188 -7.2229 179.837 -10.6397
16189 -7.2229 179.989 -10.1718
16190 -7.2229 179.439 -10.929
16191 -7.2229 178.947 -10.929
16192 -7.2229 178.548 -10.6397
16193 -7.2229 178.397 -10.1718
16194 -7.2229 178.548 -9.70381
16195 -7.2229 178.947 -9.41451
16196 -7.2229 179.439 -9.41451
16197 -7.2229 179.837 -9.70381
16198 7.7488 179.48 -11.0553
16199 7.7488 179.944 -10.7178
16200 7.7488 179.837 -10.6397
16201 7.7488 179.439 -10.929
16202 7.7488 180.122 -10.1718
16203 7.7488 179.989 -10.1718
16204 7.7488 179.944 -9.62571
16205 7.7488 179.837 -9.70381
16206 7.7488 179.48 -9.28821
16207 7.7488 179.439 -9.41451
16208 7.7488 178.906 -9.28821
16209 7.7488 178.947 -9.41451
16210 7.7488 178.441 -9.62571
16211 7.7488 178.548 -9.70381
16212 7.7488 178.264 -10.1718
16213 7.7488 178.397 -10.1718
16214 7.7488 178.441 -10.7178
16215 7.7488 178.548 -10.6397
16216 7.7488 178.906 -11.0553
16217 7.7488 178.947 -10.929
16218 -7.2229 179.433 -10.3462
16219 -7.2229 178.953 -9.99741
16220 7.7488 179.433 -10.3462
16221 7.7488 178.953 -9.99741
16222 7.6556 180.122 -10.1718
16223 7.6556 179.944 -10.7178
16224 7.6556 179.48 -11.0553
16225 7.6556 178.906 -11.0553
16226 7.6556 178.441 -10.7178
16227 7.6556 178.264 -10.1718
16228 7.6556 178.441 -9.62571
16229 7.6556 178.906 -9.28821
16230 7.6556 179.48 -9.28821
16231 7.6556 179.944 -9.62571
16232 10.3712 203.531 8.38499
16233 10.204 205.394 8.38499
16234 9.864 205.332 8.53628
16235 10.0257 203.531 8.53628
16236 9.6801 203.531 8.38499
16237 9.5239 205.271 8.38499
16238 9.5239 205.271 8.13778
16239 9.6801 203.531 8.13778
16240 9.6801 203.531 7.89058
16241 9.5239 205.271 7.89058
16242 9.864 205.332 7.73938
16243 10.0257 203.531 7.73939
16244 10.3712 203.531 7.89058
16245 10.204 205.394 7.89058
16246 9.7217 207.148 8.38499
16247 9.3979 207.028 8.53628
16248 9.074 206.907 8.38499
16249 9.074 206.907 8.13778
16250 9.074 206.907 7.89058
16251 9.3979 207.028 7.73938
16252 9.7217 207.148 7.89058
16253 8.9539 208.764 8.38498
16254 8.6558 208.589 8.53628
16255 8.3576 208.415 8.38499
16256 8.3576 208.415 8.13778
16257 8.3576 208.415 7.89058
16258 8.6558 208.589 7.73938
16259 8.9539 208.764 7.89058
16260 7.9302 210.212 8.38498
16261 7.6661 209.989 8.53628
16262 7.402 209.766 8.38498
16263 7.402 209.766 8.13778
16264 7.402 209.766 7.89058
16265 7.6661 209.989 7.73938
16266 7.9302 210.212 7.89058
16267 6.68 211.462 8.38498
16268 6.4574 211.198 8.53628
16269 6.2347 210.934 8.38498
16270 6.2347 210.934 8.13778
16271 6.2347 210.934 7.89058
16272 6.4574 211.198 7.73938
16273 6.68 211.462 7.89058
16274 5.2324 212.485 8.38498
16275 5.0579 212.187 8.53628
16276 4.8834 211.889 8.38498
16277 4.8834 211.889 8.13778
16278 4.8834 211.889 7.89058
16279 5.0579 212.187 7.73938
16280 5.2324 212.485 7.89058
16281 3.6167 213.253 8.38498
16282 3.4963 212.929 8.53628
16283 3.3759 212.605 8.38498
16284 3.3759 212.605 8.13778
16285 3.3759 212.605 7.89058
16286 3.4963 212.929 7.73938
16287 3.6167 213.253 7.89058
16288 1.8623 213.736 8.38498
16289 1.8008 213.395 8.53628
16290 1.7393 213.055 8.38498
16291 1.7393 213.055 8.13778
16292 1.7393 213.055 7.89058
16293 1.8008 213.395 7.73938
16294 1.8623 213.736 7.89058
16295 0 213.903 8.38498
16296 0 213.557 8.53628
16297 0 213.212 8.38498
16298 0 213.212 8.13778
16299 0 213.212 7.89058
16300 0 213.557 7.73938
16301 0 213.903 7.89058
16302 -1.8623 213.736 8.38498
16303 -1.8008 213.395 8.53628
16304 -1.7393 213.055 8.38498
16305 -1.7393 213.055 8.13778
16306 -1.7393 213.055 7.89058
16307 -1.8008 213.395 7.73938
16308 -1.8623 213.736 7.89058
16309 -3.6167 213.253 8.38498
16310 -3.4963 212.929 8.53628
16311 -3.3759 212.605 8.38498
16312 -3.3759 212.605 8.13778
16313 -3.3759 212.605 7.89058
16314 -3.4963 212.929 7.73938
16315 -3.6167 213.253 7.89058
16316 -5.2324 212.485 8.38498
16317 -5.0579 212.187 8.53628
16318 -4.8834 211.889 8.38498
16319 -4.8834 211.889 8.13778
16320 -4.8834 211.889 7.89058
16321 -5.0579 212.187 7.73938
16322 -5.2324 212.485 7.89058
16323 -6.68 211.462 8.38498
16324 -6.4574 211.198 8.53628
16325 -6.2347 210.934 8.38498
16326 -6.2347 210.934 8.13778
16327 -6.2347 210.934 7.89058
16328 -6.4574 211.198 7.73938
16329 -6.68 211.462 7.89058
16330 -7.9302 210.212 8.38498
16331 -7.6661 209.989 8.53628
16332 -7.402 209.766 8.38498
16333 -7.402 209.766 8.13778
16334 -7.402 209.766 7.89058
16335 -7.6661 209.989 7.73938
16336 -7.9302 210.212 7.89058
16337 -8.9539 208.764 8.38498
16338 -8.6558 208.589 8.53628
16339 -8.3576 208.415 8.38499
16340 -8.3576 208.415 8.13778
16341 -8.3576 208.415 7.89058
16342 -8.6558 208.589 7.73938
16343 -8.9539 208.764 7.89058
16344 -9.7217 207.148 8.38499
16345 -9.3979 207.028 8.53628
16346 -9.074 206.907 8.38499
16347 -9.074 206.907 8.13778
16348 -9.074 206.907 7.89058
16349 -9.3979 207.028 7.73938
16350 -9.7217 207.148 7.89058
16351 -10.204 205.394 8.38499
16352 -9.864 205.332 8.53628
16353 -9.5239 205.271 8.38499
16354 -9.5239 205.271 8.13778
16355 -9.5239 205.271 7.89058
16356 -9.864 205.332 7.73938
16357 -10.204 205.394 7.89058
16358 -10.3712 203.531 8.38499
16359 -10.0257 203.531 8.53628
16360 -9.6801 203.531 8.38499
16361 -9.6801 203.531 8.13778
16362 -9.6801 203.531 7.89058
16363 -10.0257 203.531 7.73939
16364 -10.3712 203.531 7.89058
16365 -10.204 201.669 8.38499
16366 -9.864 201.731 8.53628
16367 -9.5239 201.792 8.38499
16368 -9.5239 201.792 8.13778
16369 -9.5239 201.792 7.89058
16370 -9.864 201.731 7.73939
16371 -10.204 201.669 7.89058
16372 -9.7217 199.915 8.38499
16373 -9.3979 200.035 8.53628
16374 -9.074 200.156 8.38499
16375 -9.074 200.156 8.13778
16376 -9.074 200.156 7.89058
16377 -9.3979 200.035 7.73939
16378 -9.7217 199.915 7.89058
16379 -8.9539 198.299 8.38499
16380 -8.6558 198.473 8.53628
16381 -8.3576 198.648 8.38499
16382 -8.3576 198.648 8.13778
16383 -8.3576 198.648 7.89058
16384 -8.6558 198.473 7.73939
16385 -8.9539 198.299 7.89058
16386 -7.9302 196.852 8.38499
16387 -7.6661 197.074 8.53628
16388 -7.402 197.297 8.38499
16389 -7.402 197.297 8.13778
16390 -7.402 197.297 7.89058
16391 -7.6661 197.074 7.73939
16392 -7.9302 196.852 7.89058
16393 -6.68 195.601 8.38499
16394 -6.4574 195.865 8.53628
16395 -6.2347 196.13 8.38499
16396 -6.2347 196.13 8.13778
16397 -6.2347 196.13 7.89058
16398 -6.4574 195.865 7.73939
16399 -6.68 195.601 7.89058
16400 -5.2324 194.578 8.38499
16401 -5.0579 194.876 8.53628
16402 -4.8834 195.174 8.38499
16403 -4.8834 195.174 8.13779
16404 -4.8834 195.174 7.89058
16405 -5.0579 194.876 7.73939
16406 -5.2324 194.578 7.89058
16407 -3.6167 193.81 8.38499
16408 -3.4963 194.134 8.53628
16409 -3.3759 194.458 8.38499
16410 -3.3759 194.458 8.13779
16411 -3.3759 194.458 7.89058
16412 -3.4963 194.134 7.73939
16413 -3.6167 193.81 7.89058
16414 -1.8623 193.327 8.38499
16415 -1.8008 193.667 8.53628
16416 -1.7393 194.008 8.38499
16417 -1.7393 194.008 8.13779
16418 -1.7393 194.008 7.89058
16419 -1.8008 193.667 7.73939
16420 -1.8623 193.327 7.89058
16421 0 193.16 8.38499
16422 0 193.506 8.53628
16423 0 193.851 8.38499
16424 0 193.851 8.13779
16425 0 193.851 7.89058
16426 0 193.506 7.73939
16427 0 193.16 7.89058
16428 1.8623 193.327 8.38499
16429 1.8008 193.667 8.53628
16430 1.7393 194.008 8.38499
16431 1.7393 194.008 8.13779
16432 1.7393 194.008 7.89058
16433 1.8008 193.667 7.73939
16434 1.8623 193.327 7.89058
16435 3.6167 193.81 8.38499
16436 3.4963 194.134 8.53628
16437 3.3759 194.458 8.38499
16438 3.3759 194.458 8.13779
16439 3.3759 194.458 7.89058
16440 3.4963 194.134 7.73939
16441 3.6167 193.81 7.89058
16442 5.2324 194.578 8.38499
16443 5.0579 194.876 8.53628
16444 4.8834 195.174 8.38499
16445 4.8834 195.174 8.13779
16446 4.8834 195.174 7.89058
16447 5.0579 194.876 7.73939
16448 5.2324 194.578 7.89058
16449 6.68 195.601 8.38499
16450 6.4574 195.865 8.53628
16451 6.2347 196.129 8.38499
16452 6.2347 196.129 8.13778
16453 6.2347 196.129 7.89058
16454 6.4574 195.865 7.73939
16455 6.68 195.601 7.89058
16456 7.9302 196.852 8.38499
16457 7.6661 197.074 8.53628
16458 7.402 197.297 8.38499
16459 7.402 197.297 8.13778
16460 7.402 197.297 7.89058
16461 7.6661 197.074 7.73939
16462 7.9302 196.852 7.89058
16463 8.9539 198.299 8.38499
16464 8.6558 198.473 8.53628
16465 8.3576 198.648 8.38499
16466 8.3576 198.648 8.13778
16467 8.3576 198.648 7.89058
16468 8.6558 198.473 7.73939
16469 8.9539 198.299 7.89058
16470 9.7217 199.915 8.38499
16471 9.3979 200.035 8.53628
16472 9.074 200.156 8.38499
16473 9.074 200.156 8.13778
16474 9.074 200.156 7.89058
16475 9.3979 200.035 7.73939
16476 9.7217 199.915 7.89058
16477 10.204 201.669 8.38499
16478 9.864 201.731 8.53628
16479 9.5239 201.792 8.38499
16480 9.5239 201.792 8.13778
16481 9.5239 201.792 7.89058
16482 9.864 201.731 7.73939
16483 10.204 201.669 7.89058
16484 -17.8041 106.985 -36.9497
16485 -39.9377 106.985 -36.9497
16486 -39.8872 109.107 -36.071
16487 -17.8041 109.107 -36.071
16488 -39.7652 109.985 -33.9497
16489 -17.8041 109.985 -33.9497
16490 -39.6432 109.107 -31.8284
16491 -17.8041 109.107 -31.8284
16492 -39.5927 106.985 -30.9497
16493 -17.8041 106.985 -30.9497
16494 -39.6432 104.864 -31.8284
16495 -17.8041 104.864 -31.8284
16496 -39.7652 103.985 -33.9497
16497 -17.8041 103.985 -33.9497
16498 -39.8872 104.864 -36.071
16499 -17.8041 104.864 -36.071
16500 -45.9506 106.985 -36.2559
16501 -45.7496 109.107 -35.3946
16502 -45.2644 109.985 -33.3152
16503 -44.7792 109.107 -31.2358
16504 -44.5782 106.985 -30.3745
16505 -44.7792 104.864 -31.2358
16506 -45.2644 103.985 -33.3152
16507 -45.7496 104.864 -35.3946
16508 -51.6414 106.985 -34.2197
16509 -51.2528 109.107 -33.4255
16510 -50.3146 109.985 -31.5082
16511 -49.3763 109.107 -29.5909
16512 -48.9877 106.985 -28.7967
16513 -49.3763 104.864 -29.5909
16514 -50.3146 103.985 -31.5082
16515 -51.2528 104.864 -33.4255
16516 -56.6593 106.985 -31.0277
16517 -56.1062 109.107 -30.3381
16518 -54.7709 109.985 -28.6734
16519 -53.4357 109.107 -27.0086
16520 -52.8826 106.985 -26.319
16521 -53.4357 104.864 -27.0086
16522 -54.7709 103.985 -28.6734
16523 -56.1062 104.864 -30.3381
16524 -60.8433 106.985 -26.8437
16525 -60.1537 109.107 -26.2906
16526 -58.4889 109.985 -24.9554
16527 -56.8241 109.107 -23.6202
16528 -56.1345 106.985 -23.0672
16529 -56.8241 104.864 -23.6202
16530 -58.4889 103.985 -24.9554
16531 -60.1537 104.864 -26.2906
16532 -64.0352 106.985 -21.8259
16533 -63.241 109.107 -21.4372
16534 -61.3237 109.985 -20.499
16535 -59.4064 109.107 -19.5608
16536 -58.6122 106.985 -19.1722
16537 -59.4064 104.864 -19.5608
16538 -61.3237 103.985 -20.499
16539 -63.241 104.864 -21.4372
16540 -66.0714 106.985 -16.1351
16541 -65.2101 109.107 -15.9341
16542 -63.1307 109.985 -15.4489
16543 -61.0513 109.107 -14.9637
16544 -60.19 106.985 -14.7627
16545 -61.0513 104.864 -14.9637
16546 -63.1307 103.985 -15.4489
16547 -65.2101 104.864 -15.9341
16548 -66.7652 106.985 -10.1221
16549 -65.8865 109.107 -10.0716
16550 -63.7652 109.985 -9.94971
16551 -61.6439 109.107 -9.82771
16552 -60.7652 106.985 -9.77721
16553 -61.6439 104.864 -9.82771
16554 -63.7652 103.985 -9.94971
16555 -65.8865 104.864 -10.0716
16556 -66.7652 106.985 13.6672
16557 -65.8865 109.107 13.6166
16558 -63.7652 109.985 13.4947
16559 -61.6439 109.107 13.3727
16560 -60.7652 106.985 13.3222
16561 -61.6439 104.864 13.3727
16562 -63.7652 103.985 13.4947
16563 -65.8865 104.864 13.6166
16564 -66.0714 106.985 19.6801
16565 -65.2101 109.107 19.4791
16566 -63.1307 109.985 18.9939
16567 -61.0513 109.107 18.5087
16568 -60.19 106.985 18.3077
16569 -61.0513 104.864 18.5087
16570 -63.1307 103.985 18.9939
16571 -65.2101 104.864 19.4791
16572 -64.0352 106.985 25.3709
16573 -63.241 109.107 24.9823
16574 -61.3237 109.985 24.0441
16575 -59.4064 109.107 23.1058
16576 -58.6122 106.985 22.7172
16577 -59.4064 104.864 23.1058
16578 -61.3237 103.985 24.0441
16579 -63.241 104.864 24.9823
16580 -60.8433 106.985 30.3887
16581 -60.1537 109.107 29.8356
16582 -58.4889 109.985 28.5004
16583 -56.8241 109.107 27.1652
16584 -56.1345 106.985 26.6122
16585 -56.8241 104.864 27.1652
16586 -58.4889 103.985 28.5004
16587 -60.1537 104.864 29.8356
16588 -56.6592 106.985 34.5728
16589 -56.1062 109.107 33.8832
16590 -54.7709 109.985 32.2184
16591 -53.4357 109.107 30.5536
16592 -52.8827 106.985 29.864
16593 -53.4357 104.864 30.5536
16594 -54.7709 103.985 32.2184
16595 -56.1062 104.864 33.8832
16596 -51.6414 106.985 37.7647
16597 -51.2528 109.107 36.9705
16598 -50.3145 109.985 35.0532
16599 -49.3763 109.107 33.1359
16600 -48.9877 106.985 32.3417
16601 -49.3763 104.864 33.1359
16602 -50.3145 103.985 35.0532
16603 -51.2528 104.864 36.9705
16604 -45.9506 106.985 39.8009
16605 -45.7496 109.107 38.9396
16606 -45.2644 109.985 36.8602
16607 -44.7792 109.107 34.7808
16608 -44.5782 106.985 33.9195
16609 -44.7792 104.864 34.7808
16610 -45.2644 103.985 36.8602
16611 -45.7496 104.864 38.9396
16612 -39.9376 106.985 40.4947
16613 -39.8871 109.107 39.616
16614 -39.7652 109.985 37.4947
16615 -39.6432 109.107 35.3734
16616 -39.5927 106.985 34.4947
16617 -39.6432 104.864 35.3734
16618 -39.7652 103.985 37.4947
16619 -39.8871 104.864 39.616
16620 -27.4477 109.985 37.4947
16621 -27.3635 109.107 35.3734
16622 -27.3287 106.985 34.4947
16623 -27.3635 104.864 35.3734
16624 -12.9117 109.575 -36.071
16625 -12.1385 107.6 -36.9497
16626 -13.2319 110.393 -33.9497
16627 -12.9117 109.575 -31.8284
16628 -12.1385 107.6 -30.9497
16629 -11.3654 105.624 -31.8284
16630 -11.0452 104.806 -33.9497
16631 -11.3654 105.624 -36.071
16632 -10.0901 111.285 -35.4867
16633 -8.521 109.857 -36.3653
16634 -10.7401 111.876 -33.3653
16635 -10.0901 111.285 -31.244
16636 -8.521 109.857 -30.3653
16637 -6.952 108.43 -31.244
16638 -6.302 107.838 -33.3653
16639 -6.952 108.43 -35.4867
16640 -9.1633 114.122 -34.484
16641 -7.3737 113.072 -35.3627
16642 -9.9046 114.557 -32.3627
16643 -9.1633 114.122 -30.2414
16644 -7.3737 113.072 -29.3627
16645 -5.5841 112.021 -30.2414
16646 -4.8428 111.586 -32.3627
16647 -5.5841 112.021 -34.484
16648 -7.1118 116.855 -34.3425
16649 -8.8128 117.522 -33.4639
16650 -6.9205 173.125 -14.3818
16651 -6.005 173.119 -15.2604
16652 -9.647 117.798 -31.3425
16653 -7.2997 173.127 -12.2604
16654 -8.8128 117.522 -29.2212
16655 -6.9205 173.125 -10.1391
16656 -7.1118 116.855 -28.3425
16657 -6.005 173.119 -9.26041
16658 -5.0978 116.189 -29.2212
16659 -5.0895 173.114 -10.1391
16660 -4.2636 115.913 -31.3425
16661 -4.7103 173.111 -12.2604
16662 -5.0978 116.189 -33.4639
16663 -5.0895 173.114 -14.3818
16664 -5.9885 173.96 -14.9754
16665 -6.8876 173.955 -14.0967
16666 -6.1778 174.371 -13.8787
16667 -5.6214 174.376 -14.7307
16668 -7.26 173.954 -11.9754
16669 -6.4083 174.37 -11.8219
16670 -6.8876 173.955 -9.85411
16671 -6.1778 174.371 -9.76501
16672 -5.9885 173.96 -8.97541
16673 -5.6214 174.376 -8.91301
16674 -5.0894 173.964 -9.85411
16675 -5.065 174.38 -9.76501
16676 -4.717 173.966 -11.9754
16677 -4.8345 174.381 -11.8219
16678 -5.0894 173.964 -14.0967
16679 -5.065 174.38 -13.8787
16680 -5.5085 174.882 -14.4326
16681 -5.9377 174.878 -13.6131
16682 -5.2043 180.41 -11.5734
16683 -5.1649 180.413 -12.3109
16684 -6.1154 174.876 -11.6347
16685 -5.2207 180.408 -9.79291
16686 -5.9377 174.878 -9.65641
16687 -5.2043 180.41 -8.01241
16688 -5.5085 174.882 -8.83691
16689 -5.1649 180.413 -7.27491
16690 -5.0794 174.886 -9.65641
16691 -5.1255 180.417 -8.01241
16692 -4.9016 174.888 -11.6347
16693 -5.1091 180.418 -9.79291
16694 -5.0794 174.886 -13.6131
16695 -5.1255 180.417 -11.5734
16696 -27.5667 106.985 40.4947
16697 -27.5319 109.107 39.616
16698 17.8041 106.985 -36.9497
16699 17.8041 109.107 -36.071
16700 39.8872 109.107 -36.071
16701 39.9377 106.985 -36.9497
16702 17.8041 109.985 -33.9497
16703 39.7652 109.985 -33.9497
16704 17.8041 109.107 -31.8284
16705 39.6432 109.107 -31.8284
16706 17.8041 106.985 -30.9497
16707 39.5927 106.985 -30.9497
16708 17.8041 104.864 -31.8284
16709 39.6432 104.864 -31.8284
16710 17.8041 103.985 -33.9497
16711 39.7652 103.985 -33.9497
16712 17.8041 104.864 -36.071
16713 39.8872 104.864 -36.071
16714 45.7496 109.107 -35.3946
16715 45.9506 106.985 -36.2559
16716 45.2644 109.985 -33.3152
16717 44.7792 109.107 -31.2358
16718 44.5783 106.985 -30.3745
16719 44.7792 104.864 -31.2358
16720 45.2644 103.985 -33.3152
16721 45.7496 104.864 -35.3946
16722 51.2528 109.107 -33.4255
16723 51.6414 106.985 -34.2197
16724 50.3146 109.985 -31.5082
16725 49.3763 109.107 -29.5909
16726 48.9877 106.985 -28.7967
16727 49.3763 104.864 -29.5909
16728 50.3146 103.985 -31.5082
16729 51.2528 104.864 -33.4255
16730 56.1062 109.107 -30.3381
16731 56.6593 106.985 -31.0277
16732 54.771 109.985 -28.6734
16733 53.4357 109.107 -27.0086
16734 52.8826 106.985 -26.319
16735 53.4357 104.864 -27.0086
16736 54.771 103.985 -28.6734
16737 56.1062 104.864 -30.3381
16738 60.1537 109.107 -26.2906
16739 60.8433 106.985 -26.8437
16740 58.4889 109.985 -24.9554
16741 56.8241 109.107 -23.6202
16742 56.1345 106.985 -23.0672
16743 56.8241 104.864 -23.6202
16744 58.4889 103.985 -24.9554
16745 60.1537 104.864 -26.2906
16746 63.241 109.107 -21.4372
16747 64.0352 106.985 -21.8259
16748 61.3237 109.985 -20.499
16749 59.4064 109.107 -19.5608
16750 58.6122 106.985 -19.1722
16751 59.4064 104.864 -19.5608
16752 61.3237 103.985 -20.499
16753 63.241 104.864 -21.4372
16754 65.2101 109.107 -15.9341
16755 66.0714 106.985 -16.1351
16756 63.1307 109.985 -15.4489
16757 61.0513 109.107 -14.9637
16758 60.19 106.985 -14.7627
16759 61.0513 104.864 -14.9637
16760 63.1307 103.985 -15.4489
16761 65.2101 104.864 -15.9341
16762 65.8865 109.107 -10.0716
16763 66.7652 106.985 -10.1221
16764 63.7652 109.985 -9.94971
16765 61.6439 109.107 -9.82771
16766 60.7652 106.985 -9.77721
16767 61.6439 104.864 -9.82771
16768 63.7652 103.985 -9.94971
16769 65.8865 104.864 -10.0716
16770 65.8865 109.107 13.6166
16771 66.7652 106.985 13.6672
16772 63.7652 109.985 13.4947
16773 61.6439 109.107 13.3727
16774 60.7652 106.985 13.3222
16775 61.6439 104.864 13.3727
16776 63.7652 103.985 13.4947
16777 65.8865 104.864 13.6166
16778 65.2101 109.107 19.4791
16779 66.0715 106.985 19.6801
16780 63.1307 109.985 18.9939
16781 61.0513 109.107 18.5087
16782 60.19 106.985 18.3077
16783 61.0513 104.864 18.5087
16784 63.1307 103.985 18.9939
16785 65.2101 104.864 19.4791
16786 63.241 109.107 24.9823
16787 64.0352 106.985 25.3709
16788 61.3237 109.985 24.0441
16789 59.4064 109.107 23.1058
16790 58.6122 106.985 22.7172
16791 59.4064 104.864 23.1058
16792 61.3237 103.985 24.0441
16793 63.241 104.864 24.9823
16794 60.1537 109.107 29.8356
16795 60.8433 106.985 30.3887
16796 58.4889 109.985 28.5004
16797 56.8241 109.107 27.1652
16798 56.1345 106.985 26.6122
16799 56.8241 104.864 27.1652
16800 58.4889 103.985 28.5004
16801 60.1537 104.864 29.8356
16802 56.1062 109.107 33.8832
16803 56.6592 106.985 34.5728
16804 54.771 109.985 32.2184
16805 53.4358 109.107 30.5536
16806 52.8827 106.985 29.864
16807 53.4358 104.864 30.5536
16808 54.771 103.985 32.2184
16809 56.1062 104.864 33.8832
16810 51.2528 109.107 36.9705
16811 51.6414 106.985 37.7647
16812 50.3146 109.985 35.0532
16813 49.3763 109.107 33.1359
16814 48.9877 106.985 32.3417
16815 49.3763 104.864 33.1359
16816 50.3146 103.985 35.0532
16817 51.2528 104.864 36.9705
16818 45.7496 109.107 38.9396
16819 45.9506 106.985 39.8009
16820 45.2644 109.985 36.8602
16821 44.7792 109.107 34.7808
16822 44.5782 106.985 33.9195
16823 44.7792 104.864 34.7808
16824 45.2644 103.985 36.8602
16825 45.7496 104.864 38.9396
16826 39.8871 109.107 39.616
16827 39.9377 106.985 40.4947
16828 39.7652 109.985 37.4947
16829 39.6432 109.107 35.3734
16830 39.5927 106.985 34.4947
16831 39.6432 104.864 35.3734
16832 39.7652 103.985 37.4947
16833 39.8871 104.864 39.616
16834 28.0952 103.985 37.4947
16835 28.009 104.864 35.3734
16836 12.1385 107.6 -36.9497
16837 12.9117 109.575 -36.071
16838 13.2319 110.393 -33.9497
16839 12.9117 109.575 -31.8284
16840 12.1385 107.6 -30.9497
16841 11.3654 105.624 -31.8284
16842 11.0452 104.806 -33.9497
16843 11.3654 105.624 -36.071
16844 8.521 109.857 -36.3653
16845 10.0901 111.285 -35.4867
16846 10.7401 111.876 -33.3653
16847 10.0901 111.285 -31.244
16848 8.521 109.857 -30.3653
16849 6.952 108.43 -31.244
16850 6.302 107.838 -33.3653
16851 6.952 108.43 -35.4867
16852 7.4551 113.453 -35.2044
16853 9.2795 114.444 -34.3257
16854 10.0352 114.854 -32.2044
16855 9.2795 114.444 -30.0831
16856 7.4551 113.453 -29.2044
16857 5.6306 112.463 -30.0831
16858 4.8749 112.052 -32.2044
16859 5.6306 112.463 -34.3257
16860 6.9841 116.855 -34.3425
16861 6.0005 173.272 -15.2087
16862 6.913 173.276 -14.3301
16863 8.9981 117.522 -33.4639
16864 7.291 173.277 -12.2087
16865 9.8323 117.798 -31.3425
16866 6.913 173.276 -10.0874
16867 8.9981 117.522 -29.2212
16868 6.0005 173.272 -9.20871
16869 6.9841 116.855 -28.3425
16870 5.0879 173.268 -10.0874
16871 4.9701 116.189 -29.2212
16872 4.71 173.266 -12.2087
16873 4.1359 115.913 -31.3425
16874 5.0879 173.268 -14.3301
16875 4.9701 116.189 -33.4639
16876 5.9885 173.96 -14.9754
16877 5.6214 174.376 -14.7307
16878 6.1778 174.371 -13.8787
16879 6.8876 173.955 -14.0967
16880 6.4083 174.37 -11.8219
16881 7.26 173.954 -11.9754
16882 6.1778 174.371 -9.76501
16883 6.8876 173.955 -9.85411
16884 5.6214 174.376 -8.91301
16885 5.9885 173.96 -8.97541
16886 5.065 174.38 -9.76501
16887 5.0894 173.964 -9.85411
16888 4.8345 174.381 -11.8219
16889 4.717 173.966 -11.9754
16890 5.065 174.38 -13.8787
16891 5.0894 173.964 -14.0967
16892 5.5085 174.882 -14.4326
16893 5.2739 180.371 -12.3273
16894 5.3164 180.367 -11.5891
16895 5.9377 174.878 -13.6131
16896 5.3339 180.366 -9.80711
16897 6.1155 174.876 -11.6347
16898 5.3164 180.367 -8.02501
16899 5.9377 174.878 -9.65641
16900 5.2739 180.371 -7.28691
16901 5.5085 174.882 -8.83691
16902 5.2315 180.374 -8.02501
16903 5.0794 174.886 -9.65641
16904 5.2139 180.376 -9.80711
16905 4.9016 174.888 -11.6347
16906 5.2315 180.374 -11.5891
16907 5.0794 174.886 -13.6131
16908 -27.4477 103.985 37.4947
16909 -27.5319 104.864 39.616
16910 -5.1398 180.897 -11.3939
16911 -5.1347 180.9 -12.1242
16912 -5.1419 180.895 -9.63081
16913 -5.1398 180.897 -7.86771
16914 -5.1347 180.9 -7.13741
16915 -5.1295 180.904 -7.86771
16916 -5.1274 180.905 -9.63081
16917 -5.1295 180.904 -11.3939
16918 5.273 180.9 -12.1242
16919 5.2781 180.897 -11.3939
16920 5.2803 180.895 -9.63081
16921 5.2781 180.897 -7.86771
16922 5.273 180.9 -7.13741
16923 5.2678 180.904 -7.86771
16924 5.2657 180.905 -9.63081
16925 5.2678 180.904 -11.3939
16926 28.0952 109.985 37.4947
16927 28.009 109.107 35.3734
16928 27.9733 106.985 34.4947
16929 28.217 106.985 40.4947
16930 28.1813 109.107 39.616
16931 28.1813 104.864 39.616
16932 10.285 235.827 19.0597
16933 8.0088 236.5 19.2467
16934 6.6588 230.742 19.5667
16935 11.4084 229.97 19.1744
16936 11.6866 242.451 18.7227
16937 9.8825 242.893 18.872
16938 16.0036 251.594 18.0305
16939 16.6475 250.817 18.0054
16940 23.5933 256.079 17.2029
16941 24.0956 255.005 17.2087
16942 26.1289 257.566 16.9116
16943 28.5777 256.689 16.7533
16944 27.4205 258.309 16.774
16945 29.6182 257.927 16.5991
16946 24.5593 263.161 16.9046
16947 23.8149 261.043 17.0177
16948 26.4244 259.283 16.8153
16949 29.4366 259.48 16.5421
16950 12.8308 264.111 18.1678
16951 12.9883 265.981 18.1487
16952 2.4002 264.536 19.6683
16953 2.9495 262.744 19.5718
16954 -7.4526 258.426 21.6075
16955 -6.4651 257.416 20.9027
16956 -17.5886 243.273 24.5165
16957 -18.017 236.568 24.8192
16958 -15.3118 236.445 23.9351
16959 -14.918 242.753 23.6845
16960 -16.7833 228.061 24.6657
16961 -12.4225 220.976 23.5003
16962 -10.2972 222.954 22.8332
16963 -14.0412 228.501 23.7551
16964 -6.1542 217.723 21.972
16965 -5.5275 220.435 21.7529
16966 0.0262 217.724 20.8182
16967 0.0074 220.434 20.7349
16968 10.452 220.511 19.5948
16969 13.335 224.762 19.2578
16970 11.8368 225.494 19.3152
16971 8.1904 222.065 19.7106
16972 25.6177 258.203 16.9335
16973 25.4302 258.634 16.9427
16974 23.1901 259.045 17.336
16975 23.1152 258.007 17.1718
16976 25.8027 258.918 16.8885
16977 23.5478 259.876 17.3265
16978 6.2087 217.725 20.0472
16979 5.5441 220.437 20.0189
16980 13.2592 260.573 18.4013
16981 13.1653 257.901 18.6718
16982 13.4654 253.986 18.2298
16983 3.829 259.272 19.6961
16984 5.7782 251.696 19.6937
16985 7.1463 244.029 19.1646
16986 -4.5907 254.792 20.9843
16987 -1.2886 238.356 20.9945
16988 5.2254 236.335 19.5765
16989 -5.2783 256.289 20.7776
16990 -10.5747 254.747 22.3709
16991 -13.2692 248.464 23.1295
16992 -0.9313 227.21 21.1721
16993 4.9002 230.588 19.7696
16994 8.1977 222.059 19.7098
16995 5.7239 231.27 19.3086
16996 6.0941 227.543 19.7524
16997 6.9958 236.554 18.468
16998 9.1258 243.423 18.0547
16999 15.293 252.702 17.1785
17000 23.2918 257.005 16.8488
17001 25.9492 257.869 16.5778
17002 26.9917 258.368 16.4487
17003 23.6722 260.459 16.7031
17004 26.2387 259.047 16.5039
17005 12.9999 262.878 17.3803
17006 3.3588 261.547 18.7324
17007 26.7619 258.461 16.8059
17008 -15.9414 249.148 23.9084
17009 13.1252 229.657 19.0736
17010 11.818 235.372 18.9473
17011 12.5321 242.249 18.6526
17012 17.2141 250.124 17.9793
17013 24.3592 254.44 17.2131
17014 29.4551 256.39 16.6963
17015 30.7013 257.738 16.5139
17016 30.5016 259.534 16.441
17017 24.8334 263.945 16.8649
17018 13.0583 266.808 18.1401
17019 2.1741 265.276 19.7078
17020 -8.004 259.275 21.7386
17021 -12.784 254.693 22.9576
17022 6.6698 230.727 19.3978
17023 8.0538 236.479 19.0842
17024 10.2698 235.821 18.8905
17025 11.3952 229.964 19.0051
17026 9.931 242.86 18.7125
17027 11.6706 242.445 18.5536
17028 16.0286 251.55 17.8682
17029 16.6323 250.812 17.8362
17030 23.5921 256.045 17.0363
17031 24.0815 254.997 17.0395
17032 26.1433 257.507 16.7531
17033 28.5634 256.68 16.5841
17034 27.4323 258.297 16.6047
17035 29.6033 257.918 16.4299
17036 26.4481 259.329 16.6532
17037 23.8143 261.075 16.8508
17038 24.5424 263.158 16.7354
17039 29.421 259.474 16.3729
17040 12.8119 264.152 18.0038
17041 12.967 265.981 17.9801
17042 2.9088 262.779 19.4106
17043 2.3718 264.536 19.5007
17044 -6.5138 257.431 20.7405
17045 -7.5027 258.444 21.4461
17046 -15.3561 236.441 23.771
17047 -18.07 236.564 24.6577
17048 -17.6395 243.27 24.3543
17049 -14.9614 242.749 23.5202
17050 -10.3373 222.952 22.668
17051 -12.4681 220.971 23.3366
17052 -16.8354 228.055 24.504
17053 -14.0857 228.497 23.5911
17054 -5.5623 220.435 21.5865
17055 -6.1908 217.719 21.806
17056 -0.0189 220.435 20.5669
17057 0 217.719 20.6503
17058 11.8249 225.488 19.1457
17059 13.3252 224.755 19.0883
17060 10.4388 220.505 19.4254
17061 8.1739 222.06 19.5415
17062 23.1663 259.063 17.1687
17063 25.4045 258.632 16.7747
17064 25.588 258.249 16.7724
17065 23.0912 258.043 17.0075
17066 23.5108 259.816 17.1719
17067 25.7554 258.865 16.734
17068 5.5246 220.435 19.8501
17069 6.1908 217.719 19.8783
17070 13.1415 257.9 18.5035
17071 13.2397 260.528 18.2387
17072 13.4225 254.012 18.0674
17073 5.7507 251.697 19.5259
17074 3.8191 259.233 19.531
17075 7.0908 244.041 19.0043
17076 -1.3229 238.353 20.828
17077 -4.6183 254.772 20.8177
17078 5.1633 236.337 19.4182
17079 -10.618 254.745 22.2065
17080 -5.3084 256.266 20.6119
17081 -13.3113 248.46 22.9649
17082 4.8488 230.577 19.6079
17083 -0.9634 227.21 21.0052
17084 6.0698 227.533 19.5844
17085 5.6919 231.253 19.1425
17086 6.9978 236.539 18.2987
17087 9.1302 243.408 17.8855
17088 15.2846 252.697 17.0088
17089 23.2814 257.003 16.6791
17090 25.9463 257.867 16.4079
17091 27.0486 258.369 16.2885
17092 23.6626 260.445 16.5339
17093 26.2398 259.063 16.3346
17094 12.9855 262.898 17.2122
17095 3.3236 261.564 18.5671
17096 26.6649 258.441 16.6676
17097 -15.9894 249.145 23.7454
17098 13.1142 229.65 18.9041
17099 11.8041 235.366 18.778
17100 12.5168 242.244 18.4834
17101 17.1993 250.118 17.81
17102 24.3454 254.432 17.0438
17103 29.4408 256.381 16.5271
17104 30.6865 257.729 16.3448
17105 30.4861 259.527 16.2718
17106 24.8164 263.942 16.6958
17107 13.0371 266.808 17.9714
17108 2.1457 265.276 19.5402
17109 -8.0416 259.276 21.5728
17110 -12.8281 254.693 22.7934
17111 -17.8019 243.308 24.4937
17112 -18.2334 236.559 24.8009
17113 -16.9872 227.988 24.6446
17114 -12.5734 220.825 23.4588
17115 -6.2165 217.527 21.9045
17116 0.0141 217.522 20.7409
17117 10.5854 220.365 19.5047
17118 13.5222 224.703 19.1641
17119 6.2573 217.53 19.9636
17120 -16.1414 249.227 23.8777
17121 13.3175 229.68 18.9751
17122 12.0101 235.38 18.8459
17123 12.7135 242.183 18.553
17124 17.3481 249.98 17.8871
17125 24.4402 254.256 17.1295
17126 29.56 256.22 16.6111
17127 30.8832 257.67 16.416
17128 30.6674 259.627 16.3365
17129 24.911 264.124 16.7689
17130 13.0575 267.008 18.0546
17131 2.0958 265.465 19.6351
17132 -8.1386 259.436 21.6827
17133 -12.9564 254.818 22.9157
17134 -33.1109 196.291 19.0597
17135 -32.5563 193.983 19.2467
17136 -26.8941 195.693 19.5667
17137 -28.6008 200.192 19.1744
17138 -39.5483 194.193 18.7227
17139 -39.0291 192.409 18.872
17140 -49.6254 193.36 18.0305
17141 -49.2745 194.306 18.0054
17142 -57.3041 197.69 17.2029
17143 -56.6247 198.662 17.2087
17144 -59.8599 199.142 16.9116
17145 -60.3245 201.702 16.7533
17146 -61.1485 199.89 16.774
17147 -61.9167 201.984 16.5991
17148 -63.9205 194.986 16.9046
17149 -61.7136 195.4 17.0177
17150 -61.4948 198.54 16.8153
17151 -63.1715 201.05 16.5421
17152 -58.8792 184.353 18.1678
17153 -60.5773 183.555 18.1487
17154 -54.0318 175.108 19.6683
17155 -52.7539 176.48 19.5718
17156 -43.8136 169.63 21.6075
17157 -43.4325 170.99 20.9027
17158 -25.6229 168.428 24.5165
17159 -19.6022 171.41 24.8192
17160 -20.8479 173.814 23.9351
17161 -26.5074 171.001 23.6845
17162 -12.8513 176.732 24.6657
17163 -8.8962 184.051 23.5003
17164 -11.6716 184.903 22.8332
17165 -14.6037 178.887 23.7551
17166 -9.2136 191.106 21.972
17167 -11.8749 190.293 21.7529
17168 -12.3044 196.458 20.8182
17169 -14.6417 195.087 20.7349
17170 -19.931 204.093 19.5948
17171 -25.0535 204.465 19.2578
17172 -24.9383 202.801 19.3152
17173 -20.146 201.358 19.7106
17174 -60.156 198.381 16.9335
17175 -60.4352 198.003 16.9427
17176 -59.6711 195.858 17.336
17177 -58.735 196.312 17.1718
17178 -60.8672 198.184 16.8885
17179 -60.5699 195.752 17.3265
17180 -15.3961 201.812 20.0472
17181 -17.4127 199.88 20.0189
17182 -56.0294 186.493 18.4013
17183 -53.668 187.748 18.6718
17184 -50.4274 189.966 18.2298
17185 -50.1873 178.977 19.6961
17186 -44.6012 184.453 19.6937
17187 -38.6448 189.472 19.1646
17188 -42.0974 173.926 20.9843
17189 -29.5147 185.003 20.9945
17190 -31.0217 191.655 19.5765
17191 -43.0498 172.582 20.7776
17192 -39.0662 168.766 22.3709
17193 -32.2783 169.574 23.1295
17194 -20.0407 190.886 21.1721
17195 -25.882 194.247 19.7696
17196 -20.1443 201.367 19.7098
17197 -26.8842 194.619 19.3086
17198 -24.2833 197.246 19.7524
17199 -32.0963 193.079 18.468
17200 -39.1101 191.489 18.0547
17201 -50.2298 192.19 17.1785
17202 -57.955 196.966 16.8488
17203 -60.0325 198.835 16.5778
17204 -60.9861 199.488 16.4487
17205 -61.1368 195.568 16.7031
17206 -61.1976 198.497 16.5039
17207 -57.8954 185.117 17.3803
17208 -51.922 177.433 18.7324
17209 -60.9513 199.243 16.8059
17210 -31.5341 166.918 23.9084
17211 -29.1877 201.836 19.0736
17212 -33.4833 197.846 18.9473
17213 -39.7968 195.025 18.6526
17214 -48.9572 195.143 17.9793
17215 -56.2674 199.173 17.2131
17216 -60.5042 202.611 16.6963
17217 -62.2945 203.016 16.5139
17218 -63.75 201.945 16.441
17219 -64.7362 194.831 16.8649
17220 -61.3285 183.202 18.1401
17221 -54.5595 174.542 19.7078
17222 -44.2734 168.728 21.7386
17223 -37.9149 166.88 22.9576
17224 -26.8866 195.71 19.3978
17225 -32.5599 194.033 19.0842
17226 -33.0984 196.281 18.8905
17227 -28.5886 200.184 19.0051
17228 -39.0246 192.468 18.7125
17229 -39.5359 194.182 18.5536
17230 -49.5999 193.403 17.8682
17231 -49.2621 194.295 17.8362
17232 -57.2743 197.706 17.0363
17233 -56.6112 198.654 17.0395
17234 -59.8155 199.185 16.7531
17235 -60.31 201.694 16.5841
17236 -61.1449 199.906 16.6047
17237 -61.9019 201.975 16.4299
17238 -61.546 198.538 16.6532
17239 -61.7413 195.383 16.8508
17240 -63.9094 194.972 16.7354
17241 -63.1585 201.039 16.3729
17242 -58.9048 184.317 18.0038
17243 -60.5665 183.536 17.9801
17244 -52.7643 176.427 19.4106
17245 -54.0178 175.083 19.5007
17246 -43.4213 170.941 20.7405
17247 -43.8046 169.577 21.4461
17248 -20.8225 173.778 23.771
17249 -19.572 171.366 24.6577
17250 -25.5953 168.386 24.3543
17251 -26.4826 170.966 23.5202
17252 -11.6505 184.869 22.668
17253 -8.869 184.014 23.3366
17254 -12.8204 176.69 24.504
17255 -14.5781 178.85 23.5911
17256 -11.8575 190.263 21.5865
17257 -9.191 191.077 21.806
17258 -14.6292 195.064 20.5669
17259 -12.2864 196.438 20.6503
17260 -24.927 202.794 19.1457
17261 -25.0427 204.46 19.0883
17262 -19.9188 204.085 19.4254
17263 -20.1335 201.346 19.5415
17264 -59.6751 195.828 17.1687
17265 -60.4203 197.982 16.7747
17266 -60.1804 198.333 16.7724
17267 -58.7544 196.273 17.0075
17268 -60.4991 195.75 17.1719
17269 -60.7977 198.17 16.734
17270 -17.401 199.864 19.8501
17271 -15.3818 201.799 19.8783
17272 -53.6553 187.728 18.5035
17273 -55.9802 186.499 18.2387
17274 -50.4286 189.915 18.0674
17275 -44.5876 184.429 19.5259
17276 -50.1481 178.988 19.531
17277 -38.6279 189.417 19.0043
17278 -29.4949 184.975 20.828
17279 -42.0667 173.911 20.8177
17280 -30.992 191.6 19.4182
17281 -39.0433 168.729 22.2065
17282 -43.0148 172.567 20.6119
17283 -32.2539 169.539 22.9649
17284 -25.8465 194.208 19.6079
17285 -20.0244 190.858 21.0052
17286 -20.1334 201.346 19.5415
17287 -23.821 196.787 19.5844
17288 -26.8532 194.6 19.1425
17289 -32.0841 193.088 18.2987
17290 -39.099 191.5 17.8855
17291 -50.2207 192.186 17.0088
17292 -57.9482 196.958 16.6791
17293 -60.0289 198.834 16.4079
17294 -61.0154 199.537 16.2885
17295 -61.1202 195.567 16.5339
17296 -61.2117 198.49 16.3346
17297 -57.906 185.094 17.2122
17298 -51.9197 177.393 18.5671
17299 -60.8858 199.169 16.6676
17300 -31.5082 166.877 23.7454
17301 -29.1766 201.829 18.9041
17302 -33.4712 197.837 18.778
17303 -39.7845 195.015 18.4834
17304 -48.9448 195.133 17.81
17305 -56.2537 199.165 17.0438
17306 -60.4893 202.603 16.5271
17307 -62.2795 203.008 16.3448
17308 -63.7362 201.936 16.2718
17309 -64.7254 194.818 16.6958
17310 -61.3179 183.184 17.9714
17311 -54.5455 174.517 19.5402
17312 -44.2553 168.695 21.5728
17313 -37.8927 166.842 22.7934
17314 -25.5466 168.226 24.4937
17315 -19.4863 171.227 24.8009
17316 -12.6868 176.592 24.6446
17317 -8.6902 183.996 23.4588
17318 -9.0119 191.15 21.9045
17319 -12.1228 196.549 20.7409
17320 -19.8713 204.282 19.5047
17321 -25.0965 204.656 19.1641
17322 -15.2518 201.951 19.9636
17323 -31.5027 166.705 23.8777
17324 -29.3038 201.991 18.9751
17325 -33.5868 198.008 18.8459
17326 -39.8302 195.216 18.553
17327 -48.8993 195.331 17.8871
17328 -56.1489 199.335 17.1295
17329 -60.4093 202.787 16.6111
17330 -62.327 203.208 16.416
17331 -63.9142 202.042 16.3365
17332 -64.9298 194.809 16.7689
17333 -61.5011 183.101 18.0546
17334 -54.6843 174.38 19.6351
17335 -44.3458 168.531 21.6827
17336 -37.9375 166.667 22.9157
17337 22.8259 178.477 19.0597
17338 24.5475 180.111 19.2467
17339 20.2354 184.16 19.5667
17340 17.1924 180.432 19.1744
17341 27.8617 173.951 18.7227
17342 29.1466 175.292 18.872
17343 33.6218 165.641 18.0305
17344 32.627 165.471 18.0054
17345 33.7108 156.825 17.2029
17346 32.5291 156.928 17.2087
17347 33.7311 153.886 16.9116
17348 31.7468 152.204 16.7533
17349 33.7281 152.396 16.774
17350 32.2985 150.684 16.5991
17351 39.3612 152.448 16.9046
17352 37.8987 154.152 17.0177
17353 35.0704 152.771 16.8153
17354 33.7349 150.064 16.5421
17355 46.0483 162.13 18.1678
17356 47.5891 161.058 18.1487
17357 51.6317 170.95 19.6683
17358 49.8044 171.371 19.5718
17359 51.2661 182.538 21.6075
17360 49.8977 182.188 20.9027
17361 43.2116 198.893 24.5165
17362 37.6193 202.616 24.8192
17363 36.1597 200.335 23.9351
17364 41.4255 196.84 23.6845
17365 29.6347 205.802 24.6657
17366 21.3188 205.567 23.5003
17367 21.9689 202.738 22.8332
17368 28.6449 203.207 23.7551
17369 15.3678 201.765 21.972
17370 17.4024 199.867 21.7529
17371 12.2782 196.412 20.8182
17372 14.6343 195.074 20.7349
17373 9.479 185.99 19.5948
17374 11.7184 181.368 19.2578
17375 13.1015 182.299 19.3152
17376 11.9556 187.171 19.7106
17377 34.5383 154.01 16.9335
17378 35.005 153.957 16.9427
17379 36.481 155.691 17.336
17380 35.6198 156.275 17.1718
17381 35.0645 153.492 16.8885
17382 37.0221 154.966 17.3265
17383 9.1874 191.058 20.0472
17384 11.8686 190.277 20.0189
17385 42.7702 163.528 18.4013
17386 40.5027 164.945 18.6718
17387 36.962 166.643 18.2298
17388 46.3583 172.345 19.6961
17389 38.823 174.445 19.6937
17390 31.4986 177.094 19.1646
17391 46.6881 181.877 20.9843
17392 30.8033 187.235 20.9945
17393 25.7964 182.604 19.5765
17394 48.3281 181.724 20.7776
17395 49.6409 187.082 22.3709
17396 45.5474 192.557 23.1295
17397 20.972 192.499 21.1721
17398 20.9818 185.759 19.7696
17399 11.9466 187.168 19.7098
17400 21.1603 184.705 19.3086
17401 17.7479 186.248 19.7524
17402 25.1005 180.962 18.468
17403 29.9843 175.682 18.0547
17404 34.9368 165.702 17.1785
17405 34.6632 156.624 16.8488
17406 34.0833 153.89 16.5778
17407 33.9945 152.738 16.4487
17408 37.4646 154.567 16.7031
17409 34.9589 153.05 16.5039
17410 44.8956 162.6 17.3803
17411 48.5632 171.615 18.7324
17412 34.1894 152.89 16.8059
17413 47.4755 194.529 23.9084
17414 16.0625 179.102 19.0736
17415 21.6653 177.377 18.9473
17416 27.2648 173.319 18.6526
17417 31.7431 165.327 17.9793
17418 31.9081 156.982 17.2131
17419 31.0491 151.593 16.6963
17420 31.5933 149.84 16.5139
17421 33.2485 149.115 16.441
17422 39.9028 151.818 16.8649
17423 48.2701 160.584 18.1401
17424 52.3854 170.776 19.7078
17425 52.2774 182.591 21.7386
17426 50.699 189.022 22.9576
17427 20.2168 184.158 19.3978
17428 24.5062 180.083 19.0842
17429 22.8287 178.493 18.8905
17430 17.1934 180.447 19.0051
17431 29.0936 175.267 18.7125
17432 27.8652 173.967 18.5536
17433 33.5713 165.641 17.8682
17434 32.6298 165.487 17.8362
17435 33.6822 156.843 17.0363
17436 32.5297 156.943 17.0395
17437 33.6722 153.903 16.7531
17438 31.7466 152.22 16.5841
17439 33.7127 152.391 16.6047
17440 32.2986 150.701 16.4299
17441 35.0979 152.728 16.6532
17442 37.927 154.136 16.8508
17443 39.3671 152.464 16.7354
17444 33.7375 150.081 16.3729
17445 46.0929 162.126 18.0038
17446 47.5996 161.077 17.9801
17447 49.8555 171.389 19.4106
17448 51.646 170.975 19.5007
17449 49.9351 182.223 20.7405
17450 51.3073 182.573 21.4461
17451 36.1786 200.375 23.771
17452 37.642 202.664 24.6577
17453 43.2348 198.938 24.3543
17454 41.444 196.88 23.5202
17455 21.9878 202.773 22.668
17456 21.3371 205.609 23.3366
17457 29.6559 205.85 24.504
17458 28.6638 203.247 23.5911
17459 17.4198 199.897 21.5865
17460 15.3818 201.799 21.806
17461 14.6481 195.096 20.5669
17462 12.2864 196.438 20.6503
17463 13.1021 182.313 19.1457
17464 11.7175 181.38 19.0883
17465 9.48 186.005 19.4254
17466 11.9595 187.188 19.5415
17467 36.5088 155.703 17.1687
17468 35.0158 153.98 16.7747
17469 34.5924 154.013 16.7724
17470 35.6632 156.278 17.0075
17471 36.9883 155.028 17.1719
17472 35.0423 153.56 16.734
17473 11.8764 190.295 19.8501
17474 9.191 191.077 19.8783
17475 40.5138 164.966 18.5035
17476 42.7405 163.567 18.2387
17477 37.0061 166.667 18.0674
17478 38.8369 174.469 19.5259
17479 46.329 172.374 19.531
17480 31.5371 177.136 19.0043
17481 30.8177 187.266 20.828
17482 46.685 181.911 20.8177
17483 25.8287 182.657 19.4182
17484 49.6613 187.12 22.2065
17485 48.3232 181.762 20.6119
17486 45.5652 192.595 22.9649
17487 20.9977 185.81 19.6079
17488 20.9878 192.527 21.0052
17489 17.7512 186.274 19.5844
17490 21.1613 184.742 19.1425
17491 25.0864 180.967 18.2987
17492 29.9688 175.686 17.8855
17493 34.9361 165.712 17.0088
17494 34.6667 156.633 16.6791
17495 34.0825 153.894 16.4079
17496 33.9668 152.688 16.2885
17497 37.4577 154.582 16.5339
17498 34.9719 153.041 16.3346
17499 44.9206 162.602 17.2122
17500 48.5961 171.637 18.5671
17501 34.2209 152.984 16.6676
17502 47.4976 194.572 23.7454
17503 16.0624 179.115 18.9041
17504 21.6671 177.392 18.778
17505 27.2677 173.335 18.4834
17506 31.7455 165.343 17.81
17507 31.9083 156.998 17.0438
17508 31.0485 151.61 16.5271
17509 31.5931 149.857 16.3448
17510 33.2502 149.132 16.2718
17511 39.909 151.835 16.6958
17512 48.2808 160.603 17.9714
17513 52.3999 170.801 19.5402
17514 52.2969 182.624 21.5728
17515 50.7208 189.061 22.7934
17516 43.3485 199.06 24.4937
17517 37.7197 202.808 24.8009
17518 29.674 206.014 24.6446
17519 21.2636 205.773 23.4588
17520 15.2283 201.917 21.9045
17521 12.1087 196.524 20.7409
17522 9.2859 185.947 19.5047
17523 11.5743 181.235 19.1641
17524 8.9945 191.113 19.9636
17525 47.6441 194.663 23.8777
17526 15.9863 178.924 18.9751
17527 21.5768 177.206 18.8459
17528 27.1167 173.195 18.553
17529 31.5512 165.283 17.8871
17530 31.7087 157.003 17.1295
17531 30.8493 151.588 16.6111
17532 31.4439 149.717 16.416
17533 33.2468 148.925 16.3365
17534 40.0189 151.662 16.7689
17535 48.4436 160.485 18.0546
17536 52.5885 170.749 19.6351
17537 52.4843 182.627 21.6827
17538 50.8939 189.109 22.9157
Faces:
1 2 3 4.
5 1 4 6.
7 8 9 10.
11 7 10 12.
13 11 12 14.
15 13 14 16.
17 15 16 18.
19 17 18 20.
21 19 20 22.
23 21 22 24.
25 23 24 26.
27 25 26 28.
29 27 28 30.
31 29 30 32.
33 31 32 34.
35 33 34 36.
37 35 36 38.
39 37 38 40.
41 39 40 42.
43 41 42 44.
45 43 44 46.
47 45 46 48.
49 47 48 50.
51 49 50 52.
53 51 52 54.
55 53 54 56.
57 55 56 58.
59 57 58 60.
61 59 60 62.
8 63 64 9.
63 65 66 64.
67 61 62 68.
69 67 68 70.
65 71 72 66.
71 5 6 72.
2 69 70 3.
73 74 75 76.
77 78 79 80.
81 82 83 84.
85 86 87 88.
89 90 91 92.
93 94 95 96.
97 98 99 100.
101 102 103 104.
105 106 107 108.
109 110 111 112.
113 114 115 116.
117 118 119 120.
121 122 123 124.
125 126 127 128.
129 130 131 132.
133 134 135 136.
137 138 139 140.
141 142 143 144.
145 146 75 74.
73 76 147 148.
149 150 79 78.
77 80 151 152.
153 154 83 82.
81 84 155 156.
157 158 87 86.
85 88 159 160.
161 162 91 90.
89 92 163 164.
165 166 95 94.
93 96 167 168.
169 170 99 98.
97 100 171 172.
173 174 103 102.
101 104 175 176.
177 178 107 106.
105 108 179 180.
181 182 111 110.
109 112 183 184.
185 186 115 114.
113 116 187 188.
189 190 119 118.
117 120 191 192.
193 194 123 122.
121 124 195 196.
197 198 127 126.
125 128 199 200.
201 202 131 130.
129 132 203 204.
205 206 135 134.
133 136 207 208.
209 210 139 138.
137 140 211 212.
213 214 143 142.
141 144 215 216.
217 218 219 220.
221 222 223 224.
225 226 227 228.
229 230 231 232.
233 234 235 236.
237 238 239 240.
241 242 243 244.
245 246 247 248.
249 250 251 252.
253 254 255 256.
257 258 259 260.
261 262 263 264.
265 266 267 268.
269 270 271 272.
273 274 275 276.
277 278 279 280.
281 282 283 284.
285 286 287 288.
217 289 290 218.
291 220 219 292.
221 293 294 222.
295 224 223 296.
225 297 298 226.
299 228 227 300.
229 301 302 230.
303 232 231 304.
233 305 306 234.
307 236 235 308.
237 309 310 238.
311 240 239 312.
241 313 314 242.
315 244 243 316.
245 317 318 246.
319 248 247 320.
249 321 322 250.
323 252 251 324.
253 325 326 254.
327 256 255 328.
257 329 330 258.
331 260 259 332.
261 333 334 262.
335 264 263 336.
265 337 338 266.
339 268 267 340.
269 341 342 270.
343 272 271 344.
273 345 346 274.
347 276 275 348.
277 349 350 278.
351 280 279 352.
281 353 354 282.
355 284 283 356.
285 357 358 286.
359 288 287 360.
74 73 361 362.
363 364 365 366.
78 77 367 368.
369 370 371 372.
82 81 373 374.
375 376 377 378.
86 85 379 380.
381 382 383 384.
90 89 385 386.
387 388 389 390.
94 93 391 392.
393 394 395 396.
98 97 397 398.
399 400 401 402.
102 101 403 404.
405 406 407 408.
106 105 409 410.
411 412 413 414.
110 109 415 416.
417 418 419 420.
114 113 421 422.
423 424 425 426.
118 117 427 428.
429 430 431 432.
122 121 433 434.
435 436 437 438.
126 125 439 440.
441 442 443 444.
130 129 445 446.
447 448 449 450.
134 133 451 452.
453 454 455 456.
138 137 457 458.
459 460 461 462.
142 141 463 464.
465 466 467 468.
364 469 470 365.
145 74 362 471.
472 363 366 473.
73 148 474 361.
370 475 476 371.
149 78 368 477.
478 369 372 479.
77 152 480 367.
376 481 482 377.
153 82 374 483.
484 375 378 485.
81 156 486 373.
382 487 488 383.
157 86 380 489.
490 381 384 491.
85 160 492 379.
388 493 494 389.
161 90 386 495.
496 387 390 497.
89 164 498 385.
394 499 500 395.
165 94 392 501.
502 393 396 503.
93 168 504 391.
400 505 506 401.
169 98 398 507.
508 399 402 509.
97 172 510 397.
406 511 512 407.
173 102 404 513.
514 405 408 515.
101 176 516 403.
412 517 518 413.
177 106 410 519.
520 411 414 521.
105 180 522 409.
418 523 524 419.
181 110 416 525.
526 417 420 527.
109 184 528 415.
424 529 530 425.
185 114 422 531.
532 423 426 533.
113 188 534 421.
430 535 536 431.
189 118 428 537.
538 429 432 539.
117 192 540 427.
436 541 542 437.
193 122 434 543.
544 435 438 545.
121 196 546 433.
442 547 548 443.
197 126 440 549.
550 441 444 551.
125 200 552 439.
448 553 554 449.
201 130 446 555.
556 447 450 557.
129 204 558 445.
454 559 560 455.
205 134 452 561.
562 453 456 563.
133 208 564 451.
460 565 566 461.
209 138 458 567.
568 459 462 569.
137 212 570 457.
466 571 572 467.
213 142 464 573.
574 465 468 575.
141 216 576 463.
577 578 579 580.
581 582 583 584.
585 586 587 588.
589 590 578 577.
578 591 592 579.
582 593 594 583.
586 595 596 587.
590 597 591 578.
591 598 599 592.
593 600 601 594.
595 602 603 596.
597 604 598 591.
598 605 606 599.
600 607 608 601.
602 609 610 603.
604 611 605 598.
605 612 613 606.
607 614 615 608.
609 616 617 610.
611 618 612 605.
612 619 620 613.
614 621 622 615.
616 623 624 617.
618 625 619 612.
619 626 627 620.
621 628 629 622.
623 630 631 624.
625 632 626 619.
626 633 634 627.
628 635 636 629.
630 637 638 631.
632 639 633 626.
633 640 641 634.
635 642 643 636.
637 644 645 638.
639 646 640 633.
640 647 648 641.
642 649 650 643.
644 651 652 645.
646 653 647 640.
647 654 655 648.
649 656 657 650.
651 658 659 652.
653 660 654 647.
654 661 662 655.
656 663 664 657.
658 665 666 659.
660 667 661 654.
661 668 669 662.
663 670 671 664.
665 672 673 666.
667 674 668 661.
668 675 676 669.
670 677 678 671.
672 679 680 673.
674 681 675 668.
675 682 683 676.
677 684 685 678.
679 686 687 680.
681 688 682 675.
682 689 690 683.
684 691 692 685.
686 693 694 687.
688 695 689 682.
689 696 697 690.
691 698 699 692.
693 700 701 694.
695 702 696 689.
696 703 704 697.
698 705 706 699.
700 707 708 701.
702 709 703 696.
703 710 711 704.
705 712 713 706.
707 714 715 708.
709 716 710 703.
710 717 718 711.
712 719 720 713.
714 721 722 715.
716 723 717 710.
717 724 725 718.
719 726 727 720.
721 728 729 722.
723 730 724 717.
724 731 732 725.
726 733 734 727.
728 735 736 729.
730 737 731 724.
731 738 739 732.
733 740 741 734.
735 742 743 736.
737 744 738 731.
738 745 746 739.
740 747 748 741.
742 749 750 743.
744 751 745 738.
745 752 753 746.
747 754 755 748.
749 756 757 750.
751 758 752 745.
752 759 760 753.
754 761 762 755.
756 763 764 757.
758 765 759 752.
759 766 767 760.
761 768 769 762.
763 770 771 764.
765 772 766 759.
766 773 774 767.
768 775 776 769.
770 777 778 771.
772 779 773 766.
773 780 781 774.
775 782 783 776.
777 784 785 778.
779 786 780 773.
780 787 788 781.
782 789 790 783.
784 791 792 785.
786 793 787 780.
787 794 795 788.
789 796 797 790.
791 798 799 792.
793 800 794 787.
794 801 802 795.
796 803 804 797.
798 805 806 799.
800 807 801 794.
801 808 809 802.
803 810 811 804.
805 812 813 806.
807 814 808 801.
808 815 816 809.
810 817 818 811.
812 819 820 813.
814 821 815 808.
815 822 823 816.
817 824 825 818.
819 826 827 820.
821 828 822 815.
822 577 580 823.
824 581 584 825.
826 585 588 827.
828 589 577 822.
583 586 585 584.
594 595 586 583.
601 602 595 594.
608 609 602 601.
615 616 609 608.
622 623 616 615.
629 630 623 622.
636 637 630 629.
643 644 637 636.
650 651 644 643.
657 658 651 650.
664 665 658 657.
671 672 665 664.
678 679 672 671.
685 686 679 678.
692 693 686 685.
699 700 693 692.
706 707 700 699.
713 714 707 706.
720 721 714 713.
727 728 721 720.
734 735 728 727.
741 742 735 734.
748 749 742 741.
755 756 749 748.
762 763 756 755.
769 770 763 762.
776 777 770 769.
783 784 777 776.
790 791 784 783.
797 798 791 790.
804 805 798 797.
811 812 805 804.
818 819 812 811.
825 826 819 818.
584 585 826 825.
579 582 581 580.
587 590 589 588.
592 593 582 579.
596 597 590 587.
599 600 593 592.
603 604 597 596.
606 607 600 599.
610 611 604 603.
613 614 607 606.
617 618 611 610.
620 621 614 613.
624 625 618 617.
627 628 621 620.
631 632 625 624.
634 635 628 627.
638 639 632 631.
641 642 635 634.
645 646 639 638.
648 649 642 641.
652 653 646 645.
655 656 649 648.
659 660 653 652.
662 663 656 655.
666 667 660 659.
669 670 663 662.
673 674 667 666.
676 677 670 669.
680 681 674 673.
683 684 677 676.
687 688 681 680.
690 691 684 683.
694 695 688 687.
697 698 691 690.
701 702 695 694.
704 705 698 697.
708 709 702 701.
711 712 705 704.
715 716 709 708.
718 719 712 711.
722 723 716 715.
725 726 719 718.
729 730 723 722.
732 733 726 725.
736 737 730 729.
739 740 733 732.
743 744 737 736.
746 747 740 739.
750 751 744 743.
753 754 747 746.
757 758 751 750.
760 761 754 753.
764 765 758 757.
767 768 761 760.
771 772 765 764.
774 775 768 767.
778 779 772 771.
781 782 775 774.
785 786 779 778.
788 789 782 781.
792 793 786 785.
795 796 789 788.
799 800 793 792.
802 803 796 795.
806 807 800 799.
809 810 803 802.
813 814 807 806.
816 817 810 809.
820 821 814 813.
823 824 817 816.
827 828 821 820.
580 581 824 823.
588 589 828 827.
361 829 830 362.
365 217 220 366.
367 831 832 368.
371 221 224 372.
373 833 834 374.
377 225 228 378.
379 835 836 380.
383 229 232 384.
385 837 838 386.
389 233 236 390.
391 839 840 392.
395 237 240 396.
397 841 842 398.
401 241 244 402.
403 843 844 404.
407 245 248 408.
409 845 846 410.
413 249 252 414.
415 847 848 416.
419 253 256 420.
421 849 850 422.
425 257 260 426.
427 851 852 428.
431 261 264 432.
433 853 854 434.
437 265 268 438.
439 855 856 440.
443 269 272 444.
445 857 858 446.
449 273 276 450.
451 859 860 452.
455 277 280 456.
457 861 862 458.
461 281 284 462.
463 863 864 464.
467 285 288 468.
470 289 217 365.
362 830 865 471.
366 220 291 473.
474 866 829 361.
476 293 221 371.
368 832 867 477.
372 224 295 479.
480 868 831 367.
482 297 225 377.
374 834 869 483.
378 228 299 485.
486 870 833 373.
488 301 229 383.
380 836 871 489.
384 232 303 491.
492 872 835 379.
494 305 233 389.
386 838 873 495.
390 236 307 497.
498 874 837 385.
500 309 237 395.
392 840 875 501.
396 240 311 503.
504 876 839 391.
506 313 241 401.
398 842 877 507.
402 244 315 509.
510 878 841 397.
512 317 245 407.
404 844 879 513.
408 248 319 515.
516 880 843 403.
518 321 249 413.
410 846 881 519.
414 252 323 521.
522 882 845 409.
524 325 253 419.
416 848 883 525.
420 256 327 527.
528 884 847 415.
530 329 257 425.
422 850 885 531.
426 260 331 533.
534 886 849 421.
536 333 261 431.
428 852 887 537.
432 264 335 539.
540 888 851 427.
542 337 265 437.
434 854 889 543.
438 268 339 545.
546 890 853 433.
548 341 269 443.
440 856 891 549.
444 272 343 551.
552 892 855 439.
554 345 273 449.
446 858 893 555.
450 276 347 557.
558 894 857 445.
560 349 277 455.
452 860 895 561.
456 280 351 563.
564 896 859 451.
566 353 281 461.
458 862 897 567.
462 284 355 569.
570 898 861 457.
572 357 285 467.
464 864 899 573.
468 288 359 575.
576 900 863 463.
75 364 363 76.
79 370 369 80.
83 376 375 84.
87 382 381 88.
91 388 387 92.
95 394 393 96.
99 400 399 100.
103 406 405 104.
107 412 411 108.
111 418 417 112.
115 424 423 116.
119 430 429 120.
123 436 435 124.
127 442 441 128.
131 448 447 132.
135 454 453 136.
139 460 459 140.
143 466 465 144.
146 469 364 75.
76 363 472 147.
150 475 370 79.
80 369 478 151.
154 481 376 83.
84 375 484 155.
158 487 382 87.
88 381 490 159.
162 493 388 91.
92 387 496 163.
166 499 394 95.
96 393 502 167.
170 505 400 99.
100 399 508 171.
174 511 406 103.
104 405 514 175.
178 517 412 107.
108 411 520 179.
182 523 418 111.
112 417 526 183.
186 529 424 115.
116 423 532 187.
190 535 430 119.
120 429 538 191.
194 541 436 123.
124 435 544 195.
198 547 442 127.
128 441 550 199.
202 553 448 131.
132 447 556 203.
206 559 454 135.
136 453 562 207.
210 565 460 139.
140 459 568 211.
214 571 466 143.
144 465 574 215.
218 830 829 219.
222 832 831 223.
226 834 833 227.
230 836 835 231.
234 838 837 235.
238 840 839 239.
242 842 841 243.
246 844 843 247.
250 846 845 251.
254 848 847 255.
258 850 849 259.
262 852 851 263.
266 854 853 267.
270 856 855 271.
274 858 857 275.
278 860 859 279.
282 862 861 283.
286 864 863 287.
290 865 830 218.
219 829 866 292.
294 867 832 222.
223 831 868 296.
298 869 834 226.
227 833 870 300.
302 871 836 230.
231 835 872 304.
306 873 838 234.
235 837 874 308.
310 875 840 238.
239 839 876 312.
314 877 842 242.
243 841 878 316.
318 879 844 246.
247 843 880 320.
322 881 846 250.
251 845 882 324.
326 883 848 254.
255 847 884 328.
330 885 850 258.
259 849 886 332.
334 887 852 262.
263 851 888 336.
338 889 854 266.
267 853 890 340.
342 891 856 270.
271 855 892 344.
346 893 858 274.
275 857 894 348.
350 895 860 278.
279 859 896 352.
354 897 862 282.
283 861 898 356.
358 899 864 286.
287 863 900 360.
6 4 901 902.
4 3 903 901.
3 70 904 903.
70 68 905 904.
68 62 906 905.
62 60 907 906.
60 58 908 907.
58 56 909 908.
56 54 910 909.
54 52 911 910.
52 50 912 911.
50 48 913 912.
48 46 914 913.
46 44 915 914.
44 42 916 915.
42 40 917 916.
40 38 918 917.
38 36 919 918.
36 34 920 919.
34 32 921 920.
32 30 922 921.
30 28 923 922.
28 26 924 923.
26 24 925 924.
24 22 926 925.
22 20 927 926.
20 18 928 927.
18 16 929 928.
16 14 930 929.
14 12 931 930.
12 10 932 931.
10 9 933 932.
9 64 934 933.
64 66 935 934.
66 72 936 935.
72 6 902 936.
2 1 937 938.
1 5 939 937.
5 71 940 939.
71 65 941 940.
65 63 942 941.
63 8 943 942.
8 7 944 943.
7 11 945 944.
11 13 946 945.
13 15 947 946.
15 17 948 947.
17 19 949 948.
19 21 950 949.
21 23 951 950.
23 25 952 951.
25 27 953 952.
27 29 954 953.
29 31 955 954.
31 33 956 955.
33 35 957 956.
35 37 958 957.
37 39 959 958.
39 41 960 959.
41 43 961 960.
43 45 962 961.
45 47 963 962.
47 49 964 963.
49 51 965 964.
51 53 966 965.
53 55 967 966.
55 57 968 967.
57 59 969 968.
59 61 970 969.
61 67 971 970.
67 69 972 971.
69 2 938 972.
973 974 975 976.
973 977 978 974.
977 979 980 978.
979 981 982 980.
981 983 984 982.
983 985 986 984.
985 987 988 986.
989 990 991 992.
987 990 989 988.
974 993 994 975.
974 978 995 993.
978 980 996 995.
980 982 997 996.
982 984 998 997.
984 986 999 998.
986 988 1000 999.
1001 989 992 1002.
988 989 1001 1000.
993 1003 1004 994.
993 995 1005 1003.
995 996 1006 1005.
996 997 1007 1006.
997 998 1008 1007.
998 999 1009 1008.
999 1000 1010 1009.
1011 1001 1002 1012.
1000 1001 1011 1010.
1003 1013 1014 1004.
1003 1005 1015 1013.
1005 1006 1016 1015.
1006 1007 1017 1016.
1007 1008 1018 1017.
1008 1009 1019 1018.
1009 1010 1020 1019.
1021 1011 1012 1022.
1010 1011 1021 1020.
1013 1023 1024 1014.
1013 1015 1025 1023.
1015 1016 1026 1025.
1016 1017 1027 1026.
1017 1018 1028 1027.
1018 1019 1029 1028.
1019 1020 1030 1029.
1031 1021 1022 1032.
1020 1021 1031 1030.
1023 1033 1034 1024.
1023 1025 1035 1033.
1025 1026 1036 1035.
1026 1027 1037 1036.
1027 1028 1038 1037.
1028 1029 1039 1038.
1029 1030 1040 1039.
1041 1031 1032 1042.
1030 1031 1041 1040.
1033 1043 1044 1034.
1033 1035 1045 1043.
1035 1036 1046 1045.
1036 1037 1047 1046.
1037 1038 1048 1047.
1038 1039 1049 1048.
1039 1040 1050 1049.
1051 1041 1042 1052.
1040 1041 1051 1050.
1043 1053 1054 1044.
1053 1055 1056 1054.
1043 1045 1057 1053.
1053 1057 1058 1055.
1045 1046 1059 1057.
1057 1059 1060 1058.
1046 1047 1061 1059.
1059 1061 1062 1060.
1047 1048 1063 1061.
1061 1063 1064 1062.
1048 1049 1065 1063.
1063 1065 1066 1064.
1049 1050 1067 1065.
1065 1067 1068 1066.
1050 1051 1069 1067.
1067 1069 1070 1068.
1069 1051 1052 1071.
1071 1072 1070 1069.
937 1044 1054 938.
939 1034 1044 937.
940 1024 1034 939.
941 1014 1024 940.
942 1004 1014 941.
943 994 1004 942.
944 975 994 943.
945 976 975 944.
946 973 976 945.
947 977 973 946.
948 979 977 947.
949 981 979 948.
950 983 981 949.
951 985 983 950.
952 987 985 951.
953 990 987 952.
954 991 990 953.
955 992 991 954.
956 1002 992 955.
957 1012 1002 956.
958 1022 1012 957.
959 1032 1022 958.
960 1042 1032 959.
961 1052 1042 960.
962 1071 1052 961.
963 1072 1071 962.
964 1070 1072 963.
965 1068 1070 964.
966 1066 1068 965.
967 1064 1066 966.
968 1062 1064 967.
969 1060 1062 968.
970 1058 1060 969.
971 1055 1058 970.
972 1056 1055 971.
938 1054 1056 972.
901 1073 1074 902.
903 1075 1073 901.
904 1076 1075 903.
905 1077 1076 904.
906 1078 1077 905.
907 1079 1078 906.
908 1080 1079 907.
909 1081 1080 908.
910 1082 1081 909.
911 1083 1082 910.
912 1084 1083 911.
913 1085 1084 912.
914 1086 1085 913.
915 1087 1086 914.
916 1088 1087 915.
917 1089 1088 916.
918 1090 1089 917.
919 1091 1090 918.
920 1092 1091 919.
921 1093 1092 920.
922 1094 1093 921.
923 1095 1094 922.
924 1096 1095 923.
925 1097 1096 924.
926 1098 1097 925.
927 1099 1098 926.
928 1100 1099 927.
929 1101 1100 928.
930 1102 1101 929.
931 1103 1102 930.
932 1104 1103 931.
933 1105 1104 932.
934 1106 1105 933.
935 1107 1106 934.
936 1108 1107 935.
902 1074 1108 936.
1082 1109 1080 1081.
1082 1083 1110 1109.
1083 1084 1111 1110.
1084 1085 1112 1111.
1085 1086 1113 1112.
1086 1087 1114 1113.
1087 1088 1115 1114.
1116 1089 1090 1091.
1088 1089 1116 1115.
1109 1117 1079 1080.
1109 1110 1118 1117.
1110 1111 1119 1118.
1111 1112 1120 1119.
1112 1113 1121 1120.
1113 1114 1122 1121.
1114 1115 1123 1122.
1124 1116 1091 1092.
1115 1116 1124 1123.
1117 1125 1078 1079.
1117 1118 1126 1125.
1118 1119 1127 1126.
1119 1120 1128 1127.
1120 1121 1129 1128.
1121 1122 1130 1129.
1122 1123 1131 1130.
1132 1124 1092 1093.
1123 1124 1132 1131.
1125 1133 1077 1078.
1125 1126 1134 1133.
1126 1127 1135 1134.
1127 1128 1136 1135.
1128 1129 1137 1136.
1129 1130 1138 1137.
1130 1131 1139 1138.
1140 1132 1093 1094.
1131 1132 1140 1139.
1133 1141 1076 1077.
1133 1134 1142 1141.
1134 1135 1143 1142.
1135 1136 1144 1143.
1136 1137 1145 1144.
1137 1138 1146 1145.
1138 1139 1147 1146.
1148 1140 1094 1095.
1139 1140 1148 1147.
1141 1149 1075 1076.
1141 1142 1150 1149.
1142 1143 1151 1150.
1143 1144 1152 1151.
1144 1145 1153 1152.
1145 1146 1154 1153.
1146 1147 1155 1154.
1156 1148 1095 1096.
1147 1148 1156 1155.
1149 1157 1073 1075.
1149 1150 1158 1157.
1150 1151 1159 1158.
1151 1152 1160 1159.
1152 1153 1161 1160.
1153 1154 1162 1161.
1154 1155 1163 1162.
1164 1156 1096 1097.
1155 1156 1164 1163.
1157 1165 1074 1073.
1165 1107 1108 1074.
1157 1158 1166 1165.
1165 1166 1106 1107.
1158 1159 1167 1166.
1166 1167 1105 1106.
1159 1160 1168 1167.
1167 1168 1104 1105.
1160 1161 1169 1168.
1168 1169 1103 1104.
1161 1162 1170 1169.
1169 1170 1102 1103.
1162 1163 1171 1170.
1170 1171 1101 1102.
1163 1164 1172 1171.
1171 1172 1100 1101.
1172 1164 1097 1098.
1098 1099 1100 1172.
1173 1174 1175 1176.
1177 1178 1179 1180.
1180 1179 1181 1182.
1182 1181 1174 1173.
1174 1183 1184 1175.
1178 1185 1186 1179.
1179 1186 1187 1181.
1181 1187 1183 1174.
1183 1188 1189 1184.
1185 1190 1191 1186.
1186 1191 1192 1187.
1187 1192 1188 1183.
1188 1193 1194 1189.
1190 1195 1196 1191.
1191 1196 1197 1192.
1192 1197 1193 1188.
1193 1198 1199 1194.
1195 1200 1201 1196.
1196 1201 1202 1197.
1197 1202 1198 1193.
1198 1203 1204 1199.
1200 1205 1206 1201.
1201 1206 1207 1202.
1202 1207 1203 1198.
1203 1208 1209 1204.
1205 1210 1211 1206.
1206 1211 1212 1207.
1207 1212 1208 1203.
1208 1213 1214 1209.
1210 1215 1216 1211.
1211 1216 1217 1212.
1212 1217 1213 1208.
1213 1218 1219 1214.
1215 1220 1221 1216.
1216 1221 1222 1217.
1217 1222 1218 1213.
1218 1223 1224 1219.
1220 1225 1226 1221.
1221 1226 1227 1222.
1222 1227 1223 1218.
1223 1228 1229 1224.
1225 1230 1231 1226.
1226 1231 1232 1227.
1227 1232 1228 1223.
1228 1233 1234 1229.
1230 1235 1236 1231.
1231 1236 1237 1232.
1232 1237 1233 1228.
1233 1238 1239 1234.
1235 1240 1241 1236.
1236 1241 1242 1237.
1237 1242 1238 1233.
1238 1243 1244 1239.
1240 1245 1246 1241.
1241 1246 1247 1242.
1242 1247 1243 1238.
1243 1248 1249 1244.
1245 1250 1251 1246.
1246 1251 1252 1247.
1247 1252 1248 1243.
1248 1253 1254 1249.
1250 1255 1256 1251.
1251 1256 1257 1252.
1252 1257 1253 1248.
1253 1258 1259 1254.
1255 1260 1261 1256.
1256 1261 1262 1257.
1257 1262 1258 1253.
1258 1263 1264 1259.
1260 1265 1266 1261.
1261 1266 1267 1262.
1262 1267 1263 1258.
1263 1268 1269 1264.
1265 1270 1271 1266.
1266 1271 1272 1267.
1267 1272 1268 1263.
1268 1273 1274 1269.
1270 1275 1276 1271.
1271 1276 1277 1272.
1272 1277 1273 1268.
1273 1278 1279 1274.
1275 1280 1281 1276.
1276 1281 1282 1277.
1277 1282 1278 1273.
1278 1283 1284 1279.
1280 1285 1286 1281.
1281 1286 1287 1282.
1282 1287 1283 1278.
1283 1288 1289 1284.
1285 1290 1291 1286.
1286 1291 1292 1287.
1287 1292 1288 1283.
1288 1293 1294 1289.
1290 1295 1296 1291.
1291 1296 1297 1292.
1292 1297 1293 1288.
1293 1298 1299 1294.
1295 1300 1301 1296.
1296 1301 1302 1297.
1297 1302 1298 1293.
1298 1303 1304 1299.
1300 1305 1306 1301.
1301 1306 1307 1302.
1302 1307 1303 1298.
1303 1308 1309 1304.
1305 1310 1311 1306.
1306 1311 1312 1307.
1307 1312 1308 1303.
1308 1313 1314 1309.
1310 1315 1316 1311.
1311 1316 1317 1312.
1312 1317 1313 1308.
1313 1318 1319 1314.
1315 1320 1321 1316.
1316 1321 1322 1317.
1317 1322 1318 1313.
1318 1323 1324 1319.
1320 1325 1326 1321.
1321 1326 1327 1322.
1322 1327 1323 1318.
1323 1328 1329 1324.
1325 1330 1331 1326.
1326 1331 1332 1327.
1327 1332 1328 1323.
1328 1333 1334 1329.
1330 1335 1336 1331.
1331 1336 1337 1332.
1332 1337 1333 1328.
1333 1338 1339 1334.
1335 1340 1341 1336.
1336 1341 1342 1337.
1337 1342 1338 1333.
1338 1343 1344 1339.
1340 1345 1346 1341.
1341 1346 1347 1342.
1342 1347 1343 1338.
1343 1348 1349 1344.
1345 1350 1351 1346.
1346 1351 1352 1347.
1347 1352 1348 1343.
1348 1173 1176 1349.
1350 1177 1180 1351.
1351 1180 1182 1352.
1352 1182 1173 1348.
1175 1178 1177 1176.
1184 1185 1178 1175.
1189 1190 1185 1184.
1194 1195 1190 1189.
1199 1200 1195 1194.
1204 1205 1200 1199.
1209 1210 1205 1204.
1214 1215 1210 1209.
1219 1220 1215 1214.
1224 1225 1220 1219.
1229 1230 1225 1224.
1234 1235 1230 1229.
1239 1240 1235 1234.
1244 1245 1240 1239.
1249 1250 1245 1244.
1254 1255 1250 1249.
1259 1260 1255 1254.
1264 1265 1260 1259.
1269 1270 1265 1264.
1274 1275 1270 1269.
1279 1280 1275 1274.
1284 1285 1280 1279.
1289 1290 1285 1284.
1294 1295 1290 1289.
1299 1300 1295 1294.
1304 1305 1300 1299.
1309 1310 1305 1304.
1314 1315 1310 1309.
1319 1320 1315 1314.
1324 1325 1320 1319.
1329 1330 1325 1324.
1334 1335 1330 1329.
1339 1340 1335 1334.
1344 1345 1340 1339.
1349 1350 1345 1344.
1176 1177 1350 1349.
1353 1354 1355 1356.
1357 1358 1359 1360.
1361 1362 1363 1364.
1365 1366 1367 1368.
1369 1370 1371 1372.
1373 1374 1375 1376.
1377 1378 1379 1380.
1381 1378 1382 1383.
1369 1372 1384 1385.
1386 1387 1388 1389.
1390 1391 1392 1393.
1394 1395 1396 1397.
1398 1399 1400 1401.
1402 1403 1404 1405.
1406 1407 1408 1409.
1401 1410 1411 1363.
1374 1373 1412 1413.
1414 1415 1416 1417.
1374 1418 1419 1375.
1378 1381 1420 1379.
1378 1377 1421 1382.
1372 1422 1423 1384.
1424 1425 1426 1400.
1387 1427 1428 1388.
1391 1429 1430 1392.
1431 1432 1395 1404.
1433 1434 1435 1408.
1389 1394 1397 1436.
1362 1398 1401 1363.
1388 1405 1394 1389.
1407 1437 1433 1408.
1411 1438 1364 1363.
1428 1402 1405 1388.
1435 1439 1409 1408.
1392 1409 1439 1393.
1395 1432 1440 1396.
1441 1390 1393 1442.
1399 1443 1424 1400.
1403 1444 1431 1404.
1426 1410 1401 1400.
1430 1406 1409 1392.
1395 1394 1405 1404.
1376 1375 1445 1446.
1385 1384 1447 1448.
1375 1419 1449 1445.
1384 1423 1450 1447.
1380 1379 1447 1450.
1379 1420 1448 1447.
1383 1382 1445 1449.
1382 1421 1446 1445.
1442 1393 1439 1451.
1452 1453 1454 1455.
1456 1386 1389 1436.
1457 1418 1374 1413.
1370 1458 1459 1371.
1396 1460 1461 1397.
1412 1462 1463 1413.
1464 1422 1372 1371.
1397 1461 1465 1436.
1440 1466 1460 1396.
1354 1467 1465 1355.
1366 1468 1463 1367.
1416 1469 1459 1417.
1470 1471 1414 1417.
1472 1473 1474 1475.
1476 1477 1368 1367.
1475 1474 1356 1355.
1478 1479 1473 1472.
1458 1470 1417 1459.
1460 1472 1475 1461.
1462 1476 1367 1463.
1461 1475 1355 1465.
1466 1478 1472 1460.
1467 1456 1436 1465.
1468 1457 1413 1463.
1469 1464 1371 1459.
1480 1451 1439 1435.
1480 1435 1434 1481.
1358 1480 1481 1359.
1360 1482 1483 1357.
1357 1483 1484 1485.
1455 1485 1484 1486.
1455 1486 1487 1452.
1442 1454 1453 1441.
1488 1489 1454 1442.
1489 1490 1455 1454.
1490 1491 1485 1455.
1491 1492 1357 1485.
1492 1493 1358 1357.
1493 1494 1480 1358.
1494 1495 1451 1480.
1495 1488 1442 1451.
1489 1488 1496 1497.
1488 1495 1498 1496.
1495 1494 1499 1498.
1494 1493 1500 1499.
1493 1492 1501 1500.
1492 1491 1502 1501.
1490 1489 1497 1503.
1491 1490 1503 1502.
1353 1504 1505 1506.
1361 1507 1505 1504.
1365 1508 1509 1510.
1415 1511 1512 1513.
1425 1514 1515 1516.
1438 1517 1512 1511.
1443 1518 1509 1508.
1471 1506 1505 1507.
1477 1519 1515 1514.
1479 1510 1509 1518.
1482 1513 1512 1517.
1487 1516 1515 1519.
1354 1353 1506 1520.
1353 1356 1521 1504.
1360 1359 1522 1523.
1362 1361 1504 1521.
1361 1364 1524 1507.
1366 1365 1510 1525.
1365 1368 1526 1508.
1370 1369 1527 1528.
1373 1376 1529 1530.
1377 1380 1531 1532.
1381 1383 1533 1534.
1369 1385 1535 1527.
1387 1386 1527 1535.
1391 1390 1530 1529.
1399 1398 1536 1537.
1403 1402 1534 1533.
1407 1406 1532 1531.
1411 1410 1538 1539.
1412 1373 1530 1540.
1415 1414 1524 1511.
1416 1415 1513 1523.
1419 1418 1541 1542.
1420 1381 1534 1543.
1421 1377 1532 1544.
1423 1422 1545 1546.
1425 1424 1526 1514.
1426 1425 1516 1547.
1427 1387 1535 1548.
1428 1427 1548 1543.
1429 1391 1529 1549.
1430 1429 1549 1544.
1432 1431 1542 1541.
1434 1433 1546 1545.
1398 1362 1521 1536.
1437 1407 1531 1550.
1433 1437 1550 1546.
1438 1411 1539 1517.
1364 1438 1511 1524.
1402 1428 1543 1534.
1440 1432 1541 1551.
1390 1441 1540 1530.
1443 1399 1537 1518.
1424 1443 1508 1526.
1444 1403 1533 1552.
1431 1444 1552 1542.
1410 1426 1547 1538.
1406 1430 1544 1532.
1376 1446 1549 1529.
1385 1448 1548 1535.
1449 1419 1542 1552.
1450 1423 1546 1550.
1380 1450 1550 1531.
1448 1420 1543 1548.
1383 1449 1552 1533.
1446 1421 1544 1549.
1453 1452 1553 1554.
1386 1456 1528 1527.
1418 1457 1551 1541.
1458 1370 1528 1555.
1462 1412 1540 1554.
1422 1464 1556 1545.
1466 1440 1551 1557.
1467 1354 1520 1555.
1468 1366 1525 1557.
1469 1416 1523 1522.
1471 1470 1520 1506.
1414 1471 1507 1524.
1474 1473 1537 1536.
1477 1476 1553 1519.
1368 1477 1514 1526.
1356 1474 1536 1521.
1479 1478 1525 1510.
1473 1479 1518 1537.
1470 1458 1555 1520.
1476 1462 1554 1553.
1478 1466 1557 1525.
1456 1467 1555 1528.
1457 1468 1557 1551.
1464 1469 1522 1556.
1481 1434 1545 1556.
1359 1481 1556 1522.
1482 1360 1523 1513.
1483 1482 1517 1539.
1484 1483 1539 1538.
1486 1484 1538 1547.
1487 1486 1547 1516.
1452 1487 1519 1553.
1441 1453 1554 1540.
1496 1558 1559 1497.
1498 1560 1558 1496.
1499 1561 1560 1498.
1500 1562 1561 1499.
1501 1563 1562 1500.
1502 1564 1563 1501.
1497 1559 1565 1503.
1503 1565 1564 1502.
1566 1567 1568 1569.
1567 1570 1571 1568.
1572 1573 1568 1571.
1573 1574 1569 1568.
1566 1575 1576 1567.
1575 1577 1578 1576.
1579 1580 1576 1578.
1580 1570 1567 1576.
1581 1582 1583 1584.
1582 1585 1586 1583.
1587 1588 1583 1586.
1588 1589 1584 1583.
1570 1590 1591 1571.
1590 1592 1593 1591.
1594 1595 1591 1593.
1595 1572 1571 1591.
1579 1596 1597 1580.
1596 1598 1599 1597.
1592 1590 1597 1599.
1590 1570 1580 1597.
1600 1601 1602 1603.
1601 1604 1605 1602.
1606 1607 1602 1605.
1607 1608 1603 1602.
1609 1610 1611 1612.
1610 1608 1607 1611.
1606 1613 1611 1607.
1613 1614 1612 1611.
1615 1616 1617 1618.
1616 1619 1620 1617.
1585 1582 1617 1620.
1582 1581 1618 1617.
1566 1569 1621 1622.
1569 1574 1623 1621.
1624 1625 1621 1623.
1625 1626 1622 1621.
1581 1584 1627 1628.
1584 1589 1629 1627.
1626 1625 1627 1629.
1625 1624 1628 1627.
1572 1595 1630 1631.
1595 1594 1632 1630.
1633 1634 1630 1632.
1634 1635 1631 1630.
1604 1601 1636 1637.
1601 1600 1638 1636.
1635 1634 1636 1638.
1634 1633 1637 1636.
1609 1612 1639 1640.
1612 1614 1641 1639.
1642 1643 1639 1641.
1643 1644 1640 1639.
1577 1645 1646 1578.
1645 1647 1648 1646.
1649 1650 1646 1648.
1650 1579 1578 1646.
1651 1652 1653 1654.
1652 1655 1656 1653.
1657 1658 1653 1656.
1658 1659 1654 1653.
1660 1661 1662 1663.
1661 1664 1665 1662.
1657 1656 1662 1665.
1656 1655 1663 1662.
1666 1667 1668 1669.
1667 1670 1671 1668.
1672 1673 1668 1671.
1673 1674 1669 1668.
1674 1675 1676 1669.
1675 1677 1678 1676.
1679 1680 1676 1678.
1680 1666 1669 1676.
1677 1681 1682 1678.
1681 1683 1684 1682.
1685 1686 1682 1684.
1686 1679 1678 1682.
1687 1688 1689 1690.
1688 1691 1692 1689.
1693 1694 1689 1692.
1694 1695 1690 1689.
1696 1697 1698 1699.
1697 1700 1701 1698.
1702 1703 1698 1701.
1703 1704 1699 1698.
1579 1650 1705 1596.
1650 1649 1706 1705.
1707 1708 1705 1706.
1708 1598 1596 1705.
1709 1710 1711 1712.
1710 1651 1713 1711.
1714 1715 1711 1713.
1715 1716 1712 1711.
1660 1717 1718 1661.
1717 1719 1720 1718.
1721 1722 1718 1720.
1722 1664 1661 1718.
1659 1723 1724 1654.
1723 1725 1726 1724.
1714 1713 1724 1726.
1713 1651 1654 1724.
1727 1728 1729 1730.
1728 1731 1732 1729.
1719 1717 1729 1732.
1717 1660 1730 1729.
1683 1733 1734 1684.
1733 1687 1690 1734.
1695 1735 1734 1690.
1735 1685 1684 1734.
1727 1736 1737 1728.
1736 1738 1739 1737.
1740 1741 1737 1739.
1741 1731 1728 1737.
1742 1743 1744 1745.
1743 1746 1747 1744.
1748 1749 1744 1747.
1749 1750 1745 1744.
1647 1751 1752 1753.
1751 1754 1755 1752.
1756 1757 1752 1755.
1757 1758 1753 1752.
1577 1759 1760 1645.
1759 1761 1762 1760.
1754 1751 1760 1762.
1751 1647 1645 1760.
1758 1757 1763 1764.
1757 1756 1765 1763.
1746 1743 1763 1765.
1743 1742 1764 1763.
1674 1766 1767 1675.
1766 1748 1747 1767.
1746 1768 1767 1747.
1768 1677 1675 1767.
1677 1768 1769 1681.
1768 1746 1765 1769.
1756 1770 1769 1765.
1770 1683 1681 1769.
1687 1771 1772 1688.
1771 1754 1762 1772.
1761 1773 1772 1762.
1773 1691 1688 1772.
1761 1774 1775 1773.
1774 1626 1629 1775.
1589 1776 1775 1629.
1776 1691 1773 1775.
1683 1770 1777 1733.
1770 1756 1755 1777.
1754 1771 1777 1755.
1771 1687 1733 1777.
1704 1778 1779 1699.
1778 1740 1739 1779.
1738 1780 1779 1739.
1780 1696 1699 1779.
1649 1781 1782 1706.
1781 1783 1784 1782.
1785 1786 1782 1784.
1786 1707 1706 1782.
1716 1787 1788 1712.
1787 1785 1784 1788.
1783 1789 1788 1784.
1789 1709 1712 1788.
1742 1745 1790 1791.
1745 1750 1792 1790.
1700 1697 1790 1792.
1697 1696 1791 1790.
1589 1588 1793 1776.
1588 1587 1794 1793.
1693 1692 1793 1794.
1692 1691 1776 1793.
1659 1795 1796 1723.
1795 1644 1643 1796.
1642 1797 1796 1643.
1797 1725 1723 1796.
1626 1774 1798 1622.
1774 1761 1759 1798.
1577 1575 1798 1759.
1575 1566 1622 1798.
1608 1610 1799 1800.
1610 1609 1801 1799.
1802 1803 1799 1801.
1803 1804 1800 1799.
1615 1618 1805 1806.
1618 1581 1628 1805.
1624 1807 1805 1628.
1807 1808 1806 1805.
1809 1810 1811 1812.
1810 1813 1814 1811.
1815 1816 1811 1814.
1816 1817 1812 1811.
1818 1819 1820 1821.
1819 1822 1823 1820.
1824 1825 1820 1823.
1825 1826 1821 1820.
1817 1816 1827 1828.
1816 1815 1829 1827.
1830 1831 1827 1829.
1831 1832 1828 1827.
1833 1834 1835 1836.
1834 1837 1838 1835.
1839 1840 1835 1838.
1840 1841 1836 1835.
1842 1843 1844 1845.
1843 1846 1847 1844.
1839 1838 1844 1847.
1838 1837 1845 1844.
1615 1848 1849 1616.
1848 1818 1821 1849.
1826 1850 1849 1821.
1850 1619 1616 1849.
1809 1851 1852 1810.
1851 1853 1854 1852.
1855 1856 1852 1854.
1856 1813 1810 1852.
1818 1857 1858 1819.
1857 1855 1854 1858.
1853 1859 1858 1854.
1859 1822 1819 1858.
1815 1860 1861 1829.
1860 1862 1863 1861.
1864 1865 1861 1863.
1865 1830 1829 1861.
1841 1866 1867 1836.
1866 1864 1863 1867.
1862 1868 1867 1863.
1868 1833 1836 1867.
1837 1869 1870 1845.
1869 1804 1803 1870.
1802 1871 1870 1803.
1871 1842 1845 1870.
1615 1806 1872 1848.
1806 1808 1873 1872.
1855 1857 1872 1873.
1857 1818 1848 1872.
1874 1875 1876 1877.
1875 1878 1879 1876.
1880 1881 1876 1879.
1881 1882 1877 1876.
1809 1812 1883 1884.
1812 1817 1885 1883.
1878 1875 1883 1885.
1875 1874 1884 1883.
1886 1887 1888 1889.
1887 1890 1891 1888.
1892 1893 1888 1891.
1893 1894 1889 1888.
1878 1895 1896 1879.
1895 1897 1898 1896.
1899 1900 1896 1898.
1900 1880 1879 1896.
1878 1885 1901 1895.
1885 1817 1828 1901.
1832 1902 1901 1828.
1902 1897 1895 1901.
1903 1904 1905 1906.
1904 1907 1908 1905.
1909 1910 1905 1908.
1910 1911 1906 1905.
1912 1913 1914 1915.
1913 1911 1910 1914.
1909 1916 1914 1910.
1916 1917 1915 1914.
1918 1919 1920 1921.
1919 1922 1923 1920.
1890 1887 1920 1923.
1887 1886 1921 1920.
1874 1877 1924 1925.
1877 1882 1926 1924.
1927 1928 1924 1926.
1928 1929 1925 1924.
1886 1889 1930 1931.
1889 1894 1932 1930.
1929 1928 1930 1932.
1928 1927 1931 1930.
1894 1933 1934 1932.
1933 1822 1859 1934.
1853 1935 1934 1859.
1935 1929 1932 1934.
1880 1900 1936 1937.
1900 1899 1938 1936.
1939 1940 1936 1938.
1940 1941 1937 1936.
1907 1904 1942 1943.
1904 1903 1944 1942.
1941 1940 1942 1944.
1940 1939 1943 1942.
1874 1925 1945 1884.
1925 1929 1935 1945.
1853 1851 1945 1935.
1851 1809 1884 1945.
1750 1946 1947 1792.
1946 1948 1949 1947.
1950 1951 1947 1949.
1951 1700 1792 1947.
1702 1701 1952 1953.
1701 1700 1951 1952.
1950 1954 1952 1951.
1954 1955 1953 1952.
1911 1913 1956 1957.
1913 1912 1958 1956.
1959 1960 1956 1958.
1960 1961 1957 1956.
1918 1921 1962 1963.
1921 1886 1931 1962.
1927 1964 1962 1931.
1964 1965 1963 1962.
1966 1967 1968 1969.
1967 1970 1971 1968.
1972 1973 1968 1971.
1973 1974 1969 1968.
1966 1969 1975 1976.
1969 1974 1977 1975.
1978 1979 1975 1977.
1979 1980 1976 1975.
1981 1982 1983 1984.
1982 1985 1986 1983.
1987 1988 1983 1986.
1988 1989 1984 1983.
1974 1973 1990 1991.
1973 1972 1992 1990.
1993 1994 1990 1992.
1994 1995 1991 1990.
1995 1996 1997 1991.
1996 1998 1999 1997.
1978 1977 1997 1999.
1977 1974 1991 1997.
2000 2001 2002 2003.
2001 2004 2005 2002.
2006 2007 2002 2005.
2007 2008 2003 2002.
2009 2010 2011 2012.
2010 2013 2014 2011.
2006 2005 2011 2014.
2005 2004 2012 2011.
2015 2016 2017 2018.
2016 1981 1984 2017.
1989 2019 2017 1984.
2019 2020 2018 2017.
1966 2021 2022 1967.
2021 2023 2024 2022.
2025 2026 2022 2024.
2026 1970 1967 2022.
1981 2027 2028 1982.
2027 2025 2024 2028.
2023 2029 2028 2024.
2029 1985 1982 2028.
1972 2030 2031 1992.
2030 2032 2033 2031.
2034 2035 2031 2033.
2035 1993 1992 2031.
2008 2036 2037 2003.
2036 2034 2033 2037.
2032 2038 2037 2033.
2038 2000 2003 2037.
2009 2039 2040 2010.
2039 2041 2042 2040.
2043 2044 2040 2042.
2044 2013 2010 2040.
1980 1979 2045 2046.
1979 1978 2047 2045.
2048 2049 2045 2047.
2049 2050 2046 2045.
2051 2052 2053 2054.
2052 2055 2056 2053.
2057 2058 2053 2056.
2058 2059 2054 2053.
2060 2061 2062 2063.
2061 2059 2058 2062.
2057 2064 2062 2058.
2064 2065 2063 2062.
1672 1671 2066 2067.
1671 1670 2068 2066.
2069 2070 2066 2068.
2070 2071 2067 2066.
2071 2070 2072 2073.
2070 2069 2074 2072.
2075 2076 2072 2074.
2076 2077 2073 2072.
2078 2079 2080 2081.
2079 2082 2083 2080.
2084 2085 2080 2083.
2085 2086 2081 2080.
2087 2088 2089 2090.
2088 2091 2092 2089.
1955 1954 2089 2092.
1954 1950 2090 2089.
1978 1999 2093 2047.
1999 1998 2094 2093.
2095 2096 2093 2094.
2096 2048 2047 2093.
2097 2098 2099 2100.
2098 2101 2102 2099.
2103 2104 2099 2102.
2104 2051 2100 2099.
2060 2063 2105 2106.
2063 2065 2107 2105.
2108 2109 2105 2107.
2109 2110 2106 2105.
2055 2052 2111 2112.
2052 2051 2104 2111.
2103 2113 2111 2104.
2113 2114 2112 2111.
2115 2116 2117 2118.
2116 2060 2106 2117.
2110 2119 2117 2106.
2119 2120 2118 2117.
2077 2076 2121 2122.
2076 2075 2123 2121.
2082 2079 2121 2123.
2079 2078 2122 2121.
2115 2118 2124 2125.
2118 2120 2126 2124.
2127 2128 2124 2126.
2128 2129 2125 2124.
2130 2131 2132 2133.
2131 1948 2134 2132.
2135 2136 2132 2134.
2136 2137 2133 2132.
2050 2138 2139 2140.
2138 2141 2142 2139.
2143 2144 2139 2142.
2144 2145 2140 2139.
1980 2046 2146 2147.
2046 2050 2140 2146.
2145 2148 2146 2140.
2148 2149 2147 2146.
2141 2150 2151 2142.
2150 2130 2133 2151.
2137 2152 2151 2133.
2152 2143 2142 2151.
1672 2067 2153 2154.
2067 2071 2155 2153.
2137 2136 2153 2155.
2136 2135 2154 2153.
2071 2073 2156 2155.
2073 2077 2157 2156.
2143 2152 2156 2157.
2152 2137 2155 2156.
2078 2081 2158 2159.
2081 2086 2160 2158.
2149 2148 2158 2160.
2148 2145 2159 2158.
1985 2029 2161 2162.
2029 2023 2163 2161.
2149 2160 2161 2163.
2160 2086 2162 2161.
2077 2122 2164 2157.
2122 2078 2159 2164.
2145 2144 2164 2159.
2144 2143 2157 2164.
2091 2088 2165 2166.
2088 2087 2167 2165.
2129 2128 2165 2167.
2128 2127 2166 2165.
2048 2096 2168 2169.
2096 2095 2170 2168.
2171 2172 2168 2170.
2172 2173 2169 2168.
2101 2098 2174 2175.
2098 2097 2176 2174.
2173 2172 2174 2176.
2172 2171 2175 2174.
2130 2177 2178 2131.
2177 2087 2090 2178.
1950 1949 2178 2090.
1949 1948 2131 2178.
2086 2085 2179 2162.
2085 2084 2180 2179.
1987 1986 2179 2180.
1986 1985 2162 2179.
2055 2112 2181 2182.
2112 2114 2183 2181.
2043 2042 2181 2183.
2042 2041 2182 2181.
1980 2147 2184 1976.
2147 2149 2163 2184.
2023 2021 2184 2163.
2021 1966 1976 2184.
2004 2185 2186 2012.
2185 2187 2188 2186.
2189 2190 2186 2188.
2190 2009 2012 2186.
2015 2191 2192 2016.
2191 2193 2194 2192.
2025 2027 2192 2194.
2027 1981 2016 2192.
2195 2196 2197 2198.
2196 2199 2200 2197.
2201 2202 2197 2200.
2202 2203 2198 2197.
2204 2205 2206 2207.
2205 2208 2209 2206.
2199 2196 2206 2209.
2196 2195 2207 2206.
2210 2211 2212 2213.
2211 2214 2215 2212.
2216 2217 2212 2215.
2217 2218 2213 2212.
2199 2219 2220 2200.
2219 2221 2222 2220.
2223 2224 2220 2222.
2224 2201 2200 2220.
2225 2226 2227 2228.
2226 2229 2230 2227.
2231 2232 2227 2230.
2232 2233 2228 2227.
2234 2235 2236 2237.
2235 2233 2232 2236.
2231 2238 2236 2232.
2238 2239 2237 2236.
2015 2018 2240 2241.
2018 2020 2242 2240.
2214 2211 2240 2242.
2211 2210 2241 2240.
2195 2198 2243 2244.
2198 2203 2245 2243.
2246 2247 2243 2245.
2247 2248 2244 2243.
2210 2213 2249 2250.
2213 2218 2251 2249.
2248 2247 2249 2251.
2247 2246 2250 2249.
2218 2252 2253 2251.
2252 2254 2255 2253.
2256 2257 2253 2255.
2257 2248 2251 2253.
2201 2224 2258 2259.
2224 2223 2260 2258.
2261 2262 2258 2260.
2262 2263 2259 2258.
2229 2226 2264 2265.
2226 2225 2266 2264.
2263 2262 2264 2266.
2262 2261 2265 2264.
2195 2244 2267 2207.
2244 2248 2257 2267.
2256 2268 2267 2257.
2268 2204 2207 2267.
2233 2235 2269 2270.
2235 2234 2271 2269.
2189 2188 2269 2271.
2188 2187 2270 2269.
2015 2241 2272 2191.
2241 2210 2250 2272.
2246 2273 2272 2250.
2273 2193 2191 2272.
2204 2274 2275 2205.
2274 2276 2277 2275.
2278 2279 2275 2277.
2279 2208 2205 2275.
2280 2281 2282 2283.
2281 2254 2284 2282.
2285 2286 2282 2284.
2286 2287 2283 2282.
2208 2279 2288 2289.
2279 2278 2290 2288.
2291 2292 2288 2290.
2292 2293 2289 2288.
2293 2294 2295 2289.
2294 2221 2219 2295.
2199 2209 2295 2219.
2209 2208 2289 2295.
2296 2297 2298 2299.
2297 2300 2301 2298.
2302 2303 2298 2301.
2303 2304 2299 2298.
2305 2306 2307 2308.
2306 2309 2310 2307.
2302 2301 2307 2310.
2301 2300 2308 2307.
1918 2311 2312 1919.
2311 2280 2283 2312.
2287 2313 2312 2283.
2313 1922 1919 2312.
2204 2268 2314 2274.
2268 2256 2315 2314.
2316 2317 2314 2315.
2317 2276 2274 2314.
2280 2318 2319 2281.
2318 2316 2315 2319.
2256 2255 2319 2315.
2255 2254 2281 2319.
2278 2320 2321 2290.
2320 2322 2323 2321.
2324 2325 2321 2323.
2325 2291 2290 2321.
2304 2326 2327 2299.
2326 2324 2323 2327.
2322 2328 2327 2323.
2328 2296 2299 2327.
2300 2329 2330 2308.
2329 1961 1960 2330.
1959 2331 2330 1960.
2331 2305 2308 2330.
1918 1963 2332 2311.
1963 1965 2333 2332.
2316 2318 2332 2333.
2318 2280 2311 2332.
2334 2335 2336 2337.
2335 2338 2339 2336.
2340 2341 2336 2339.
2341 2342 2337 2336.
1894 1893 2343 1933.
1893 1892 2344 2343.
1824 1823 2343 2344.
1823 1822 1933 2343.
2218 2217 2345 2252.
2217 2216 2346 2345.
2285 2284 2345 2346.
2284 2254 2252 2345.
2342 2347 2348 2337.
2347 2349 2350 2348.
2351 2352 2348 2350.
2352 2334 2337 2348.
2353 2354 2355 2356.
2354 2357 2358 2355.
2349 2347 2355 2358.
2347 2342 2356 2355.
2334 2352 2359 2360.
2352 2351 2361 2359.
2362 2363 2359 2361.
2363 2364 2360 2359.
2364 2363 2365 2366.
2363 2362 2367 2365.
2368 2369 2365 2367.
2369 2370 2366 2365.
2370 2369 2371 2372.
2369 2368 2373 2371.
2374 2375 2371 2373.
2375 2376 2372 2371.
2377 2378 2379 2380.
2378 2381 2382 2379.
2357 2354 2379 2382.
2354 2353 2380 2379.
2383 2384 2385 2386.
2384 2387 2388 2385.
2381 2378 2385 2388.
2378 2377 2386 2385.
2389 2390 2391 2392.
2390 2393 2394 2391.
2387 2384 2391 2394.
2384 2383 2392 2391.
2395 2396 2397 2398.
2396 2399 2400 2397.
2393 2390 2397 2400.
2390 2389 2398 2397.
2376 2375 2401 2402.
2375 2374 2403 2401.
2399 2396 2401 2403.
2396 2395 2402 2401.
2135 2404 2405 2154.
2404 1748 1766 2405.
1674 1673 2405 1766.
1673 1672 2154 2405.
1574 2406 2407 1623.
2406 2408 2409 2407.
1808 1807 2407 2409.
1807 1624 1623 2407.
1608 1800 2410 1603.
1800 1804 2411 2410.
2412 2413 2410 2411.
2413 1600 1603 2410.
1635 1638 2414 2415.
1638 1600 2413 2414.
2412 2416 2414 2413.
2416 2408 2415 2414.
2417 2418 2419 2420.
2418 1758 2421 2419.
1738 1736 2419 2421.
1736 1727 2420 2419.
1657 1665 2422 2423.
1665 1664 2424 2422.
2425 2426 2422 2424.
2426 2427 2428 2422.
2429 2423 2422 2428.
2430 2431 2432 2433.
2431 1644 1795 2432.
1659 1658 2432 1795.
1658 1657 2423 2432.
2429 2433 2432 2423.
2427 2434 2435 2428.
2434 2436 2437 2435.
2340 2438 2435 2437.
2438 2429 2428 2435.
1660 1663 2439 1730.
1663 1655 2440 2439.
2417 2420 2439 2440.
2420 1727 1730 2439.
1664 1722 2441 2424.
1722 1721 2442 2441.
2443 2444 2441 2442.
2444 2425 2424 2441.
1742 1791 2445 1764.
1791 1696 1780 2445.
1738 2421 2445 1780.
2421 1758 1764 2445.
2417 2440 2446 2447.
2440 1655 1652 2446.
1651 1710 2446 1652.
1710 1709 2447 2446.
1647 1753 2448 1648.
1753 1758 2449 2448.
1783 1781 2448 2449.
1781 1649 1648 2448.
1709 1789 2450 2447.
1789 1783 2449 2450.
1758 2418 2450 2449.
2418 2417 2447 2450.
1609 1640 2451 1801.
1640 1644 2431 2451.
2430 2452 2451 2431.
2452 2453 2454 2451.
1802 1801 2451 2454.
2338 2455 2456 2457.
2455 2458 2459 2456.
2453 2452 2456 2459.
2452 2430 2457 2456.
1574 1573 2460 2406.
1573 1572 1631 2460.
1635 2415 2460 1631.
2415 2408 2406 2460.
1813 1856 2461 2462.
1856 1855 1873 2461.
1808 2409 2461 1873.
2409 2408 2462 2461.
1837 1834 2463 1869.
1834 1833 2464 2463.
2412 2411 2463 2464.
2411 1804 1869 2463.
1862 2465 2466 1868.
2465 2408 2416 2466.
2412 2464 2466 2416.
2464 1833 1868 2466.
1842 2467 2468 1843.
2467 2469 2470 2468.
2471 2472 2468 2470.
2472 1846 1843 2468.
2473 2474 2475 2476.
2474 2469 2467 2475.
1842 1871 2475 2467.
1871 1802 2454 2475.
2453 2476 2475 2454.
2370 2477 2478 2366.
2477 2479 2480 2478.
2458 2481 2478 2480.
2481 2364 2366 2478.
1862 1860 2482 2465.
1860 1815 1814 2482.
1813 2462 2482 1814.
2462 2408 2465 2482.
1882 2483 2484 1926.
2483 2485 2486 2484.
1965 1964 2484 2486.
1964 1927 1926 2484.
1911 1957 2487 1906.
1957 1961 2488 2487.
2489 2490 2487 2488.
2490 1903 1906 2487.
1941 1944 2491 2492.
1944 1903 2490 2491.
2489 2493 2491 2490.
2493 2485 2492 2491.
1912 1915 2494 2495.
1915 1917 2496 2494.
2471 2470 2494 2496.
2470 2469 2495 2494.
1912 2495 2497 1958.
2495 2469 2474 2497.
2473 2498 2497 2474.
2498 2499 2500 2497.
1959 1958 2497 2500.
2479 2501 2502 2503.
2501 2504 2505 2502.
2499 2498 2502 2505.
2498 2473 2503 2502.
1882 1881 2506 2483.
1881 1880 1937 2506.
1941 2492 2506 1937.
2492 2485 2483 2506.
1970 2026 2507 2508.
2026 2025 2194 2507.
2193 2509 2507 2194.
2509 2510 2508 2507.
2004 2001 2511 2185.
2001 2000 2512 2511.
2513 2514 2511 2512.
2514 2187 2185 2511.
2032 2515 2516 2038.
2515 2510 2517 2516.
2513 2512 2516 2517.
2512 2000 2038 2516.
2518 2519 2520 2521.
2519 2115 2125 2520.
2129 2522 2520 2125.
2522 2141 2521 2520.
2425 2523 2524 2426.
2523 2065 2064 2524.
2057 2525 2524 2064.
2525 2526 2527 2524.
2427 2426 2524 2527.
2055 2182 2528 2056.
2182 2041 2529 2528.
2530 2531 2528 2529.
2531 2526 2525 2528.
2057 2056 2528 2525.
2526 2532 2533 2527.
2532 2534 2535 2533.
2436 2434 2533 2535.
2434 2427 2527 2533.
2536 2537 2538 2539.
2537 2534 2532 2538.
2526 2531 2538 2532.
2531 2530 2539 2538.
2060 2116 2540 2061.
2116 2115 2519 2540.
2518 2541 2540 2519.
2541 2059 2061 2540.
2065 2523 2542 2107.
2523 2425 2444 2542.
2443 2543 2542 2444.
2543 2108 2107 2542.
2130 2150 2544 2177.
2150 2141 2522 2544.
2129 2167 2544 2522.
2167 2087 2177 2544.
2518 2545 2546 2541.
2545 2097 2100 2546.
2051 2054 2546 2100.
2054 2059 2541 2546.
2050 2049 2547 2138.
2049 2048 2169 2547.
2173 2548 2547 2169.
2548 2141 2138 2547.
2097 2545 2549 2176.
2545 2518 2521 2549.
2141 2548 2549 2521.
2548 2173 2176 2549.
2530 2529 2550 2551.
2529 2041 2039 2550.
2009 2190 2550 2039.
2190 2189 2552 2550.
2553 2551 2550 2552.
2383 2554 2555 2392.
2554 2536 2556 2555.
2557 2558 2555 2556.
2558 2389 2392 2555.
2032 2030 2559 2515.
2030 1972 1971 2559.
1970 2508 2559 1971.
2508 2510 2515 2559.
2203 2560 2561 2245.
2560 2510 2509 2561.
2193 2273 2561 2509.
2273 2246 2245 2561.
2233 2270 2562 2228.
2270 2187 2514 2562.
2513 2563 2562 2514.
2563 2225 2228 2562.
2263 2266 2564 2565.
2266 2225 2563 2564.
2513 2517 2564 2563.
2517 2510 2565 2564.
2234 2237 2566 2567.
2237 2239 2568 2566.
2569 2570 2566 2568.
2570 2571 2567 2566.
2234 2567 2572 2271.
2567 2571 2573 2572.
2574 2575 2572 2573.
2575 2553 2552 2572.
2189 2271 2572 2552.
2576 2577 2578 2579.
2577 2557 2580 2578.
2553 2575 2578 2580.
2575 2574 2579 2578.
2203 2202 2581 2560.
2202 2201 2259 2581.
2263 2565 2581 2259.
2565 2510 2560 2581.
2276 2317 2582 2583.
2317 2316 2333 2582.
1965 2486 2582 2333.
2486 2485 2583 2582.
2300 2297 2584 2329.
2297 2296 2585 2584.
2489 2488 2584 2585.
2488 1961 2329 2584.
2322 2586 2587 2328.
2586 2485 2493 2587.
2489 2585 2587 2493.
2585 2296 2328 2587.
2305 2588 2589 2306.
2588 2571 2570 2589.
2569 2590 2589 2570.
2590 2309 2306 2589.
2574 2573 2591 2592.
2573 2571 2588 2591.
2305 2331 2591 2588.
2331 1959 2500 2591.
2499 2592 2591 2500.
2376 2402 2593 2594.
2402 2395 2595 2593.
2576 2596 2593 2595.
2596 2504 2594 2593.
2322 2320 2597 2586.
2320 2278 2277 2597.
2276 2583 2597 2277.
2583 2485 2586 2597.
2598 2599 2600 2601.
2599 2602 2603 2600.
2604 2605 2600 2603.
2605 2606 2601 2600.
2602 2607 2608 2603.
2607 2609 2610 2608.
2611 2612 2608 2610.
2612 2604 2603 2608.
2609 2613 2614 2610.
2613 2615 2616 2614.
2617 2618 2614 2616.
2618 2611 2610 2614.
2615 2619 2620 2616.
2619 2621 2622 2620.
2623 2624 2620 2622.
2624 2617 2616 2620.
2621 2625 2626 2622.
2625 2627 2628 2626.
2629 2630 2626 2628.
2630 2623 2622 2626.
2627 2631 2632 2628.
2631 2633 2634 2632.
2635 2636 2632 2634.
2636 2629 2628 2632.
2633 2637 2638 2634.
2637 2639 2640 2638.
2641 2642 2638 2640.
2642 2635 2634 2638.
2639 2643 2644 2640.
2643 2645 2646 2644.
2647 2648 2644 2646.
2648 2641 2640 2644.
2645 2649 2650 2646.
2649 2651 2652 2650.
2653 2654 2650 2652.
2654 2647 2646 2650.
2651 2655 2656 2652.
2655 2598 2601 2656.
2606 2657 2656 2601.
2657 2653 2652 2656.
2658 2659 2660 2661.
2659 2606 2605 2660.
2604 2612 2660 2605.
2612 2611 2661 2660.
2653 2657 2662 2654.
2657 2606 2659 2662.
2658 2663 2662 2659.
2663 2647 2654 2662.
2658 2661 2664 2665.
2661 2611 2618 2664.
2617 2666 2664 2618.
2666 2667 2665 2664.
2647 2663 2668 2648.
2663 2658 2665 2668.
2667 2669 2668 2665.
2669 2641 2648 2668.
2623 2630 2670 2624.
2630 2629 2671 2670.
2667 2666 2670 2671.
2666 2617 2624 2670.
2667 2671 2672 2669.
2671 2629 2636 2672.
2635 2642 2672 2636.
2642 2641 2669 2672.
2602 2599 2673 2674.
2599 2598 2675 2673.
2676 2677 2673 2675.
2677 2678 2674 2673.
2609 2607 2679 2680.
2607 2602 2674 2679.
2678 2681 2679 2674.
2681 2682 2680 2679.
2598 2655 2683 2675.
2655 2651 2684 2683.
2685 2686 2683 2684.
2686 2676 2675 2683.
2651 2649 2687 2684.
2649 2645 2688 2687.
2689 2690 2687 2688.
2690 2685 2684 2687.
2645 2643 2691 2688.
2643 2639 2692 2691.
2693 2694 2691 2692.
2694 2689 2688 2691.
2615 2613 2695 2696.
2613 2609 2680 2695.
2682 2697 2695 2680.
2697 2698 2696 2695.
2621 2619 2699 2700.
2619 2615 2696 2699.
2698 2701 2699 2696.
2701 2702 2700 2699.
2627 2625 2703 2704.
2625 2621 2700 2703.
2702 2705 2703 2700.
2705 2706 2704 2703.
2633 2631 2707 2708.
2631 2627 2704 2707.
2706 2709 2707 2704.
2709 2710 2708 2707.
2639 2637 2711 2692.
2637 2633 2708 2711.
2710 2712 2711 2708.
2712 2693 2692 2711.
2678 2677 2713 2714.
2677 2676 2715 2713.
2351 2350 2713 2715.
2350 2349 2714 2713.
2682 2681 2716 2717.
2681 2678 2714 2716.
2349 2358 2716 2714.
2358 2357 2717 2716.
2676 2686 2718 2715.
2686 2685 2719 2718.
2362 2361 2718 2719.
2361 2351 2715 2718.
2685 2690 2720 2719.
2690 2689 2721 2720.
2368 2367 2720 2721.
2367 2362 2719 2720.
2689 2694 2722 2721.
2694 2693 2723 2722.
2374 2373 2722 2723.
2373 2368 2721 2722.
2698 2697 2724 2725.
2697 2682 2717 2724.
2357 2382 2724 2717.
2382 2381 2725 2724.
2702 2701 2726 2727.
2701 2698 2725 2726.
2381 2388 2726 2725.
2388 2387 2727 2726.
2706 2705 2728 2729.
2705 2702 2727 2728.
2387 2394 2728 2727.
2394 2393 2729 2728.
2710 2709 2730 2731.
2709 2706 2729 2730.
2393 2400 2730 2729.
2400 2399 2731 2730.
2693 2712 2732 2723.
2712 2710 2731 2732.
2399 2403 2732 2731.
2403 2374 2723 2732.
2338 2457 2733 2339.
2457 2430 2433 2733.
2429 2438 2733 2433.
2438 2340 2339 2733.
2436 2734 2735 2437.
2734 2353 2356 2735.
2342 2341 2735 2356.
2341 2340 2437 2735.
2338 2335 2736 2455.
2335 2334 2360 2736.
2364 2481 2736 2360.
2481 2458 2455 2736.
2479 2503 2737 2480.
2503 2473 2476 2737.
2453 2459 2737 2476.
2459 2458 2480 2737.
2370 2372 2738 2477.
2372 2376 2594 2738.
2504 2501 2738 2594.
2501 2479 2477 2738.
2534 2739 2740 2535.
2739 2377 2380 2740.
2353 2734 2740 2380.
2734 2436 2535 2740.
2383 2386 2741 2554.
2386 2377 2739 2741.
2534 2537 2741 2739.
2537 2536 2554 2741.
2536 2539 2742 2556.
2539 2530 2551 2742.
2553 2580 2742 2551.
2580 2557 2556 2742.
2395 2398 2743 2595.
2398 2389 2558 2743.
2557 2577 2743 2558.
2577 2576 2595 2743.
2574 2592 2744 2579.
2592 2499 2505 2744.
2504 2596 2744 2505.
2596 2576 2579 2744.
2745 2746 2747 2748.
2746 2749 2750 2747.
2751 2752 2747 2750.
2752 2753 2748 2747.
2754 2755 2756 2757.
2755 2758 2759 2756.
2751 2750 2756 2759.
2750 2749 2757 2756.
2760 2761 2762 2763.
2761 2764 2765 2762.
2766 2767 2762 2765.
2767 2768 2763 2762.
2769 2770 2771 2772.
2770 2773 2774 2771.
2749 2746 2771 2774.
2746 2745 2772 2771.
2773 2775 2776 2774.
2775 2777 2778 2776.
2754 2757 2776 2778.
2757 2749 2774 2776.
2779 2780 2781 2782.
2780 2783 2784 2781.
2785 2786 2781 2784.
2786 2787 2782 2781.
2779 2782 2788 2789.
2782 2787 2790 2788.
2791 2792 2788 2790.
2792 2793 2789 2788.
2764 2794 2795 2765.
2794 2796 2797 2795.
2798 2799 2795 2797.
2799 2766 2765 2795.
2800 2801 2802 2803.
2801 2753 2752 2802.
2751 2804 2802 2752.
2804 2805 2803 2802.
2805 2806 2807 2803.
2806 2768 2767 2807.
2766 2808 2807 2767.
2808 2800 2803 2807.
2809 2810 2811 2812.
2810 2769 2772 2811.
2745 2813 2811 2772.
2813 2814 2812 2811.
2814 2815 2816 2812.
2815 2785 2784 2816.
2783 2817 2816 2784.
2817 2809 2812 2816.
2818 2819 2820 2821.
2819 2793 2792 2820.
2791 2822 2820 2792.
2822 2823 2821 2820.
2824 2825 2826 2827.
2825 2828 2829 2826.
2758 2755 2826 2829.
2755 2754 2827 2826.
2830 2831 2832 2833.
2831 2834 2835 2832.
2836 2837 2832 2835.
2837 2838 2833 2832.
2830 2839 2840 2831.
2839 2841 2842 2840.
2843 2844 2840 2842.
2844 2834 2831 2840.
2845 2846 2847 2848.
2846 2849 2850 2847.
2851 2852 2847 2850.
2852 2853 2848 2847.
2854 2855 2856 2857.
2855 2858 2859 2856.
2853 2852 2856 2859.
2852 2851 2857 2856.
2860 2861 2862 2863.
2861 2864 2865 2862.
2858 2855 2862 2865.
2855 2854 2863 2862.
2866 2867 2868 2869.
2867 2870 2871 2868.
2872 2873 2868 2871.
2873 2874 2869 2868.
2875 2876 2877 2878.
2876 2879 2880 2877.
2881 2882 2877 2880.
2882 2883 2878 2877.
2884 2885 2886 2887.
2885 2824 2827 2886.
2754 2778 2886 2827.
2778 2777 2887 2886.
2888 2889 2890 2891.
2889 2836 2892 2890.
2893 2894 2890 2892.
2894 2895 2891 2890.
2896 2897 2898 2899.
2897 2900 2901 2898.
2843 2842 2898 2901.
2842 2841 2899 2898.
2888 2902 2903 2889.
2902 2904 2905 2903.
2838 2837 2903 2905.
2837 2836 2889 2903.
2900 2906 2907 2901.
2906 2908 2909 2907.
2910 2911 2907 2909.
2911 2843 2901 2907.
2874 2873 2912 2913.
2873 2872 2914 2912.
2864 2861 2912 2914.
2861 2860 2913 2912.
2915 2916 2917 2918.
2916 2919 2920 2917.
2910 2909 2917 2920.
2909 2908 2918 2917.
2921 2922 2923 2924.
2922 2925 2926 2923.
2927 2928 2923 2926.
2928 2929 2924 2923.
2930 2931 2932 2933.
2931 2934 2935 2932.
2828 2936 2932 2935.
2936 2937 2933 2932.
2934 2938 2939 2935.
2938 2940 2941 2939.
2758 2829 2939 2941.
2829 2828 2935 2939.
2925 2942 2943 2926.
2942 2930 2933 2943.
2937 2944 2943 2933.
2944 2927 2926 2943.
2925 2922 2945 2946.
2922 2921 2947 2945.
2853 2859 2945 2947.
2859 2858 2946 2945.
2930 2942 2948 2949.
2942 2925 2946 2948.
2858 2865 2948 2946.
2865 2864 2949 2948.
2940 2938 2950 2951.
2938 2934 2952 2950.
2872 2871 2950 2952.
2871 2870 2951 2950.
2768 2806 2953 2954.
2806 2805 2955 2953.
2940 2951 2953 2955.
2951 2870 2954 2953.
2934 2931 2956 2952.
2931 2930 2949 2956.
2864 2914 2956 2949.
2914 2872 2952 2956.
2919 2916 2957 2958.
2916 2915 2959 2957.
2883 2882 2957 2959.
2882 2881 2958 2957.
2960 2961 2962 2963.
2961 2964 2965 2962.
2824 2885 2962 2965.
2885 2884 2963 2962.
2964 2961 2966 2967.
2961 2960 2968 2966.
2895 2894 2966 2968.
2894 2893 2967 2966.
2879 2969 2970 2880.
2969 2929 2928 2970.
2927 2971 2970 2928.
2971 2881 2880 2970.
2866 2972 2973 2867.
2972 2760 2763 2973.
2768 2954 2973 2763.
2954 2870 2867 2973.
2818 2821 2974 2975.
2821 2823 2976 2974.
2838 2905 2974 2976.
2905 2904 2975 2974.
2758 2941 2977 2759.
2941 2940 2955 2977.
2805 2804 2977 2955.
2804 2751 2759 2977.
2978 2979 2980 2981.
2979 2791 2790 2980.
2787 2982 2980 2790.
2982 2983 2981 2980.
2800 2808 2984 2985.
2808 2766 2799 2984.
2798 2986 2984 2799.
2986 2987 2985 2984.
2988 2989 2990 2991.
2989 2992 2993 2990.
2994 2995 2990 2993.
2995 2996 2991 2990.
2997 2998 2999 3000.
2998 3001 3002 2999.
3003 3004 2999 3002.
3004 3005 3000 2999.
3006 3007 3008 3009.
3007 2988 2991 3008.
2996 3010 3008 2991.
3010 3011 3009 3008.
3012 3013 3014 3015.
3013 3016 3017 3014.
3018 3019 3014 3017.
3019 3020 3015 3014.
3012 3021 3022 3013.
3021 3023 3024 3022.
3025 3026 3022 3024.
3026 3016 3013 3022.
3005 3004 3027 3028.
3004 3003 3029 3027.
2798 2797 3027 3029.
2797 2796 3028 3027.
3030 3031 3032 3033.
3031 3034 3035 3032.
2994 2993 3032 3035.
2993 2992 3033 3032.
3034 3031 3036 3037.
3031 3030 3038 3036.
3003 3002 3036 3038.
3002 3001 3037 3036.
3039 3040 3041 3042.
3040 3043 3044 3041.
2988 3007 3041 3044.
3007 3006 3042 3041.
3043 3040 3045 3046.
3040 3039 3047 3045.
3020 3019 3045 3047.
3019 3018 3046 3045.
2978 2981 3048 3049.
2981 2983 3050 3048.
3016 3026 3048 3050.
3026 3025 3049 3048.
3030 3051 3052 3038.
3051 2987 2986 3052.
2798 3029 3052 2986.
3029 3003 3038 3052.
3053 3054 3055 3056.
3054 3057 3058 3055.
3059 3060 3055 3058.
3060 3061 3056 3055.
3057 3062 3063 3058.
3062 2996 2995 3063.
2994 3064 3063 2995.
3064 3059 3058 3063.
3065 3066 3067 3068.
3066 3069 3070 3067.
3071 3072 3067 3070.
3072 3073 3068 3067.
3074 3075 3076 3077.
3075 3078 3079 3076.
3057 3054 3076 3079.
3054 3053 3077 3076.
3011 3010 3080 3081.
3010 2996 3062 3080.
3057 3079 3080 3062.
3079 3078 3081 3080.
3082 3083 3084 3085.
3083 3086 3087 3084.
3088 3089 3084 3087.
3089 3090 3085 3084.
3082 3085 3091 3092.
3085 3090 3093 3091.
3094 3095 3091 3093.
3095 3096 3092 3091.
3069 3097 3098 3070.
3097 3099 3100 3098.
3101 3102 3098 3100.
3102 3071 3070 3098.
3103 3104 3105 3106.
3104 3061 3060 3105.
3059 3107 3105 3060.
3107 3108 3106 3105.
3108 3109 3110 3106.
3109 3073 3072 3110.
3071 3111 3110 3072.
3111 3103 3106 3110.
3034 3037 3112 3113.
3037 3001 3114 3112.
3073 3109 3112 3114.
3109 3108 3113 3112.
3115 3116 3117 3118.
3116 3074 3077 3117.
3053 3119 3117 3077.
3119 3120 3118 3117.
3120 3121 3122 3118.
3121 3088 3087 3122.
3086 3123 3122 3087.
3123 3115 3118 3122.
3034 3113 3124 3035.
3113 3108 3107 3124.
3059 3064 3124 3107.
3064 2994 3035 3124.
3125 3126 3127 3128.
3126 3129 3130 3127.
2929 2969 3127 3130.
2969 2879 3128 3127.
3125 3128 3131 3132.
3128 2879 2876 3131.
2875 3133 3131 2876.
3133 3134 3132 3131.
3135 3136 3137 3138.
3136 3094 3093 3137.
3090 3139 3137 3093.
3139 3140 3138 3137.
3103 3111 3141 3142.
3111 3071 3102 3141.
3101 3143 3141 3102.
3143 3144 3142 3141.
3145 3146 3147 3148.
3146 3149 3150 3147.
3151 3152 3147 3150.
3152 3153 3148 3147.
3154 3155 3156 3157.
3155 3153 3152 3156.
3151 3158 3156 3152.
3158 3159 3157 3156.
3160 3161 3162 3163.
3161 3164 3165 3162.
3166 3167 3162 3165.
3167 3168 3163 3162.
3169 3170 3171 3172.
3170 3145 3148 3171.
3153 3173 3171 3148.
3173 3174 3172 3171.
3154 3175 3176 3155.
3175 3177 3178 3176.
3174 3173 3176 3178.
3173 3153 3155 3176.
3179 3180 3181 3182.
3180 3183 3184 3181.
3185 3186 3181 3184.
3186 3187 3182 3181.
3179 3188 3189 3180.
3188 3190 3191 3189.
3192 3193 3189 3191.
3193 3183 3180 3189.
3168 3167 3194 3195.
3167 3166 3196 3194.
3197 3198 3194 3196.
3198 3199 3195 3194.
3200 3201 3202 3203.
3201 3204 3205 3202.
3151 3150 3202 3205.
3150 3149 3203 3202.
3204 3201 3206 3207.
3201 3200 3208 3206.
3166 3165 3206 3208.
3165 3164 3207 3206.
3209 3210 3211 3212.
3210 3213 3214 3211.
3145 3170 3211 3214.
3170 3169 3212 3211.
3213 3210 3215 3216.
3210 3209 3217 3215.
3187 3186 3215 3217.
3186 3185 3216 3215.
3218 3219 3220 3221.
3219 3222 3223 3220.
3192 3191 3220 3223.
3191 3190 3221 3220.
3224 3225 3226 3227.
3225 3154 3157 3226.
3159 3228 3226 3157.
3228 3229 3227 3226.
3230 3231 3232 3233.
3231 3234 3235 3232.
3236 3237 3232 3235.
3237 3238 3233 3232.
3230 3233 3239 3240.
3233 3238 3241 3239.
3242 3243 3239 3241.
3243 3244 3240 3239.
3245 3246 3247 3248.
3246 2849 2846 3247.
2845 3249 3247 2846.
3249 3250 3248 3247.
3251 3252 3253 3254.
3252 3245 3248 3253.
3250 3255 3253 3248.
3255 3256 3254 3253.
3257 3258 3259 3260.
3258 3261 3262 3259.
3263 3264 3259 3262.
3264 3265 3260 3259.
3134 3266 3267 3132.
3266 3268 3269 3267.
3270 3271 3267 3269.
3271 3125 3132 3267.
3272 3273 3274 3275.
3273 3177 3175 3274.
3154 3225 3274 3175.
3225 3224 3275 3274.
3276 3277 3278 3279.
3277 3280 3281 3278.
3282 3283 3278 3281.
3283 3236 3279 3278.
3284 3285 3286 3287.
3285 3244 3243 3286.
3242 3288 3286 3243.
3288 3289 3287 3286.
3276 3279 3290 3291.
3279 3236 3235 3290.
3234 3292 3290 3235.
3292 3293 3291 3290.
3289 3288 3294 3295.
3288 3242 3296 3294.
3297 3298 3294 3296.
3298 3299 3295 3294.
3261 3300 3301 3262.
3300 3251 3254 3301.
3256 3302 3301 3254.
3302 3263 3262 3301.
3303 3304 3305 3306.
3304 3299 3298 3305.
3297 3307 3305 3298.
3307 3308 3306 3305.
3309 3310 3311 3312.
3310 3129 3313 3311.
3314 3315 3311 3313.
3315 3316 3312 3311.
3317 3318 3319 3320.
3318 3321 3322 3319.
3229 3323 3319 3322.
3323 3324 3320 3319.
3324 3323 3325 3326.
3323 3229 3228 3325.
3159 3327 3325 3228.
3327 3328 3326 3325.
3316 3315 3329 3330.
3315 3314 3331 3329.
3321 3318 3329 3331.
3318 3317 3330 3329.
3316 3332 3333 3312.
3332 3250 3249 3333.
2845 3334 3333 3249.
3334 3309 3312 3333.
3317 3335 3336 3330.
3335 3256 3255 3336.
3250 3332 3336 3255.
3332 3316 3330 3336.
3328 3337 3338 3326.
3337 3265 3264 3338.
3263 3339 3338 3264.
3339 3324 3326 3338.
3328 3340 3341 3337.
3340 3204 3207 3341.
3164 3342 3341 3207.
3342 3265 3337 3341.
3324 3339 3343 3320.
3339 3263 3302 3343.
3256 3335 3343 3302.
3335 3317 3320 3343.
3308 3344 3345 3306.
3344 3270 3269 3345.
3268 3346 3345 3269.
3346 3303 3306 3345.
3347 3348 3349 3350.
3348 3272 3275 3349.
3224 3351 3349 3275.
3351 3352 3350 3349.
3352 3353 3354 3350.
3353 3282 3281 3354.
3280 3355 3354 3281.
3355 3347 3350 3354.
3125 3271 3356 3126.
3271 3270 3357 3356.
3314 3313 3356 3357.
3313 3129 3126 3356.
3160 3358 3359 3161.
3358 3257 3260 3359.
3265 3342 3359 3260.
3342 3164 3161 3359.
3218 3360 3361 3219.
3360 3293 3292 3361.
3234 3362 3361 3292.
3362 3222 3219 3361.
3204 3340 3363 3205.
3340 3328 3327 3363.
3159 3158 3363 3327.
3158 3151 3205 3363.
3364 3365 3366 3367.
3365 3368 3369 3366.
3183 3193 3366 3369.
3193 3192 3367 3366.
3200 3370 3371 3208.
3370 3372 3373 3371.
3197 3196 3371 3373.
3196 3166 3208 3371.
3374 3375 3376 3377.
3375 3378 3379 3376.
3380 3381 3376 3379.
3381 3382 3377 3376.
3378 3383 3384 3379.
3383 3385 3386 3384.
3387 3388 3384 3386.
3388 3380 3379 3384.
3389 3390 3391 3392.
3390 3393 3394 3391.
3395 3396 3391 3394.
3396 3397 3392 3391.
3398 3399 3400 3401.
3399 3402 3403 3400.
3378 3375 3400 3403.
3375 3374 3401 3400.
3404 3405 3406 3407.
3405 3408 3409 3406.
3410 3411 3406 3409.
3411 3412 3407 3406.
3404 3407 3413 3414.
3407 3412 3415 3413.
3416 3417 3413 3415.
3417 3418 3414 3413.
3393 3419 3420 3394.
3419 3199 3198 3420.
3197 3421 3420 3198.
3421 3395 3394 3420.
3422 3423 3424 3425.
3423 3382 3381 3424.
3380 3426 3424 3381.
3426 3427 3425 3424.
3427 3428 3429 3425.
3428 3397 3396 3429.
3395 3430 3429 3396.
3430 3422 3425 3429.
3431 3432 3433 3434.
3432 3435 3436 3433.
3397 3428 3433 3436.
3428 3427 3434 3433.
3437 3438 3439 3440.
3438 3398 3401 3439.
3374 3441 3439 3401.
3441 3442 3440 3439.
3442 3443 3444 3440.
3443 3410 3409 3444.
3408 3445 3444 3409.
3445 3437 3440 3444.
3431 3434 3446 3447.
3434 3427 3426 3446.
3380 3388 3446 3426.
3388 3387 3447 3446.
3364 3448 3449 3365.
3448 3416 3415 3449.
3412 3450 3449 3415.
3450 3368 3365 3449.
3422 3430 3451 3452.
3430 3395 3421 3451.
3197 3373 3451 3421.
3373 3372 3452 3451.
3453 3454 3455 3456.
3454 3457 3458 3455.
3387 3386 3455 3458.
3386 3385 3456 3455.
3459 3460 3461 3462.
3460 3435 3463 3461.
3464 3465 3461 3463.
3465 3466 3462 3461.
3467 3468 3469 3470.
3468 3453 3456 3469.
3385 3471 3469 3456.
3471 3472 3470 3469.
3378 3403 3473 3383.
3403 3402 3474 3473.
3472 3471 3473 3474.
3471 3385 3383 3473.
3475 3476 3477 3478.
3476 3479 3480 3477.
3481 3482 3477 3480.
3482 3483 3478 3477.
3475 3484 3485 3476.
3484 3486 3487 3485.
3488 3489 3485 3487.
3489 3479 3476 3485.
3466 3465 3490 3491.
3465 3464 3492 3490.
3101 3100 3490 3492.
3100 3099 3491 3490.
3493 3494 3495 3496.
3494 3431 3447 3495.
3387 3458 3495 3447.
3458 3457 3496 3495.
3431 3494 3497 3432.
3494 3493 3498 3497.
3464 3463 3497 3498.
3463 3435 3432 3497.
3499 3500 3501 3502.
3500 3503 3504 3501.
3453 3468 3501 3504.
3468 3467 3502 3501.
3503 3500 3505 3506.
3500 3499 3507 3505.
3483 3482 3505 3507.
3482 3481 3506 3505.
3135 3138 3508 3509.
3138 3140 3510 3508.
3479 3489 3508 3510.
3489 3488 3509 3508.
3493 3511 3512 3498.
3511 3144 3143 3512.
3101 3492 3512 3143.
3492 3464 3498 3512.
3513 3514 3515 3516.
3514 3517 3518 3515.
3519 3520 3515 3518.
3520 3521 3516 3515.
2997 3522 3523 2998.
3522 3065 3068 3523.
3073 3114 3523 3068.
3114 3001 2998 3523.
3459 3524 3525 3460.
3524 3389 3392 3525.
3397 3436 3525 3392.
3436 3435 3460 3525.
3526 3527 3528 3529.
3527 3530 3531 3528.
3521 3520 3528 3531.
3520 3519 3529 3528.
3530 3532 3533 3531.
3532 3534 3535 3533.
3536 3537 3533 3535.
3537 3521 3531 3533.
3538 3539 3540 3541.
3539 3526 3529 3540.
3519 3542 3540 3529.
3542 3543 3541 3540.
3544 3545 3546 3547.
3545 3538 3541 3546.
3543 3548 3546 3541.
3548 3549 3547 3546.
3550 3551 3552 3553.
3551 3544 3547 3552.
3549 3554 3552 3547.
3554 3555 3553 3552.
3534 3556 3557 3535.
3556 3558 3559 3557.
3560 3561 3557 3559.
3561 3536 3535 3557.
3558 3562 3563 3559.
3562 3564 3565 3563.
3566 3567 3563 3565.
3567 3560 3559 3563.
3564 3568 3569 3565.
3568 3570 3571 3569.
3572 3573 3569 3571.
3573 3566 3565 3569.
3570 3574 3575 3571.
3574 3576 3577 3575.
3578 3579 3575 3577.
3579 3572 3571 3575.
3576 3580 3581 3577.
3580 3550 3553 3581.
3555 3582 3581 3553.
3582 3578 3577 3581.
2929 3130 3583 2924.
3130 3129 3310 3583.
3309 3334 3583 3310.
3334 2845 2848 3583.
2853 2947 3583 2848.
2947 2921 2924 3583.
2987 3584 3585 2985.
3584 3586 3587 3585.
2753 2801 3585 3587.
2801 2800 2985 3585.
3588 3589 3590 3591.
3589 2983 2982 3590.
2787 2786 3590 2982.
2786 2785 3591 3590.
3588 3591 3592 3593.
3591 2785 2815 3592.
2814 3594 3592 2815.
3594 3586 3593 3592.
2919 3595 3596 2920.
3595 2937 3597 3596.
3598 3599 3596 3597.
3599 2910 2920 3596.
3600 3601 3602 3603.
3601 2841 2839 3602.
2830 3604 3602 2839.
3604 3605 3606 3602.
3607 3603 3602 3606.
2838 2976 3608 2833.
2976 2823 3609 3608.
3610 3611 3608 3609.
3611 3605 3604 3608.
2830 2833 3608 3604.
3513 3612 3613 3614.
3612 3615 3616 3613.
3607 3606 3613 3616.
3606 3605 3614 3613.
3598 3617 3618 3599.
3617 2834 2844 3618.
2843 2911 3618 2844.
2911 2910 3599 3618.
3619 3620 3621 3622.
3620 2896 2899 3621.
2841 3601 3621 2899.
3601 3600 3622 3621.
2919 2958 3623 3595.
2958 2881 2971 3623.
2927 2944 3623 2971.
2944 2937 3595 3623.
2836 2835 3624 2892.
2835 2834 3617 3624.
3598 3625 3624 3617.
3625 2893 2892 3624.
2964 3626 3627 2965.
3626 2937 2936 3627.
2828 2825 3627 2936.
2825 2824 2965 3627.
2937 3626 3628 3597.
3626 2964 2967 3628.
2893 3625 3628 2967.
3625 3598 3597 3628.
3610 3609 3629 3630.
3609 2823 2822 3629.
2791 2979 3629 2822.
2979 2978 3631 3629.
3632 3630 3629 3631.
3632 3633 3634 3630.
3633 3635 3636 3634.
3517 3637 3634 3636.
3637 3610 3630 3634.
2814 2813 3638 3594.
2813 2745 2748 3638.
2753 3587 3638 2748.
3587 3586 3594 3638.
2987 3051 3639 3584.
3051 3030 3033 3639.
2992 3640 3639 3033.
3640 3586 3584 3639.
3588 3641 3642 3589.
3641 3018 3017 3642.
3016 3050 3642 3017.
3050 2983 3589 3642.
3588 3593 3643 3641.
3593 3586 3644 3643.
3043 3046 3643 3644.
3046 3018 3641 3643.
3645 3646 3647 3648.
3646 3649 3650 3647.
3025 3024 3647 3650.
3024 3023 3648 3647.
3025 3650 3651 3049.
3650 3649 3652 3651.
3653 3654 3651 3652.
3654 3632 3631 3651.
2978 3049 3651 3631.
3635 3655 3656 3657.
3655 3658 3659 3656.
3549 3548 3656 3659.
3548 3543 3657 3656.
2992 2989 3660 3640.
2989 2988 3044 3660.
3043 3644 3660 3044.
3644 3586 3640 3660.
3144 3661 3662 3142.
3661 3663 3664 3662.
3061 3104 3662 3664.
3104 3103 3142 3662.
3665 3666 3667 3668.
3666 3140 3139 3667.
3090 3089 3667 3139.
3089 3088 3668 3667.
3665 3668 3669 3670.
3668 3088 3121 3669.
3120 3671 3669 3121.
3671 3663 3670 3669.
3645 3672 3673 3646.
3672 3096 3095 3673.
3094 3674 3673 3095.
3674 3649 3646 3673.
3653 3652 3675 3676.
3652 3649 3674 3675.
3094 3136 3675 3674.
3136 3135 3677 3675.
3678 3676 3675 3677.
3678 3679 3680 3676.
3679 3681 3682 3680.
3658 3683 3680 3682.
3683 3653 3676 3680.
3120 3119 3684 3671.
3119 3053 3056 3684.
3061 3664 3684 3056.
3664 3663 3671 3684.
3372 3370 3685 3686.
3370 3200 3203 3685.
3149 3687 3685 3203.
3687 3688 3686 3685.
3689 3690 3691 3692.
3690 3185 3184 3691.
3183 3369 3691 3184.
3369 3368 3692 3691.
3689 3693 3694 3690.
3693 3688 3695 3694.
3213 3216 3694 3695.
3216 3185 3690 3694.
3308 3307 3696 3697.
3307 3297 3698 3696.
3699 3700 3696 3698.
3700 3321 3697 3696.
3230 3240 3701 3702.
3240 3244 3703 3701.
3600 3603 3701 3703.
3603 3607 3704 3701.
3705 3702 3701 3704.
3706 3707 3708 3709.
3707 3222 3362 3708.
3234 3231 3708 3362.
3231 3230 3702 3708.
3705 3709 3708 3702.
3615 3710 3711 3616.
3710 3712 3713 3711.
3705 3704 3711 3713.
3704 3607 3616 3711.
3705 3713 3714 3709.
3713 3712 3715 3714.
3716 3717 3714 3715.
3717 3706 3709 3714.
3699 3698 3718 3719.
3698 3297 3296 3718.
3242 3241 3718 3296.
3241 3238 3719 3718.
3619 3622 3720 3721.
3622 3600 3703 3720.
3244 3285 3720 3703.
3285 3284 3721 3720.
3308 3697 3722 3344.
3697 3321 3331 3722.
3314 3357 3722 3331.
3357 3270 3344 3722.
3236 3283 3723 3237.
3283 3282 3724 3723.
3699 3719 3723 3724.
3719 3238 3237 3723.
3352 3351 3725 3726.
3351 3224 3227 3725.
3229 3322 3725 3227.
3322 3321 3726 3725.
3321 3700 3727 3726.
3700 3699 3724 3727.
3282 3353 3727 3724.
3353 3352 3726 3727.
3192 3223 3728 3367.
3223 3222 3707 3728.
3706 3729 3728 3707.
3729 3730 3731 3728.
3364 3367 3728 3731.
3732 3733 3734 3735.
3733 3716 3736 3734.
3566 3573 3734 3736.
3573 3572 3735 3734.
3149 3146 3737 3687.
3146 3145 3214 3737.
3213 3695 3737 3214.
3695 3688 3687 3737.
3372 3686 3738 3452.
3686 3688 3739 3738.
3382 3423 3738 3739.
3423 3422 3452 3738.
3689 3692 3740 3741.
3692 3368 3450 3740.
3412 3411 3740 3450.
3411 3410 3741 3740.
3689 3741 3742 3693.
3741 3410 3443 3742.
3442 3743 3742 3443.
3743 3688 3693 3742.
3744 3745 3746 3747.
3745 3418 3417 3746.
3416 3748 3746 3417.
3748 3749 3747 3746.
3750 3751 3752 3753.
3751 3749 3748 3752.
3416 3448 3752 3748.
3448 3364 3731 3752.
3730 3753 3752 3731.
3730 3754 3755 3753.
3754 3732 3756 3755.
3757 3758 3755 3756.
3758 3750 3753 3755.
3442 3441 3759 3743.
3441 3374 3377 3759.
3382 3739 3759 3377.
3739 3688 3743 3759.
3144 3511 3760 3661.
3511 3493 3496 3760.
3457 3761 3760 3496.
3761 3663 3661 3760.
3665 3762 3763 3666.
3762 3481 3480 3763.
3479 3510 3763 3480.
3510 3140 3666 3763.
3665 3670 3764 3762.
3670 3663 3765 3764.
3503 3506 3764 3765.
3506 3481 3762 3764.
3744 3747 3766 3767.
3747 3749 3768 3766.
3488 3487 3766 3768.
3487 3486 3767 3766.
3488 3768 3769 3509.
3768 3749 3751 3769.
3750 3770 3769 3751.
3770 3678 3677 3769.
3135 3509 3769 3677.
3757 3771 3772 3773.
3771 3578 3582 3772.
3555 3774 3772 3582.
3774 3681 3773 3772.
3457 3454 3775 3761.
3454 3453 3504 3775.
3503 3765 3775 3504.
3765 3663 3761 3775.
3776 3777 3778 3779.
3777 3780 3781 3778.
3782 3783 3778 3781.
3783 3784 3779 3778.
3785 3786 3787 3788.
3786 3789 3790 3787.
3780 3777 3787 3790.
3777 3776 3788 3787.
3791 3792 3793 3794.
3792 3795 3796 3793.
3789 3786 3793 3796.
3786 3785 3794 3793.
3797 3798 3799 3800.
3798 3801 3802 3799.
3795 3792 3799 3802.
3792 3791 3800 3799.
3803 3804 3805 3806.
3804 3807 3808 3805.
3801 3798 3805 3808.
3798 3797 3806 3805.
3809 3810 3811 3812.
3810 3813 3814 3811.
3807 3804 3811 3814.
3804 3803 3812 3811.
3815 3816 3817 3818.
3816 3819 3820 3817.
3813 3810 3817 3820.
3810 3809 3818 3817.
3821 3822 3823 3824.
3822 3825 3826 3823.
3819 3816 3823 3826.
3816 3815 3824 3823.
3827 3828 3829 3830.
3828 3831 3832 3829.
3825 3822 3829 3832.
3822 3821 3830 3829.
3784 3783 3833 3834.
3783 3782 3835 3833.
3831 3828 3833 3835.
3828 3827 3834 3833.
3776 3779 3836 3788.
3779 3784 3837 3836.
3838 3839 3836 3837.
3839 3785 3788 3836.
3838 3837 3840 3841.
3837 3784 3834 3840.
3827 3830 3840 3834.
3830 3821 3841 3840.
3791 3794 3842 3843.
3794 3785 3839 3842.
3838 3844 3842 3839.
3844 3845 3843 3842.
3845 3844 3846 3847.
3844 3838 3841 3846.
3821 3824 3846 3841.
3824 3815 3847 3846.
3845 3848 3849 3843.
3848 3803 3806 3849.
3797 3800 3849 3806.
3800 3791 3843 3849.
3809 3812 3850 3818.
3812 3803 3848 3850.
3845 3847 3850 3848.
3847 3815 3818 3850.
3851 3852 3853 3854.
3852 3782 3781 3853.
3780 3855 3853 3781.
3855 3856 3854 3853.
3856 3855 3857 3858.
3855 3780 3790 3857.
3789 3859 3857 3790.
3859 3860 3858 3857.
3861 3862 3863 3864.
3862 3831 3835 3863.
3782 3852 3863 3835.
3852 3851 3864 3863.
3865 3866 3867 3868.
3866 3825 3832 3867.
3831 3862 3867 3832.
3862 3861 3868 3867.
3869 3870 3871 3872.
3870 3819 3826 3871.
3825 3866 3871 3826.
3866 3865 3872 3871.
3860 3859 3873 3874.
3859 3789 3796 3873.
3795 3875 3873 3796.
3875 3876 3874 3873.
3876 3875 3877 3878.
3875 3795 3802 3877.
3801 3879 3877 3802.
3879 3880 3878 3877.
3880 3879 3881 3882.
3879 3801 3808 3881.
3807 3883 3881 3808.
3883 3884 3882 3881.
3884 3883 3885 3886.
3883 3807 3814 3885.
3813 3887 3885 3814.
3887 3888 3886 3885.
3888 3887 3889 3890.
3887 3813 3820 3889.
3819 3870 3889 3820.
3870 3869 3890 3889.
3526 3891 3892 3527.
3891 3851 3854 3892.
3856 3893 3892 3854.
3893 3530 3527 3892.
3530 3893 3894 3532.
3893 3856 3858 3894.
3860 3895 3894 3858.
3895 3534 3532 3894.
3538 3896 3897 3539.
3896 3861 3864 3897.
3851 3891 3897 3864.
3891 3526 3539 3897.
3544 3898 3899 3545.
3898 3865 3868 3899.
3861 3896 3899 3868.
3896 3538 3545 3899.
3550 3900 3901 3551.
3900 3869 3872 3901.
3865 3898 3901 3872.
3898 3544 3551 3901.
3534 3895 3902 3556.
3895 3860 3874 3902.
3876 3903 3902 3874.
3903 3558 3556 3902.
3558 3903 3904 3562.
3903 3876 3878 3904.
3880 3905 3904 3878.
3905 3564 3562 3904.
3564 3905 3906 3568.
3905 3880 3882 3906.
3884 3907 3906 3882.
3907 3570 3568 3906.
3570 3907 3908 3574.
3907 3884 3886 3908.
3888 3909 3908 3886.
3909 3576 3574 3908.
3576 3909 3910 3580.
3909 3888 3890 3910.
3869 3900 3910 3890.
3900 3550 3580 3910.
3605 3611 3911 3614.
3611 3610 3637 3911.
3517 3514 3911 3637.
3514 3513 3614 3911.
3521 3537 3912 3516.
3537 3536 3913 3912.
3615 3612 3912 3913.
3612 3513 3516 3912.
3543 3542 3914 3657.
3542 3519 3518 3914.
3517 3636 3914 3518.
3636 3635 3657 3914.
3632 3654 3915 3633.
3654 3653 3683 3915.
3658 3655 3915 3683.
3655 3635 3633 3915.
3681 3774 3916 3682.
3774 3555 3554 3916.
3549 3659 3916 3554.
3659 3658 3682 3916.
3536 3561 3917 3913.
3561 3560 3918 3917.
3712 3710 3917 3918.
3710 3615 3913 3917.
3712 3918 3919 3715.
3918 3560 3567 3919.
3566 3736 3919 3567.
3736 3716 3715 3919.
3730 3729 3920 3754.
3729 3706 3717 3920.
3716 3733 3920 3717.
3733 3732 3754 3920.
3732 3735 3921 3756.
3735 3572 3579 3921.
3578 3771 3921 3579.
3771 3757 3756 3921.
3681 3679 3922 3773.
3679 3678 3770 3922.
3750 3758 3922 3770.
3758 3757 3773 3922.
3923 3924 3925 3926.
3924 3927 3928 3925.
3929 3930 3925 3928.
3930 3931 3926 3925.
3932 3933 3934 3935.
3933 3936 3937 3934.
3938 3939 3934 3937.
3939 3940 3935 3934.
3936 3941 3942 3937.
3941 3943 3944 3942.
3945 3946 3942 3944.
3946 3938 3937 3942.
3947 3948 3949 3950.
3948 3951 3952 3949.
3953 3954 3949 3952.
3954 3955 3950 3949.
3956 3957 3958 3959.
3957 3947 3950 3958.
3955 3960 3958 3950.
3960 3961 3959 3958.
3927 3962 3963 3928.
3962 3964 3965 3963.
3966 3967 3963 3965.
3967 3929 3928 3963.
3968 3969 3970 3971.
3969 3932 3935 3970.
3940 3972 3970 3935.
3972 3973 3971 3970.
3951 3974 3975 3952.
3974 3968 3971 3975.
3973 3976 3975 3971.
3976 3953 3952 3975.
3977 3978 3979 3980.
3978 3956 3959 3979.
3961 3981 3979 3959.
3981 3982 3980 3979.
3983 3984 3985 3986.
3984 3987 3988 3985.
3989 3990 3985 3988.
3990 3991 3986 3985.
3987 3992 3993 3988.
3992 3994 3995 3993.
3996 3997 3993 3995.
3997 3989 3988 3993.
3994 3998 3999 3995.
3998 4000 4001 3999.
4002 4003 3999 4001.
4003 3996 3995 3999.
4004 4005 4006 4007.
4005 4008 4009 4006.
4010 4011 4006 4009.
4011 4012 4007 4006.
4013 4014 4015 4016.
4014 4017 4018 4015.
4019 4020 4015 4018.
4020 4021 4016 4015.
3943 4022 4023 3944.
4022 4024 4025 4023.
4026 4027 4023 4025.
4027 3945 3944 4023.
4028 4029 4030 4031.
4029 4032 4033 4030.
4034 4035 4030 4033.
4035 4036 4031 4030.
4037 4038 4039 4040.
4038 4041 4042 4039.
4043 4044 4039 4042.
4044 4045 4040 4039.
4032 4046 4047 4033.
4046 4048 4049 4047.
4050 4051 4047 4049.
4051 4034 4033 4047.
4041 4052 4053 4042.
4052 4054 4055 4053.
4056 4057 4053 4055.
4057 4043 4042 4053.
4000 4058 4059 4001.
4058 4004 4007 4059.
4012 4060 4059 4007.
4060 4002 4001 4059.
4054 4061 4062 4055.
4061 4063 4064 4062.
4065 4066 4062 4064.
4066 4056 4055 4062.
4063 4067 4068 4064.
4067 4013 4016 4068.
4021 4069 4068 4016.
4069 4065 4064 4068.
4024 4070 4071 4025.
4070 4072 4073 4071.
4074 4075 4071 4073.
4075 4026 4025 4071.
4072 4076 4077 4073.
4076 4028 4031 4077.
4036 4078 4077 4031.
4078 4074 4073 4077.
4008 4079 4080 4009.
4079 3923 3926 4080.
3931 4081 4080 3926.
4081 4010 4009 4080.
4048 4082 4083 4049.
4082 3977 3980 4083.
3982 4084 4083 3980.
4084 4050 4049 4083.
4085 4086 4087 4088.
4086 4089 4090 4087.
4091 4092 4087 4090.
4092 4093 4088 4087.
4094 4095 4096 4097.
4095 4098 4099 4096.
4100 4101 4096 4099.
4101 4102 4097 4096.
4103 4104 4105 4106.
4104 4107 4108 4105.
4109 4110 4105 4108.
4110 4111 4106 4105.
4107 4112 4113 4108.
4112 4114 4115 4113.
4116 4117 4113 4115.
4117 4109 4108 4113.
3964 4118 4119 3965.
4118 4085 4088 4119.
4093 4120 4119 4088.
4120 3966 3965 4119.
4098 4121 4122 4099.
4121 4123 4124 4122.
4125 4126 4122 4124.
4126 4100 4099 4122.
4123 4127 4128 4124.
4127 4103 4106 4128.
4111 4129 4128 4106.
4129 4125 4124 4128.
4130 4131 4132 4133.
4131 4134 4135 4132.
4136 4137 4132 4135.
4137 4138 4133 4132.
4139 4140 4141 4142.
4140 4143 4144 4141.
4145 4146 4141 4144.
4146 4147 4142 4141.
4143 4148 4149 4144.
4148 4094 4097 4149.
4102 4150 4149 4097.
4150 4145 4144 4149.
4151 4152 4153 4154.
4152 4155 4156 4153.
4157 4158 4153 4156.
4158 4159 4154 4153.
4160 4161 4162 4163.
4161 4151 4154 4162.
4159 4164 4162 4154.
4164 4165 4163 4162.
4134 4166 4167 4135.
4166 4168 4169 4167.
4170 4171 4167 4169.
4171 4136 4135 4167.
4172 4173 4174 4175.
4173 4139 4142 4174.
4147 4176 4174 4142.
4176 4177 4175 4174.
4155 4178 4179 4156.
4178 4172 4175 4179.
4177 4180 4179 4175.
4180 4157 4156 4179.
4017 4181 4182 4018.
4181 4183 4184 4182.
4185 4186 4182 4184.
4186 4019 4018 4182.
4187 4188 4189 4190.
4188 4191 4192 4189.
4193 4194 4189 4192.
4194 4195 4190 4189.
4196 4197 4198 4199.
4197 4200 4201 4198.
4202 4203 4198 4201.
4203 4204 4199 4198.
4205 4206 4207 4208.
4206 4196 4199 4207.
4204 4209 4207 4199.
4209 4210 4208 4207.
4211 4212 4213 4214.
4212 4215 4216 4213.
4217 4218 4213 4216.
4218 4219 4214 4213.
4215 4220 4221 4216.
4220 4222 4223 4221.
4224 4225 4221 4223.
4225 4217 4216 4221.
4226 4227 4228 4229.
4227 4187 4190 4228.
4195 4230 4228 4190.
4230 4231 4229 4228.
4200 4232 4233 4201.
4232 4234 4235 4233.
4236 4237 4233 4235.
4237 4202 4201 4233.
4234 4238 4239 4235.
4238 4211 4214 4239.
4219 4240 4239 4214.
4240 4236 4235 4239.
4222 4241 4242 4223.
4241 4243 4244 4242.
4245 4246 4242 4244.
4246 4224 4223 4242.
4247 4248 4249 4250.
4248 3983 3986 4249.
3991 4251 4249 3986.
4251 4252 4250 4249.
4253 4254 4255 4256.
4254 4247 4250 4255.
4252 4257 4255 4250.
4257 4258 4256 4255.
4259 4260 4261 4262.
4260 4263 4264 4261.
4265 4266 4261 4264.
4266 4267 4262 4261.
4183 4268 4269 4184.
4268 4270 4271 4269.
4272 4273 4269 4271.
4273 4185 4184 4269.
4274 4275 4276 4277.
4275 4205 4208 4276.
4210 4278 4276 4208.
4278 4279 4277 4276.
4280 4281 4282 4283.
4281 4284 4285 4282.
4286 4287 4282 4285.
4287 4288 4283 4282.
4289 4290 4291 4292.
4290 4293 4294 4291.
4295 4296 4291 4294.
4296 4297 4292 4291.
4298 4299 4300 4301.
4299 4280 4283 4300.
4288 4302 4300 4283.
4302 4303 4301 4300.
4304 4305 4306 4307.
4305 4289 4292 4306.
4297 4308 4306 4292.
4308 4309 4307 4306.
4263 4310 4311 4264.
4310 4253 4256 4311.
4258 4312 4311 4256.
4312 4265 4264 4311.
4313 4314 4315 4316.
4314 4304 4307 4315.
4309 4317 4315 4307.
4317 4318 4316 4315.
4270 4319 4320 4271.
4319 4313 4316 4320.
4318 4321 4320 4316.
4321 4272 4271 4320.
4322 4323 4324 4325.
4323 4274 4277 4324.
4279 4326 4324 4277.
4326 4327 4325 4324.
4284 4328 4329 4285.
4328 4322 4325 4329.
4327 4330 4329 4325.
4330 4286 4285 4329.
4191 4331 4332 4192.
4331 4259 4262 4332.
4267 4333 4332 4262.
4333 4193 4192 4332.
4243 4334 4335 4244.
4334 4298 4301 4335.
4303 4336 4335 4301.
4336 4245 4244 4335.
4337 4338 4339 4340.
4338 4341 4342 4339.
4343 4344 4339 4342.
4344 4345 4340 4339.
4346 4347 4348 4349.
4347 4350 4351 4348.
4352 4353 4348 4351.
4353 4354 4349 4348.
4355 4356 4357 4358.
4356 4359 4360 4357.
4361 4362 4357 4360.
4362 4363 4358 4357.
4364 4365 4366 4367.
4365 4355 4358 4366.
4363 4368 4366 4358.
4368 4369 4367 4366.
4341 4370 4371 4342.
4370 4226 4229 4371.
4231 4372 4371 4229.
4372 4343 4342 4371.
4373 4374 4375 4376.
4374 4346 4349 4375.
4354 4377 4375 4349.
4377 4378 4376 4375.
4359 4379 4380 4360.
4379 4373 4376 4380.
4378 4381 4380 4376.
4381 4361 4360 4380.
4382 4383 4384 4385.
4383 4386 4387 4384.
4388 4389 4384 4387.
4389 4390 4385 4384.
4391 4392 4393 4394.
4392 4395 4396 4393.
4397 4398 4393 4396.
4398 4399 4394 4393.
4350 4400 4401 4351.
4400 4391 4394 4401.
4399 4402 4401 4394.
4402 4352 4351 4401.
4403 4404 4405 4406.
4404 4407 4408 4405.
4409 4410 4405 4408.
4410 4411 4406 4405.
4407 4412 4413 4408.
4412 4414 4415 4413.
4416 4417 4413 4415.
4417 4409 4408 4413.
4168 4418 4419 4169.
4418 4382 4385 4419.
4390 4420 4419 4385.
4420 4170 4169 4419.
4395 4421 4422 4396.
4421 4423 4424 4422.
4425 4426 4422 4424.
4426 4397 4396 4422.
4423 4427 4428 4424.
4427 4403 4406 4428.
4411 4429 4428 4406.
4429 4425 4424 4428.
4089 4430 4431 4090.
4430 4130 4133 4431.
4138 4432 4431 4133.
4432 4091 4090 4431.
4386 4433 4434 4387.
4433 4337 4340 4434.
4345 4435 4434 4340.
4435 4388 4387 4434.
4436 4437 4438 4439.
4437 4037 4040 4438.
4045 4440 4438 4040.
4440 4441 4439 4438.
4114 4442 4443 4115.
4442 4444 4445 4443.
4446 4447 4443 4445.
4447 4116 4115 4443.
4444 4448 4449 4445.
4448 4160 4163 4449.
4165 4450 4449 4163.
4450 4446 4445 4449.
4293 4451 4452 4294.
4451 4436 4439 4452.
4441 4453 4452 4439.
4453 4295 4294 4452.
4454 4455 4456 4457.
4455 4364 4367 4456.
4369 4458 4456 4367.
4458 4459 4457 4456.
4414 4460 4461 4415.
4460 4454 4457 4461.
4459 4462 4461 4457.
4462 4416 4415 4461.
1587 1586 4463 4464.
1586 1585 4465 4463.
4466 4467 4463 4465.
4467 4468 4464 4463.
1594 1593 4469 4470.
1593 1592 4471 4469.
4472 4473 4469 4471.
4473 4474 4470 4469.
1592 1599 4475 4471.
1599 1598 4476 4475.
4477 4478 4475 4476.
4478 4472 4471 4475.
1606 1605 4479 4480.
1605 1604 4481 4479.
4482 4483 4479 4481.
4483 4484 4480 4479.
1614 1613 4485 4486.
1613 1606 4480 4485.
4484 4487 4485 4480.
4487 4488 4486 4485.
1585 1620 4489 4465.
1620 1619 4490 4489.
4491 4492 4489 4490.
4492 4466 4465 4489.
1633 1632 4493 4494.
1632 1594 4470 4493.
4474 4495 4493 4470.
4495 4496 4494 4493.
1604 1637 4497 4481.
1637 1633 4494 4497.
4496 4498 4497 4494.
4498 4482 4481 4497.
1642 1641 4499 4500.
1641 1614 4486 4499.
4488 4501 4499 4486.
4501 4502 4500 4499.
1670 1667 4503 4504.
1667 1666 4505 4503.
4506 4507 4503 4505.
4507 4508 4504 4503.
1666 1680 4509 4505.
1680 1679 4510 4509.
4511 4512 4509 4510.
4512 4506 4505 4509.
1679 1686 4513 4510.
1686 1685 4514 4513.
4515 4516 4513 4514.
4516 4511 4510 4513.
1695 1694 4517 4518.
1694 1693 4519 4517.
4520 4521 4517 4519.
4521 4522 4518 4517.
1704 1703 4523 4524.
1703 1702 4525 4523.
4526 4527 4523 4525.
4527 4528 4524 4523.
1598 1708 4529 4476.
1708 1707 4530 4529.
4531 4532 4529 4530.
4532 4477 4476 4529.
1716 1715 4533 4534.
1715 1714 4535 4533.
4536 4537 4533 4535.
4537 4538 4534 4533.
1721 1720 4539 4540.
1720 1719 4541 4539.
4542 4543 4539 4541.
4543 4544 4540 4539.
1714 1726 4545 4535.
1726 1725 4546 4545.
4547 4548 4545 4546.
4548 4536 4535 4545.
1719 1732 4549 4541.
1732 1731 4550 4549.
4551 4552 4549 4550.
4552 4542 4541 4549.
1685 1735 4553 4514.
1735 1695 4518 4553.
4522 4554 4553 4518.
4554 4515 4514 4553.
1731 1741 4555 4550.
1741 1740 4556 4555.
4557 4558 4555 4556.
4558 4551 4550 4555.
1740 1778 4559 4556.
1778 1704 4524 4559.
4528 4560 4559 4524.
4560 4557 4556 4559.
1707 1786 4561 4530.
1786 1785 4562 4561.
4563 4564 4561 4562.
4564 4531 4530 4561.
1785 1787 4565 4562.
1787 1716 4534 4565.
4538 4566 4565 4534.
4566 4563 4562 4565.
1693 1794 4567 4519.
1794 1587 4464 4567.
4468 4568 4567 4464.
4568 4520 4519 4567.
1725 1797 4569 4546.
1797 1642 4500 4569.
4502 4570 4569 4500.
4570 4547 4546 4569.
1826 1825 4571 4572.
1825 1824 4573 4571.
4574 4575 4571 4573.
4575 4576 4572 4571.
1832 1831 4577 4578.
1831 1830 4579 4577.
4580 4581 4577 4579.
4581 4582 4578 4577.
1841 1840 4583 4584.
1840 1839 4585 4583.
4586 4587 4583 4585.
4587 4588 4584 4583.
1839 1847 4589 4585.
1847 1846 4590 4589.
4591 4592 4589 4590.
4592 4586 4585 4589.
1619 1850 4593 4490.
1850 1826 4572 4593.
4576 4594 4593 4572.
4594 4491 4490 4593.
1830 1865 4595 4579.
1865 1864 4596 4595.
4597 4598 4595 4596.
4598 4580 4579 4595.
1864 1866 4599 4596.
1866 1841 4584 4599.
4588 4600 4599 4584.
4600 4597 4596 4599.
1892 1891 4601 4602.
1891 1890 4603 4601.
4604 4605 4601 4603.
4605 4606 4602 4601.
1899 1898 4607 4608.
1898 1897 4609 4607.
4610 4611 4607 4609.
4611 4612 4608 4607.
1897 1902 4613 4609.
1902 1832 4578 4613.
4582 4614 4613 4578.
4614 4610 4609 4613.
1909 1908 4615 4616.
1908 1907 4617 4615.
4618 4619 4615 4617.
4619 4620 4616 4615.
1917 1916 4621 4622.
1916 1909 4616 4621.
4620 4623 4621 4616.
4623 4624 4622 4621.
1890 1923 4625 4603.
1923 1922 4626 4625.
4627 4628 4625 4626.
4628 4604 4603 4625.
1939 1938 4629 4630.
1938 1899 4608 4629.
4612 4631 4629 4608.
4631 4632 4630 4629.
1907 1943 4633 4617.
1943 1939 4630 4633.
4632 4634 4633 4630.
4634 4618 4617 4633.
1702 1953 4635 4525.
1953 1955 4636 4635.
4637 4638 4635 4636.
4638 4526 4525 4635.
1989 1988 4639 4640.
1988 1987 4641 4639.
4642 4643 4639 4641.
4643 4644 4640 4639.
1995 1994 4645 4646.
1994 1993 4647 4645.
4648 4649 4645 4647.
4649 4650 4646 4645.
1998 1996 4651 4652.
1996 1995 4646 4651.
4650 4653 4651 4646.
4653 4654 4652 4651.
2008 2007 4655 4656.
2007 2006 4657 4655.
4658 4659 4655 4657.
4659 4660 4656 4655.
2006 2014 4661 4657.
2014 2013 4662 4661.
4663 4664 4661 4662.
4664 4658 4657 4661.
2020 2019 4665 4666.
2019 1989 4640 4665.
4644 4667 4665 4640.
4667 4668 4666 4665.
1993 2035 4669 4647.
2035 2034 4670 4669.
4671 4672 4669 4670.
4672 4648 4647 4669.
2034 2036 4673 4670.
2036 2008 4656 4673.
4660 4674 4673 4656.
4674 4671 4670 4673.
2013 2044 4675 4662.
2044 2043 4676 4675.
4677 4678 4675 4676.
4678 4663 4662 4675.
2069 2068 4679 4680.
2068 1670 4504 4679.
4508 4681 4679 4504.
4681 4682 4680 4679.
2075 2074 4683 4684.
2074 2069 4680 4683.
4682 4685 4683 4680.
4685 4686 4684 4683.
2084 2083 4687 4688.
2083 2082 4689 4687.
4690 4691 4687 4689.
4691 4692 4688 4687.
1955 2092 4693 4636.
2092 2091 4694 4693.
4695 4696 4693 4694.
4696 4637 4636 4693.
2095 2094 4697 4698.
2094 1998 4652 4697.
4654 4699 4697 4652.
4699 4700 4698 4697.
2103 2102 4701 4702.
2102 2101 4703 4701.
4704 4705 4701 4703.
4705 4706 4702 4701.
2110 2109 4707 4708.
2109 2108 4709 4707.
4710 4711 4707 4709.
4711 4712 4708 4707.
2114 2113 4713 4714.
2113 2103 4702 4713.
4706 4715 4713 4702.
4715 4716 4714 4713.
2120 2119 4717 4718.
2119 2110 4708 4717.
4712 4719 4717 4708.
4719 4720 4718 4717.
2082 2123 4721 4689.
2123 2075 4684 4721.
4686 4722 4721 4684.
4722 4690 4689 4721.
2127 2126 4723 4724.
2126 2120 4718 4723.
4720 4725 4723 4718.
4725 4726 4724 4723.
2091 2166 4727 4694.
2166 2127 4724 4727.
4726 4728 4727 4724.
4728 4695 4694 4727.
2171 2170 4729 4730.
2170 2095 4698 4729.
4700 4731 4729 4698.
4731 4732 4730 4729.
2101 2175 4733 4703.
2175 2171 4730 4733.
4732 4734 4733 4730.
4734 4704 4703 4733.
1987 2180 4735 4641.
2180 2084 4688 4735.
4692 4736 4735 4688.
4736 4642 4641 4735.
2043 2183 4737 4676.
2183 2114 4714 4737.
4716 4738 4737 4714.
4738 4677 4676 4737.
2216 2215 4739 4740.
2215 2214 4741 4739.
4742 4743 4739 4741.
4743 4744 4740 4739.
2223 2222 4745 4746.
2222 2221 4747 4745.
4748 4749 4745 4747.
4749 4750 4746 4745.
2231 2230 4751 4752.
2230 2229 4753 4751.
4754 4755 4751 4753.
4755 4756 4752 4751.
2239 2238 4757 4758.
2238 2231 4752 4757.
4756 4759 4757 4752.
4759 4760 4758 4757.
2214 2242 4761 4741.
2242 2020 4666 4761.
4668 4762 4761 4666.
4762 4742 4741 4761.
2261 2260 4763 4764.
2260 2223 4746 4763.
4750 4765 4763 4746.
4765 4766 4764 4763.
2229 2265 4767 4753.
2265 2261 4764 4767.
4766 4768 4767 4764.
4768 4754 4753 4767.
2287 2286 4769 4770.
2286 2285 4771 4769.
4772 4773 4769 4771.
4773 4774 4770 4769.
2293 2292 4775 4776.
2292 2291 4777 4775.
4778 4779 4775 4777.
4779 4780 4776 4775.
2221 2294 4781 4747.
2294 2293 4776 4781.
4780 4782 4781 4776.
4782 4748 4747 4781.
2304 2303 4783 4784.
2303 2302 4785 4783.
4786 4787 4783 4785.
4787 4788 4784 4783.
2302 2310 4789 4785.
2310 2309 4790 4789.
4791 4792 4789 4790.
4792 4786 4785 4789.
1922 2313 4793 4626.
2313 2287 4770 4793.
4774 4794 4793 4770.
4794 4627 4626 4793.
2291 2325 4795 4777.
2325 2324 4796 4795.
4797 4798 4795 4796.
4798 4778 4777 4795.
2324 2326 4799 4796.
2326 2304 4784 4799.
4788 4800 4799 4784.
4800 4797 4796 4799.
1824 2344 4801 4573.
2344 1892 4602 4801.
4606 4802 4801 4602.
4802 4574 4573 4801.
2285 2346 4803 4771.
2346 2216 4740 4803.
4744 4804 4803 4740.
4804 4772 4771 4803.
2443 2442 4805 4806.
2442 1721 4540 4805.
4544 4807 4805 4540.
4807 4808 4806 4805.
1846 2472 4809 4590.
2472 2471 4810 4809.
4811 4812 4809 4810.
4812 4591 4590 4809.
2471 2496 4813 4810.
2496 1917 4622 4813.
4624 4814 4813 4622.
4814 4811 4810 4813.
2108 2543 4815 4709.
2543 2443 4806 4815.
4808 4816 4815 4806.
4816 4710 4709 4815.
2569 2568 4817 4818.
2568 2239 4758 4817.
4760 4819 4817 4758.
4819 4820 4818 4817.
2309 2590 4821 4790.
2590 2569 4818 4821.
4820 4822 4821 4818.
4822 4791 4790 4821.
2764 2761 4823 4824.
2761 2760 4825 4823.
4826 4827 4823 4825.
4827 4828 4824 4823.
2773 2770 4829 4830.
2770 2769 4831 4829.
4832 4833 4829 4831.
4833 4834 4830 4829.
2777 2775 4835 4836.
2775 2773 4830 4835.
4834 4837 4835 4830.
4837 4838 4836 4835.
2783 2780 4839 4840.
2780 2779 4841 4839.
4842 4843 4839 4841.
4843 4844 4840 4839.
2779 2789 4845 4841.
2789 2793 4846 4845.
4847 4848 4845 4846.
4848 4842 4841 4845.
2796 2794 4849 4850.
2794 2764 4824 4849.
4828 4851 4849 4824.
4851 4852 4850 4849.
2769 2810 4853 4831.
2810 2809 4854 4853.
4855 4856 4853 4854.
4856 4832 4831 4853.
2809 2817 4857 4854.
2817 2783 4840 4857.
4844 4858 4857 4840.
4858 4855 4854 4857.
2793 2819 4859 4846.
2819 2818 4860 4859.
4861 4862 4859 4860.
4862 4847 4846 4859.
2851 2850 4863 4864.
2850 2849 4865 4863.
4866 4867 4863 4865.
4867 4868 4864 4863.
2854 2857 4869 4870.
2857 2851 4864 4869.
4868 4871 4869 4864.
4871 4872 4870 4869.
2860 2863 4873 4874.
2863 2854 4870 4873.
4872 4875 4873 4870.
4875 4876 4874 4873.
2866 2869 4877 4878.
2869 2874 4879 4877.
4880 4881 4877 4879.
4881 4882 4878 4877.
2875 2878 4883 4884.
2878 2883 4885 4883.
4886 4887 4883 4885.
4887 4888 4884 4883.
2884 2887 4889 4890.
2887 2777 4836 4889.
4838 4891 4889 4836.
4891 4892 4890 4889.
2888 2891 4893 4894.
2891 2895 4895 4893.
4896 4897 4893 4895.
4897 4898 4894 4893.
2900 2897 4899 4900.
2897 2896 4901 4899.
4902 4903 4899 4901.
4903 4904 4900 4899.
2904 2902 4905 4906.
2902 2888 4894 4905.
4898 4907 4905 4894.
4907 4908 4906 4905.
2908 2906 4909 4910.
2906 2900 4900 4909.
4904 4911 4909 4900.
4911 4912 4910 4909.
2874 2913 4913 4879.
2913 2860 4874 4913.
4876 4914 4913 4874.
4914 4880 4879 4913.
2915 2918 4915 4916.
2918 2908 4910 4915.
4912 4917 4915 4910.
4917 4918 4916 4915.
2883 2959 4919 4885.
2959 2915 4916 4919.
4918 4920 4919 4916.
4920 4886 4885 4919.
2960 2963 4921 4922.
2963 2884 4890 4921.
4892 4923 4921 4890.
4923 4924 4922 4921.
2895 2968 4925 4895.
2968 2960 4922 4925.
4924 4926 4925 4922.
4926 4896 4895 4925.
2760 2972 4927 4825.
2972 2866 4878 4927.
4882 4928 4927 4878.
4928 4826 4825 4927.
2818 2975 4929 4860.
2975 2904 4906 4929.
4908 4930 4929 4906.
4930 4861 4860 4929.
2997 3000 4931 4932.
3000 3005 4933 4931.
4934 4935 4931 4933.
4935 4936 4932 4931.
3006 3009 4937 4938.
3009 3011 4939 4937.
4940 4941 4937 4939.
4941 4942 4938 4937.
3012 3015 4943 4944.
3015 3020 4945 4943.
4946 4947 4943 4945.
4947 4948 4944 4943.
3023 3021 4949 4950.
3021 3012 4944 4949.
4948 4951 4949 4944.
4951 4952 4950 4949.
3005 3028 4953 4933.
3028 2796 4850 4953.
4852 4954 4953 4850.
4954 4934 4933 4953.
3039 3042 4955 4956.
3042 3006 4938 4955.
4942 4957 4955 4938.
4957 4958 4956 4955.
3020 3047 4959 4945.
3047 3039 4956 4959.
4958 4960 4959 4956.
4960 4946 4945 4959.
3069 3066 4961 4962.
3066 3065 4963 4961.
4964 4965 4961 4963.
4965 4966 4962 4961.
3078 3075 4967 4968.
3075 3074 4969 4967.
4970 4971 4967 4969.
4971 4972 4968 4967.
3011 3081 4973 4939.
3081 3078 4968 4973.
4972 4974 4973 4968.
4974 4940 4939 4973.
3086 3083 4975 4976.
3083 3082 4977 4975.
4978 4979 4975 4977.
4979 4980 4976 4975.
3082 3092 4981 4977.
3092 3096 4982 4981.
4983 4984 4981 4982.
4984 4978 4977 4981.
3099 3097 4985 4986.
3097 3069 4962 4985.
4966 4987 4985 4962.
4987 4988 4986 4985.
3074 3116 4989 4969.
3116 3115 4990 4989.
4991 4992 4989 4990.
4992 4970 4969 4989.
3115 3123 4993 4990.
3123 3086 4976 4993.
4980 4994 4993 4976.
4994 4991 4990 4993.
3134 3133 4995 4996.
3133 2875 4884 4995.
4888 4997 4995 4884.
4997 4998 4996 4995.
3160 3163 4999 5000.
3163 3168 5001 4999.
5002 5003 4999 5001.
5003 5004 5000 4999.
3169 3172 5005 5006.
3172 3174 5007 5005.
5008 5009 5005 5007.
5009 5010 5006 5005.
3174 3178 5011 5007.
3178 3177 5012 5011.
5013 5014 5011 5012.
5014 5008 5007 5011.
3179 3182 5015 5016.
3182 3187 5017 5015.
5018 5019 5015 5017.
5019 5020 5016 5015.
3190 3188 5021 5022.
3188 3179 5016 5021.
5020 5023 5021 5016.
5023 5024 5022 5021.
3168 3195 5025 5001.
3195 3199 5026 5025.
5027 5028 5025 5026.
5028 5002 5001 5025.
3209 3212 5029 5030.
3212 3169 5006 5029.
5010 5031 5029 5006.
5031 5032 5030 5029.
3187 3217 5033 5017.
3217 3209 5030 5033.
5032 5034 5033 5030.
5034 5018 5017 5033.
3218 3221 5035 5036.
3221 3190 5022 5035.
5024 5037 5035 5022.
5037 5038 5036 5035.
2849 3246 5039 4865.
3246 3245 5040 5039.
5041 5042 5039 5040.
5042 4866 4865 5039.
3245 3252 5043 5040.
3252 3251 5044 5043.
5045 5046 5043 5044.
5046 5041 5040 5043.
3261 3258 5047 5048.
3258 3257 5049 5047.
5050 5051 5047 5049.
5051 5052 5048 5047.
3268 3266 5053 5054.
3266 3134 4996 5053.
4998 5055 5053 4996.
5055 5056 5054 5053.
3177 3273 5057 5012.
3273 3272 5058 5057.
5059 5060 5057 5058.
5060 5013 5012 5057.
3280 3277 5061 5062.
3277 3276 5063 5061.
5064 5065 5061 5063.
5065 5066 5062 5061.
3284 3287 5067 5068.
3287 3289 5069 5067.
5070 5071 5067 5069.
5071 5072 5068 5067.
3276 3291 5073 5063.
3291 3293 5074 5073.
5075 5076 5073 5074.
5076 5064 5063 5073.
3289 3295 5077 5069.
3295 3299 5078 5077.
5079 5080 5077 5078.
5080 5070 5069 5077.
3251 3300 5081 5044.
3300 3261 5048 5081.
5052 5082 5081 5048.
5082 5045 5044 5081.
3299 3304 5083 5078.
3304 3303 5084 5083.
5085 5086 5083 5084.
5086 5079 5078 5083.
3303 3346 5087 5084.
3346 3268 5054 5087.
5056 5088 5087 5054.
5088 5085 5084 5087.
3272 3348 5089 5058.
3348 3347 5090 5089.
5091 5092 5089 5090.
5092 5059 5058 5089.
3347 3355 5093 5090.
3355 3280 5062 5093.
5066 5094 5093 5062.
5094 5091 5090 5093.
3257 3358 5095 5049.
3358 3160 5000 5095.
5004 5096 5095 5000.
5096 5050 5049 5095.
3293 3360 5097 5074.
3360 3218 5036 5097.
5038 5098 5097 5036.
5098 5075 5074 5097.
3393 3390 5099 5100.
3390 3389 5101 5099.
5102 5103 5099 5101.
5103 5104 5100 5099.
3402 3399 5105 5106.
3399 3398 5107 5105.
5108 5109 5105 5107.
5109 5110 5106 5105.
3408 3405 5111 5112.
3405 3404 5113 5111.
5114 5115 5111 5113.
5115 5116 5112 5111.
3404 3414 5117 5113.
3414 3418 5118 5117.
5119 5120 5117 5118.
5120 5114 5113 5117.
3199 3419 5121 5026.
3419 3393 5100 5121.
5104 5122 5121 5100.
5122 5027 5026 5121.
3398 3438 5123 5107.
3438 3437 5124 5123.
5125 5126 5123 5124.
5126 5108 5107 5123.
3437 3445 5127 5124.
3445 3408 5112 5127.
5116 5128 5127 5112.
5128 5125 5124 5127.
3459 3462 5129 5130.
3462 3466 5131 5129.
5132 5133 5129 5131.
5133 5134 5130 5129.
3467 3470 5135 5136.
3470 3472 5137 5135.
5138 5139 5135 5137.
5139 5140 5136 5135.
3472 3474 5141 5137.
3474 3402 5106 5141.
5110 5142 5141 5106.
5142 5138 5137 5141.
3475 3478 5143 5144.
3478 3483 5145 5143.
5146 5147 5143 5145.
5147 5148 5144 5143.
3486 3484 5149 5150.
3484 3475 5144 5149.
5148 5151 5149 5144.
5151 5152 5150 5149.
3466 3491 5153 5131.
3491 3099 4986 5153.
4988 5154 5153 4986.
5154 5132 5131 5153.
3499 3502 5155 5156.
3502 3467 5136 5155.
5140 5157 5155 5136.
5157 5158 5156 5155.
3483 3507 5159 5145.
3507 3499 5156 5159.
5158 5160 5159 5156.
5160 5146 5145 5159.
3065 3522 5161 4963.
3522 2997 4932 5161.
4936 5162 5161 4932.
5162 4964 4963 5161.
3389 3524 5163 5101.
3524 3459 5130 5163.
5134 5164 5163 5130.
5164 5102 5101 5163.
2896 3620 5165 4901.
3620 3619 5166 5165.
5167 5168 5165 5166.
5168 4902 4901 5165.
3645 3648 5169 5170.
3648 3023 4950 5169.
4952 5171 5169 4950.
5171 5172 5170 5169.
3096 3672 5173 4982.
3672 3645 5170 5173.
5172 5174 5173 5170.
5174 4983 4982 5173.
3619 3721 5175 5166.
3721 3284 5068 5175.
5072 5176 5175 5068.
5176 5167 5166 5175.
3418 3745 5177 5118.
3745 3744 5178 5177.
5179 5180 5177 5178.
5180 5119 5118 5177.
3744 3767 5181 5178.
3767 3486 5150 5181.
5152 5182 5181 5150.
5182 5179 5178 5181.
3927 3924 5183 5184.
3924 3923 5185 5183.
4468 4467 5183 5185.
4467 4466 5184 5183.
3931 3930 5186 5187.
3930 3929 5188 5186.
4828 4827 5186 5188.
4827 4826 5187 5186.
3936 3933 5189 5190.
3933 3932 5191 5189.
4474 4473 5189 5191.
4473 4472 5190 5189.
3940 3939 5192 5193.
3939 3938 5194 5192.
4834 4833 5192 5194.
4833 4832 5193 5192.
3943 3941 5195 5196.
3941 3936 5190 5195.
4472 4478 5195 5190.
4478 4477 5196 5195.
3938 3946 5197 5194.
3946 3945 5198 5197.
4838 4837 5197 5198.
4837 4834 5194 5197.
3951 3948 5199 5200.
3948 3947 5201 5199.
4484 4483 5199 5201.
4483 4482 5200 5199.
3955 3954 5202 5203.
3954 3953 5204 5202.
4844 4843 5202 5204.
4843 4842 5203 5202.
3947 3957 5205 5201.
3957 3956 5206 5205.
4488 4487 5205 5206.
4487 4484 5201 5205.
3961 3960 5207 5208.
3960 3955 5203 5207.
4842 4848 5207 5203.
4848 4847 5208 5207.
3964 3962 5209 5210.
3962 3927 5184 5209.
4466 4492 5209 5184.
4492 4491 5210 5209.
3929 3967 5211 5188.
3967 3966 5212 5211.
4852 4851 5211 5212.
4851 4828 5188 5211.
3932 3969 5213 5191.
3969 3968 5214 5213.
4496 4495 5213 5214.
4495 4474 5191 5213.
3973 3972 5215 5216.
3972 3940 5193 5215.
4832 4856 5215 5193.
4856 4855 5216 5215.
3968 3974 5217 5214.
3974 3951 5200 5217.
4482 4498 5217 5200.
4498 4496 5214 5217.
3953 3976 5218 5204.
3976 3973 5216 5218.
4855 4858 5218 5216.
4858 4844 5204 5218.
3956 3978 5219 5206.
3978 3977 5220 5219.
4502 4501 5219 5220.
4501 4488 5206 5219.
3982 3981 5221 5222.
3981 3961 5208 5221.
4847 4862 5221 5208.
4862 4861 5222 5221.
3987 3984 5223 5224.
3984 3983 5225 5223.
4508 4507 5223 5225.
4507 4506 5224 5223.
3991 3990 5226 5227.
3990 3989 5228 5226.
4868 4867 5226 5228.
4867 4866 5227 5226.
3994 3992 5229 5230.
3992 3987 5224 5229.
4506 4512 5229 5224.
4512 4511 5230 5229.
3989 3997 5231 5228.
3997 3996 5232 5231.
4872 4871 5231 5232.
4871 4868 5228 5231.
4000 3998 5233 5234.
3998 3994 5230 5233.
4511 4516 5233 5230.
4516 4515 5234 5233.
3996 4003 5235 5232.
4003 4002 5236 5235.
4876 4875 5235 5236.
4875 4872 5232 5235.
4008 4005 5237 5238.
4005 4004 5239 5237.
4522 4521 5237 5239.
4521 4520 5238 5237.
4012 4011 5240 5241.
4011 4010 5242 5240.
4882 4881 5240 5242.
4881 4880 5241 5240.
4017 4014 5243 5244.
4014 4013 5245 5243.
4528 4527 5243 5245.
4527 4526 5244 5243.
4021 4020 5246 5247.
4020 4019 5248 5246.
4888 4887 5246 5248.
4887 4886 5247 5246.
4024 4022 5249 5250.
4022 3943 5196 5249.
4477 4532 5249 5196.
4532 4531 5250 5249.
3945 4027 5251 5198.
4027 4026 5252 5251.
4892 4891 5251 5252.
4891 4838 5198 5251.
4032 4029 5253 5254.
4029 4028 5255 5253.
4538 4537 5253 5255.
4537 4536 5254 5253.
4036 4035 5256 5257.
4035 4034 5258 5256.
4898 4897 5256 5258.
4897 4896 5257 5256.
4041 4038 5259 5260.
4038 4037 5261 5259.
4544 4543 5259 5261.
4543 4542 5260 5259.
4045 4044 5262 5263.
4044 4043 5264 5262.
4904 4903 5262 5264.
4903 4902 5263 5262.
4048 4046 5265 5266.
4046 4032 5254 5265.
4536 4548 5265 5254.
4548 4547 5266 5265.
4034 4051 5267 5258.
4051 4050 5268 5267.
4908 4907 5267 5268.
4907 4898 5258 5267.
4054 4052 5269 5270.
4052 4041 5260 5269.
4542 4552 5269 5260.
4552 4551 5270 5269.
4043 4057 5271 5264.
4057 4056 5272 5271.
4912 4911 5271 5272.
4911 4904 5264 5271.
4004 4058 5273 5239.
4058 4000 5234 5273.
4515 4554 5273 5234.
4554 4522 5239 5273.
4002 4060 5274 5236.
4060 4012 5241 5274.
4880 4914 5274 5241.
4914 4876 5236 5274.
4063 4061 5275 5276.
4061 4054 5270 5275.
4551 4558 5275 5270.
4558 4557 5276 5275.
4056 4066 5277 5272.
4066 4065 5278 5277.
4918 4917 5277 5278.
4917 4912 5272 5277.
4013 4067 5279 5245.
4067 4063 5276 5279.
4557 4560 5279 5276.
4560 4528 5245 5279.
4065 4069 5280 5278.
4069 4021 5247 5280.
4886 4920 5280 5247.
4920 4918 5278 5280.
4072 4070 5281 5282.
4070 4024 5250 5281.
4531 4564 5281 5250.
4564 4563 5282 5281.
4026 4075 5283 5252.
4075 4074 5284 5283.
4924 4923 5283 5284.
4923 4892 5252 5283.
4028 4076 5285 5255.
4076 4072 5282 5285.
4563 4566 5285 5282.
4566 4538 5255 5285.
4074 4078 5286 5284.
4078 4036 5257 5286.
4896 4926 5286 5257.
4926 4924 5284 5286.
3923 4079 5287 5185.
4079 4008 5238 5287.
4520 4568 5287 5238.
4568 4468 5185 5287.
4010 4081 5288 5242.
4081 3931 5187 5288.
4826 4928 5288 5187.
4928 4882 5242 5288.
3977 4082 5289 5220.
4082 4048 5266 5289.
4547 4570 5289 5266.
4570 4502 5220 5289.
4050 4084 5290 5268.
4084 3982 5222 5290.
4861 4930 5290 5222.
4930 4908 5268 5290.
4089 4086 5291 5292.
4086 4085 5293 5291.
4576 4575 5291 5293.
4575 4574 5292 5291.
4093 4092 5294 5295.
4092 4091 5296 5294.
4936 4935 5294 5296.
4935 4934 5295 5294.
4098 4095 5297 5298.
4095 4094 5299 5297.
4582 4581 5297 5299.
4581 4580 5298 5297.
4102 4101 5300 5301.
4101 4100 5302 5300.
4942 4941 5300 5302.
4941 4940 5301 5300.
4107 4104 5303 5304.
4104 4103 5305 5303.
4588 4587 5303 5305.
4587 4586 5304 5303.
4111 4110 5306 5307.
4110 4109 5308 5306.
4948 4947 5306 5308.
4947 4946 5307 5306.
4114 4112 5309 5310.
4112 4107 5304 5309.
4586 4592 5309 5304.
4592 4591 5310 5309.
4109 4117 5311 5308.
4117 4116 5312 5311.
4952 4951 5311 5312.
4951 4948 5308 5311.
4085 4118 5313 5293.
4118 3964 5210 5313.
4491 4594 5313 5210.
4594 4576 5293 5313.
3966 4120 5314 5212.
4120 4093 5295 5314.
4934 4954 5314 5295.
4954 4852 5212 5314.
4123 4121 5315 5316.
4121 4098 5298 5315.
4580 4598 5315 5298.
4598 4597 5316 5315.
4100 4126 5317 5302.
4126 4125 5318 5317.
4958 4957 5317 5318.
4957 4942 5302 5317.
4103 4127 5319 5305.
4127 4123 5316 5319.
4597 4600 5319 5316.
4600 4588 5305 5319.
4125 4129 5320 5318.
4129 4111 5307 5320.
4946 4960 5320 5307.
4960 4958 5318 5320.
4134 4131 5321 5322.
4131 4130 5323 5321.
4606 4605 5321 5323.
4605 4604 5322 5321.
4138 4137 5324 5325.
4137 4136 5326 5324.
4966 4965 5324 5326.
4965 4964 5325 5324.
4143 4140 5327 5328.
4140 4139 5329 5327.
4612 4611 5327 5329.
4611 4610 5328 5327.
4147 4146 5330 5331.
4146 4145 5332 5330.
4972 4971 5330 5332.
4971 4970 5331 5330.
4094 4148 5333 5299.
4148 4143 5328 5333.
4610 4614 5333 5328.
4614 4582 5299 5333.
4145 4150 5334 5332.
4150 4102 5301 5334.
4940 4974 5334 5301.
4974 4972 5332 5334.
4155 4152 5335 5336.
4152 4151 5337 5335.
4620 4619 5335 5337.
4619 4618 5336 5335.
4159 4158 5338 5339.
4158 4157 5340 5338.
4980 4979 5338 5340.
4979 4978 5339 5338.
4151 4161 5341 5337.
4161 4160 5342 5341.
4624 4623 5341 5342.
4623 4620 5337 5341.
4165 4164 5343 5344.
4164 4159 5339 5343.
4978 4984 5343 5339.
4984 4983 5344 5343.
4168 4166 5345 5346.
4166 4134 5322 5345.
4604 4628 5345 5322.
4628 4627 5346 5345.
4136 4171 5347 5326.
4171 4170 5348 5347.
4988 4987 5347 5348.
4987 4966 5326 5347.
4139 4173 5349 5329.
4173 4172 5350 5349.
4632 4631 5349 5350.
4631 4612 5329 5349.
4177 4176 5351 5352.
4176 4147 5331 5351.
4970 4992 5351 5331.
4992 4991 5352 5351.
4172 4178 5353 5350.
4178 4155 5336 5353.
4618 4634 5353 5336.
4634 4632 5350 5353.
4157 4180 5354 5340.
4180 4177 5352 5354.
4991 4994 5354 5352.
4994 4980 5340 5354.
4183 4181 5355 5356.
4181 4017 5244 5355.
4526 4638 5355 5244.
4638 4637 5356 5355.
4019 4186 5357 5248.
4186 4185 5358 5357.
4998 4997 5357 5358.
4997 4888 5248 5357.
4191 4188 5359 5360.
4188 4187 5361 5359.
4644 4643 5359 5361.
4643 4642 5360 5359.
4195 4194 5362 5363.
4194 4193 5364 5362.
5004 5003 5362 5364.
5003 5002 5363 5362.
4200 4197 5365 5366.
4197 4196 5367 5365.
4650 4649 5365 5367.
4649 4648 5366 5365.
4204 4203 5368 5369.
4203 4202 5370 5368.
5010 5009 5368 5370.
5009 5008 5369 5368.
4196 4206 5371 5367.
4206 4205 5372 5371.
4654 4653 5371 5372.
4653 4650 5367 5371.
4210 4209 5373 5374.
4209 4204 5369 5373.
5008 5014 5373 5369.
5014 5013 5374 5373.
4215 4212 5375 5376.
4212 4211 5377 5375.
4660 4659 5375 5377.
4659 4658 5376 5375.
4219 4218 5378 5379.
4218 4217 5380 5378.
5020 5019 5378 5380.
5019 5018 5379 5378.
4222 4220 5381 5382.
4220 4215 5376 5381.
4658 4664 5381 5376.
4664 4663 5382 5381.
4217 4225 5383 5380.
4225 4224 5384 5383.
5024 5023 5383 5384.
5023 5020 5380 5383.
4187 4227 5385 5361.
4227 4226 5386 5385.
4668 4667 5385 5386.
4667 4644 5361 5385.
4231 4230 5387 5388.
4230 4195 5363 5387.
5002 5028 5387 5363.
5028 5027 5388 5387.
4234 4232 5389 5390.
4232 4200 5366 5389.
4648 4672 5389 5366.
4672 4671 5390 5389.
4202 4237 5391 5370.
4237 4236 5392 5391.
5032 5031 5391 5392.
5031 5010 5370 5391.
4211 4238 5393 5377.
4238 4234 5390 5393.
4671 4674 5393 5390.
4674 4660 5377 5393.
4236 4240 5394 5392.
4240 4219 5379 5394.
5018 5034 5394 5379.
5034 5032 5392 5394.
4243 4241 5395 5396.
4241 4222 5382 5395.
4663 4678 5395 5382.
4678 4677 5396 5395.
4224 4246 5397 5384.
4246 4245 5398 5397.
5038 5037 5397 5398.
5037 5024 5384 5397.
3983 4248 5399 5225.
4248 4247 5400 5399.
4682 4681 5399 5400.
4681 4508 5225 5399.
4252 4251 5401 5402.
4251 3991 5227 5401.
4866 5042 5401 5227.
5042 5041 5402 5401.
4247 4254 5403 5400.
4254 4253 5404 5403.
4686 4685 5403 5404.
4685 4682 5400 5403.
4258 4257 5405 5406.
4257 4252 5402 5405.
5041 5046 5405 5402.
5046 5045 5406 5405.
4263 4260 5407 5408.
4260 4259 5409 5407.
4692 4691 5407 5409.
4691 4690 5408 5407.
4267 4266 5410 5411.
4266 4265 5412 5410.
5052 5051 5410 5412.
5051 5050 5411 5410.
4270 4268 5413 5414.
4268 4183 5356 5413.
4637 4696 5413 5356.
4696 4695 5414 5413.
4185 4273 5415 5358.
4273 4272 5416 5415.
5056 5055 5415 5416.
5055 4998 5358 5415.
4205 4275 5417 5372.
4275 4274 5418 5417.
4700 4699 5417 5418.
4699 4654 5372 5417.
4279 4278 5419 5420.
4278 4210 5374 5419.
5013 5060 5419 5374.
5060 5059 5420 5419.
4284 4281 5421 5422.
4281 4280 5423 5421.
4706 4705 5421 5423.
4705 4704 5422 5421.
4288 4287 5424 5425.
4287 4286 5426 5424.
5066 5065 5424 5426.
5065 5064 5425 5424.
4293 4290 5427 5428.
4290 4289 5429 5427.
4712 4711 5427 5429.
4711 4710 5428 5427.
4297 4296 5430 5431.
4296 4295 5432 5430.
5072 5071 5430 5432.
5071 5070 5431 5430.
4280 4299 5433 5423.
4299 4298 5434 5433.
4716 4715 5433 5434.
4715 4706 5423 5433.
4303 4302 5435 5436.
4302 4288 5425 5435.
5064 5076 5435 5425.
5076 5075 5436 5435.
4289 4305 5437 5429.
4305 4304 5438 5437.
4720 4719 5437 5438.
4719 4712 5429 5437.
4309 4308 5439 5440.
4308 4297 5431 5439.
5070 5080 5439 5431.
5080 5079 5440 5439.
4253 4310 5441 5404.
4310 4263 5408 5441.
4690 4722 5441 5408.
4722 4686 5404 5441.
4265 4312 5442 5412.
4312 4258 5406 5442.
5045 5082 5442 5406.
5082 5052 5412 5442.
4304 4314 5443 5438.
4314 4313 5444 5443.
4726 4725 5443 5444.
4725 4720 5438 5443.
4318 4317 5445 5446.
4317 4309 5440 5445.
5079 5086 5445 5440.
5086 5085 5446 5445.
4313 4319 5447 5444.
4319 4270 5414 5447.
4695 4728 5447 5414.
4728 4726 5444 5447.
4272 4321 5448 5416.
4321 4318 5446 5448.
5085 5088 5448 5446.
5088 5056 5416 5448.
4274 4323 5449 5418.
4323 4322 5450 5449.
4732 4731 5449 5450.
4731 4700 5418 5449.
4327 4326 5451 5452.
4326 4279 5420 5451.
5059 5092 5451 5420.
5092 5091 5452 5451.
4322 4328 5453 5450.
4328 4284 5422 5453.
4704 4734 5453 5422.
4734 4732 5450 5453.
4286 4330 5454 5426.
4330 4327 5452 5454.
5091 5094 5454 5452.
5094 5066 5426 5454.
4259 4331 5455 5409.
4331 4191 5360 5455.
4642 4736 5455 5360.
4736 4692 5409 5455.
4193 4333 5456 5364.
4333 4267 5411 5456.
5050 5096 5456 5411.
5096 5004 5364 5456.
4298 4334 5457 5434.
4334 4243 5396 5457.
4677 4738 5457 5396.
4738 4716 5434 5457.
4245 4336 5458 5398.
4336 4303 5436 5458.
5075 5098 5458 5436.
5098 5038 5398 5458.
4341 4338 5459 5460.
4338 4337 5461 5459.
4744 4743 5459 5461.
4743 4742 5460 5459.
4345 4344 5462 5463.
4344 4343 5464 5462.
5104 5103 5462 5464.
5103 5102 5463 5462.
4350 4347 5465 5466.
4347 4346 5467 5465.
4750 4749 5465 5467.
4749 4748 5466 5465.
4354 4353 5468 5469.
4353 4352 5470 5468.
5110 5109 5468 5470.
5109 5108 5469 5468.
4359 4356 5471 5472.
4356 4355 5473 5471.
4756 4755 5471 5473.
4755 4754 5472 5471.
4363 4362 5474 5475.
4362 4361 5476 5474.
5116 5115 5474 5476.
5115 5114 5475 5474.
4355 4365 5477 5473.
4365 4364 5478 5477.
4760 4759 5477 5478.
4759 4756 5473 5477.
4369 4368 5479 5480.
4368 4363 5475 5479.
5114 5120 5479 5475.
5120 5119 5480 5479.
4226 4370 5481 5386.
4370 4341 5460 5481.
4742 4762 5481 5460.
4762 4668 5386 5481.
4343 4372 5482 5464.
4372 4231 5388 5482.
5027 5122 5482 5388.
5122 5104 5464 5482.
4346 4374 5483 5467.
4374 4373 5484 5483.
4766 4765 5483 5484.
4765 4750 5467 5483.
4378 4377 5485 5486.
4377 4354 5469 5485.
5108 5126 5485 5469.
5126 5125 5486 5485.
4373 4379 5487 5484.
4379 4359 5472 5487.
4754 4768 5487 5472.
4768 4766 5484 5487.
4361 4381 5488 5476.
4381 4378 5486 5488.
5125 5128 5488 5486.
5128 5116 5476 5488.
4386 4383 5489 5490.
4383 4382 5491 5489.
4774 4773 5489 5491.
4773 4772 5490 5489.
4390 4389 5492 5493.
4389 4388 5494 5492.
5134 5133 5492 5494.
5133 5132 5493 5492.
4395 4392 5495 5496.
4392 4391 5497 5495.
4780 4779 5495 5497.
4779 4778 5496 5495.
4399 4398 5498 5499.
4398 4397 5500 5498.
5140 5139 5498 5500.
5139 5138 5499 5498.
4391 4400 5501 5497.
4400 4350 5466 5501.
4748 4782 5501 5466.
4782 4780 5497 5501.
4352 4402 5502 5470.
4402 4399 5499 5502.
5138 5142 5502 5499.
5142 5110 5470 5502.
4407 4404 5503 5504.
4404 4403 5505 5503.
4788 4787 5503 5505.
4787 4786 5504 5503.
4411 4410 5506 5507.
4410 4409 5508 5506.
5148 5147 5506 5508.
5147 5146 5507 5506.
4414 4412 5509 5510.
4412 4407 5504 5509.
4786 4792 5509 5504.
4792 4791 5510 5509.
4409 4417 5511 5508.
4417 4416 5512 5511.
5152 5151 5511 5512.
5151 5148 5508 5511.
4382 4418 5513 5491.
4418 4168 5346 5513.
4627 4794 5513 5346.
4794 4774 5491 5513.
4170 4420 5514 5348.
4420 4390 5493 5514.
5132 5154 5514 5493.
5154 4988 5348 5514.
4423 4421 5515 5516.
4421 4395 5496 5515.
4778 4798 5515 5496.
4798 4797 5516 5515.
4397 4426 5517 5500.
4426 4425 5518 5517.
5158 5157 5517 5518.
5157 5140 5500 5517.
4403 4427 5519 5505.
4427 4423 5516 5519.
4797 4800 5519 5516.
4800 4788 5505 5519.
4425 4429 5520 5518.
4429 4411 5507 5520.
5146 5160 5520 5507.
5160 5158 5518 5520.
4130 4430 5521 5323.
4430 4089 5292 5521.
4574 4802 5521 5292.
4802 4606 5323 5521.
4091 4432 5522 5296.
4432 4138 5325 5522.
4964 5162 5522 5325.
5162 4936 5296 5522.
4337 4433 5523 5461.
4433 4386 5490 5523.
4772 4804 5523 5490.
4804 4744 5461 5523.
4388 4435 5524 5494.
4435 4345 5463 5524.
5102 5164 5524 5463.
5164 5134 5494 5524.
4037 4437 5525 5261.
4437 4436 5526 5525.
4808 4807 5525 5526.
4807 4544 5261 5525.
4441 4440 5527 5528.
4440 4045 5263 5527.
4902 5168 5527 5263.
5168 5167 5528 5527.
4444 4442 5529 5530.
4442 4114 5310 5529.
4591 4812 5529 5310.
4812 4811 5530 5529.
4116 4447 5531 5312.
4447 4446 5532 5531.
5172 5171 5531 5532.
5171 4952 5312 5531.
4160 4448 5533 5342.
4448 4444 5530 5533.
4811 4814 5533 5530.
4814 4624 5342 5533.
4446 4450 5534 5532.
4450 4165 5344 5534.
4983 5174 5534 5344.
5174 5172 5532 5534.
4436 4451 5535 5526.
4451 4293 5428 5535.
4710 4816 5535 5428.
4816 4808 5526 5535.
4295 4453 5536 5432.
4453 4441 5528 5536.
5167 5176 5536 5528.
5176 5072 5432 5536.
4364 4455 5537 5478.
4455 4454 5538 5537.
4820 4819 5537 5538.
4819 4760 5478 5537.
4459 4458 5539 5540.
4458 4369 5480 5539.
5119 5180 5539 5480.
5180 5179 5540 5539.
4454 4460 5541 5538.
4460 4414 5510 5541.
4791 4822 5541 5510.
4822 4820 5538 5541.
4416 4462 5542 5512.
4462 4459 5540 5542.
5179 5182 5542 5540.
5182 5152 5512 5542.
2135 2134 5543 2404.
2134 1948 1946 5543.
1750 1749 5543 1946.
1749 1748 2404 5543.
5544 5545 5546 5547.
5545 5548 5549 5546.
5548 5550 5551 5549.
5550 5552 5553 5551.
5552 5554 5555 5553.
5554 5556 5557 5555.
5556 5558 5559 5557.
5558 5560 5561 5559.
5560 5562 5563 5561.
5562 5564 5565 5563.
5564 5566 5567 5565.
5566 5568 5569 5567.
5568 5570 5571 5569.
5570 5572 5573 5571.
5572 5574 5575 5573.
5574 5576 5577 5575.
5576 5578 5579 5577.
5578 5580 5581 5579.
5580 5582 5583 5581.
5582 5544 5547 5583.
5584 5585 5586 5587.
5585 5588 5589 5586.
5588 5590 5591 5589.
5590 5592 5593 5591.
5592 5594 5595 5593.
5594 5596 5597 5595.
5596 5598 5599 5597.
5598 5600 5601 5599.
5600 5602 5603 5601.
5602 5604 5605 5603.
5604 5606 5607 5605.
5606 5608 5609 5607.
5608 5610 5611 5609.
5610 5612 5613 5611.
5612 5614 5615 5613.
5614 5616 5617 5615.
5616 5618 5619 5617.
5618 5620 5621 5619.
5620 5622 5623 5621.
5622 5584 5587 5623.
5624 5625 5626 5627.
5625 5628 5629 5626.
5628 5630 5631 5629.
5630 5632 5633 5631.
5632 5634 5635 5633.
5634 5636 5637 5635.
5636 5638 5639 5637.
5638 5640 5641 5639.
5640 5642 5643 5641.
5642 5644 5645 5643.
5644 5646 5647 5645.
5646 5648 5649 5647.
5648 5650 5651 5649.
5650 5652 5653 5651.
5652 5654 5655 5653.
5654 5656 5657 5655.
5656 5658 5659 5657.
5658 5660 5661 5659.
5660 5662 5663 5661.
5662 5624 5627 5663.
5664 5665 5666 5667.
5665 5668 5669 5666.
5668 5670 5671 5669.
5670 5672 5673 5671.
5672 5674 5675 5673.
5674 5676 5677 5675.
5676 5678 5679 5677.
5678 5680 5681 5679.
5680 5682 5683 5681.
5682 5684 5685 5683.
5684 5686 5687 5685.
5686 5688 5689 5687.
5688 5690 5691 5689.
5690 5692 5693 5691.
5692 5694 5695 5693.
5694 5696 5697 5695.
5696 5698 5699 5697.
5698 5700 5701 5699.
5700 5702 5703 5701.
5702 5664 5667 5703.
5704 5705 5706 5707.
5705 5708 5709 5706.
5708 5710 5711 5709.
5710 5712 5713 5711.
5712 5714 5715 5713.
5714 5716 5717 5715.
5716 5718 5719 5717.
5718 5720 5721 5719.
5720 5722 5723 5721.
5722 5724 5725 5723.
5724 5726 5727 5725.
5726 5728 5729 5727.
5728 5730 5731 5729.
5730 5732 5733 5731.
5732 5734 5735 5733.
5734 5736 5737 5735.
5736 5738 5739 5737.
5738 5740 5741 5739.
5740 5742 5743 5741.
5742 5704 5707 5743.
5744 5745 5746 5747.
5745 5748 5749 5746.
5748 5750 5751 5749.
5750 5752 5753 5751.
5752 5754 5755 5753.
5754 5756 5757 5755.
5756 5758 5759 5757.
5758 5760 5761 5759.
5760 5762 5763 5761.
5762 5764 5765 5763.
5764 5766 5767 5765.
5766 5768 5769 5767.
5768 5770 5771 5769.
5770 5772 5773 5771.
5772 5774 5775 5773.
5774 5776 5777 5775.
5776 5778 5779 5777.
5778 5780 5781 5779.
5780 5782 5783 5781.
5782 5744 5747 5783.
5784 5785 5786 5787.
5785 5788 5789 5786.
5788 5790 5791 5789.
5790 5792 5793 5791.
5792 5794 5795 5793.
5794 5796 5797 5795.
5796 5798 5799 5797.
5798 5800 5801 5799.
5800 5802 5803 5801.
5802 5804 5805 5803.
5804 5806 5807 5805.
5806 5808 5809 5807.
5808 5810 5811 5809.
5810 5812 5813 5811.
5812 5814 5815 5813.
5814 5816 5817 5815.
5816 5818 5819 5817.
5818 5820 5821 5819.
5820 5822 5823 5821.
5822 5784 5787 5823.
5547 5546 5824 5825.
5546 5549 5826 5824.
5549 5551 5827 5826.
5551 5553 5828 5827.
5553 5555 5829 5828.
5555 5557 5830 5829.
5557 5559 5831 5830.
5559 5561 5832 5831.
5561 5563 5833 5832.
5563 5565 5834 5833.
5565 5567 5835 5834.
5567 5569 5836 5835.
5569 5571 5837 5836.
5571 5573 5838 5837.
5573 5575 5839 5838.
5575 5577 5840 5839.
5577 5579 5841 5840.
5579 5581 5842 5841.
5581 5583 5843 5842.
5583 5547 5825 5843.
5585 5584 5825 5824.
5587 5586 5844 5845.
5588 5585 5824 5826.
5586 5589 5846 5844.
5590 5588 5826 5827.
5589 5591 5847 5846.
5592 5590 5827 5828.
5591 5593 5848 5847.
5594 5592 5828 5829.
5593 5595 5849 5848.
5596 5594 5829 5830.
5595 5597 5850 5849.
5598 5596 5830 5831.
5597 5599 5851 5850.
5600 5598 5831 5832.
5599 5601 5852 5851.
5602 5600 5832 5833.
5601 5603 5853 5852.
5604 5602 5833 5834.
5603 5605 5854 5853.
5606 5604 5834 5835.
5605 5607 5855 5854.
5608 5606 5835 5836.
5607 5609 5856 5855.
5610 5608 5836 5837.
5609 5611 5857 5856.
5612 5610 5837 5838.
5611 5613 5858 5857.
5614 5612 5838 5839.
5613 5615 5859 5858.
5616 5614 5839 5840.
5615 5617 5860 5859.
5618 5616 5840 5841.
5617 5619 5861 5860.
5620 5618 5841 5842.
5619 5621 5862 5861.
5622 5620 5842 5843.
5621 5623 5863 5862.
5584 5622 5843 5825.
5623 5587 5845 5863.
5625 5624 5845 5844.
5627 5626 5864 5865.
5628 5625 5844 5846.
5626 5629 5866 5864.
5630 5628 5846 5847.
5629 5631 5867 5866.
5632 5630 5847 5848.
5631 5633 5868 5867.
5634 5632 5848 5849.
5633 5635 5869 5868.
5636 5634 5849 5850.
5635 5637 5870 5869.
5638 5636 5850 5851.
5637 5639 5871 5870.
5640 5638 5851 5852.
5639 5641 5872 5871.
5642 5640 5852 5853.
5641 5643 5873 5872.
5644 5642 5853 5854.
5643 5645 5874 5873.
5646 5644 5854 5855.
5645 5647 5875 5874.
5648 5646 5855 5856.
5647 5649 5876 5875.
5650 5648 5856 5857.
5649 5651 5877 5876.
5652 5650 5857 5858.
5651 5653 5878 5877.
5654 5652 5858 5859.
5653 5655 5879 5878.
5656 5654 5859 5860.
5655 5657 5880 5879.
5658 5656 5860 5861.
5657 5659 5881 5880.
5660 5658 5861 5862.
5659 5661 5882 5881.
5662 5660 5862 5863.
5661 5663 5883 5882.
5624 5662 5863 5845.
5663 5627 5865 5883.
5665 5664 5865 5864.
5667 5666 5884 5885.
5668 5665 5864 5866.
5666 5669 5886 5884.
5670 5668 5866 5867.
5669 5671 5887 5886.
5672 5670 5867 5868.
5671 5673 5888 5887.
5674 5672 5868 5869.
5673 5675 5889 5888.
5676 5674 5869 5870.
5675 5677 5890 5889.
5678 5676 5870 5871.
5677 5679 5891 5890.
5680 5678 5871 5872.
5679 5681 5892 5891.
5682 5680 5872 5873.
5681 5683 5893 5892.
5684 5682 5873 5874.
5683 5685 5894 5893.
5686 5684 5874 5875.
5685 5687 5895 5894.
5688 5686 5875 5876.
5687 5689 5896 5895.
5690 5688 5876 5877.
5689 5691 5897 5896.
5692 5690 5877 5878.
5691 5693 5898 5897.
5694 5692 5878 5879.
5693 5695 5899 5898.
5696 5694 5879 5880.
5695 5697 5900 5899.
5698 5696 5880 5881.
5697 5699 5901 5900.
5700 5698 5881 5882.
5699 5701 5902 5901.
5702 5700 5882 5883.
5701 5703 5903 5902.
5664 5702 5883 5865.
5703 5667 5885 5903.
5705 5704 5885 5884.
5707 5706 5904 5905.
5708 5705 5884 5886.
5706 5709 5906 5904.
5710 5708 5886 5887.
5709 5711 5907 5906.
5712 5710 5887 5888.
5711 5713 5908 5907.
5714 5712 5888 5889.
5713 5715 5909 5908.
5716 5714 5889 5890.
5715 5717 5910 5909.
5718 5716 5890 5891.
5717 5719 5911 5910.
5720 5718 5891 5892.
5719 5721 5912 5911.
5722 5720 5892 5893.
5721 5723 5913 5912.
5724 5722 5893 5894.
5723 5725 5914 5913.
5726 5724 5894 5895.
5725 5727 5915 5914.
5728 5726 5895 5896.
5727 5729 5916 5915.
5730 5728 5896 5897.
5729 5731 5917 5916.
5732 5730 5897 5898.
5731 5733 5918 5917.
5734 5732 5898 5899.
5733 5735 5919 5918.
5736 5734 5899 5900.
5735 5737 5920 5919.
5738 5736 5900 5901.
5737 5739 5921 5920.
5740 5738 5901 5902.
5739 5741 5922 5921.
5742 5740 5902 5903.
5741 5743 5923 5922.
5704 5742 5903 5885.
5743 5707 5905 5923.
5745 5744 5905 5904.
5747 5746 5924 5925.
5748 5745 5904 5906.
5746 5749 5926 5924.
5750 5748 5906 5907.
5749 5751 5927 5926.
5752 5750 5907 5908.
5751 5753 5928 5927.
5754 5752 5908 5909.
5753 5755 5929 5928.
5756 5754 5909 5910.
5755 5757 5930 5929.
5758 5756 5910 5911.
5757 5759 5931 5930.
5760 5758 5911 5912.
5759 5761 5932 5931.
5762 5760 5912 5913.
5761 5763 5933 5932.
5764 5762 5913 5914.
5763 5765 5934 5933.
5766 5764 5914 5915.
5765 5767 5935 5934.
5768 5766 5915 5916.
5767 5769 5936 5935.
5770 5768 5916 5917.
5769 5771 5937 5936.
5772 5770 5917 5918.
5771 5773 5938 5937.
5774 5772 5918 5919.
5773 5775 5939 5938.
5776 5774 5919 5920.
5775 5777 5940 5939.
5778 5776 5920 5921.
5777 5779 5941 5940.
5780 5778 5921 5922.
5779 5781 5942 5941.
5782 5780 5922 5923.
5781 5783 5943 5942.
5744 5782 5923 5905.
5783 5747 5925 5943.
5785 5784 5925 5924.
5788 5785 5924 5926.
5790 5788 5926 5927.
5792 5790 5927 5928.
5794 5792 5928 5929.
5796 5794 5929 5930.
5798 5796 5930 5931.
5800 5798 5931 5932.
5802 5800 5932 5933.
5804 5802 5933 5934.
5806 5804 5934 5935.
5808 5806 5935 5936.
5810 5808 5936 5937.
5812 5810 5937 5938.
5814 5812 5938 5939.
5816 5814 5939 5940.
5818 5816 5940 5941.
5820 5818 5941 5942.
5822 5820 5942 5943.
5784 5822 5943 5925.
5944 5945 5946 5947.
5945 5948 5949 5946.
5948 5950 5951 5949.
5950 5952 5953 5951.
5952 5954 5955 5953.
5954 5956 5957 5955.
5956 5958 5959 5957.
5958 5960 5961 5959.
5960 5962 5963 5961.
5962 5944 5947 5963.
5964 5965 5966 5967.
5965 5968 5969 5966.
5968 5970 5971 5969.
5970 5972 5973 5971.
5972 5974 5975 5973.
5974 5976 5977 5975.
5976 5978 5979 5977.
5978 5980 5981 5979.
5980 5982 5983 5981.
5982 5964 5967 5983.
5984 5965 5964 5985.
5986 5968 5965 5984.
5987 5970 5968 5986.
5988 5972 5970 5987.
5989 5974 5972 5988.
5990 5976 5974 5989.
5991 5978 5976 5990.
5992 5980 5978 5991.
5993 5982 5980 5992.
5985 5964 5982 5993.
5945 5944 5994 5995.
5948 5945 5995 5996.
5950 5948 5996 5997.
5952 5950 5997 5998.
5954 5952 5998 5999.
5956 5954 5999 6000.
5958 5956 6000 6001.
5960 5958 6001 6002.
5962 5960 6002 6003.
5944 5962 6003 5994.
5946 6004 6005 5947.
5949 6006 6004 5946.
5951 6007 6006 5949.
5953 6008 6007 5951.
5955 6009 6008 5953.
5957 6010 6009 5955.
5959 6011 6010 5957.
5961 6012 6011 5959.
5963 6013 6012 5961.
5947 6005 6013 5963.
6004 6014 6015 6005.
6006 6016 6014 6004.
6007 6017 6016 6006.
6008 6018 6017 6007.
6009 6019 6018 6008.
6010 6020 6019 6009.
6011 6021 6020 6010.
6012 6022 6021 6011.
6013 6023 6022 6012.
6005 6015 6023 6013.
6014 5984 5985 6015.
6016 5986 5984 6014.
6017 5987 5986 6016.
6018 5988 5987 6017.
6019 5989 5988 6018.
6020 5990 5989 6019.
6021 5991 5990 6020.
6022 5992 5991 6021.
6023 5993 5992 6022.
6015 5985 5993 6023.
6024 6025 6026 6027.
6025 6028 6029 6026.
6030 6031 6026 6029.
6031 6032 6027 6026.
6028 6033 6034 6029.
6033 6035 6036 6034.
6037 6038 6034 6036.
6038 6030 6029 6034.
6039 6040 6041 6042.
6040 6043 6044 6041.
6045 6046 6041 6044.
6046 6047 6042 6041.
6048 6049 6050 6051.
6049 6052 6053 6050.
6054 6055 6050 6053.
6055 6056 6051 6050.
6024 6057 6058 6025.
6057 6059 6060 6058.
6035 6033 6058 6060.
6033 6028 6025 6058.
6043 6061 6062 6063.
6061 6064 6065 6062.
6052 6049 6062 6065.
6049 6048 6063 6062.
6039 6066 6067 6068.
6066 6035 6069 6067.
6070 6071 6067 6069.
6071 6072 6068 6067.
6035 6060 6073 6069.
6060 6059 6074 6073.
6075 6076 6073 6074.
6076 6070 6069 6073.
6043 6040 6077 6078.
6040 6039 6068 6077.
6072 6079 6077 6068.
6079 6080 6078 6077.
6043 6063 6081 6044.
6063 6048 6051 6081.
6056 6082 6081 6051.
6082 6045 6044 6081.
6035 6066 6083 6036.
6066 6039 6042 6083.
6047 6084 6083 6042.
6084 6037 6036 6083.
6064 6061 6085 6086.
6061 6043 6078 6085.
6080 6087 6085 6078.
6087 6088 6086 6085.
6024 6027 6089 6090.
6027 6032 6091 6089.
6092 6093 6089 6091.
6093 6094 6090 6089.
6094 6093 6095 6096.
6093 6092 6097 6095.
6098 6099 6095 6097.
6099 6100 6096 6095.
6101 6102 6103 6104.
6102 6105 6106 6103.
6107 6108 6103 6106.
6108 6109 6104 6103.
6110 6111 6112 6113.
6111 6114 6115 6112.
6054 6053 6112 6115.
6053 6052 6113 6112.
6024 6090 6116 6057.
6090 6094 6096 6116.
6100 6117 6116 6096.
6117 6059 6057 6116.
6109 6118 6119 6120.
6118 6110 6113 6119.
6052 6065 6119 6113.
6065 6064 6120 6119.
6101 6121 6122 6123.
6121 6124 6125 6122.
6126 6122 6125 6127.
6126 6100 6123 6122.
6100 6126 6128 6117.
6126 6127 6129 6128.
6074 6128 6129 6075.
6074 6059 6117 6128.
6109 6130 6131 6104.
6130 6132 6133 6131.
6121 6131 6133 6124.
6121 6101 6104 6131.
6109 6108 6134 6118.
6108 6107 6135 6134.
6114 6111 6134 6135.
6111 6110 6118 6134.
6100 6099 6136 6123.
6099 6098 6137 6136.
6105 6102 6136 6137.
6102 6101 6123 6136.
6064 6086 6138 6120.
6086 6088 6139 6138.
6130 6138 6139 6132.
6130 6109 6120 6138.
6140 6141 6142 6143.
6141 6144 6145 6142.
6146 6147 6142 6145.
6147 6148 6143 6142.
6149 6150 6151 6152.
6150 6140 6143 6151.
6148 6153 6151 6143.
6153 6154 6152 6151.
6148 6147 6071 6070.
6147 6146 6072 6071.
6154 6153 6076 6075.
6153 6148 6070 6076.
6146 6145 6079 6072.
6145 6144 6080 6079.
6140 6150 6155 6141.
6150 6149 6156 6155.
6157 6158 6155 6156.
6158 6144 6141 6155.
6144 6158 6087 6080.
6158 6157 6088 6087.
6159 6160 6161 6162.
6160 6163 6164 6161.
6165 6166 6161 6164.
6166 6167 6162 6161.
6159 6168 6169 6160.
6168 6149 6152 6169.
6154 6170 6169 6152.
6170 6163 6160 6169.
6165 6164 6125 6124.
6164 6163 6127 6125.
6163 6170 6129 6127.
6170 6154 6075 6129.
6167 6166 6133 6132.
6166 6165 6124 6133.
6149 6168 6171 6156.
6168 6159 6162 6171.
6167 6172 6171 6162.
6172 6157 6156 6171.
6157 6172 6139 6088.
6172 6167 6132 6139.
6030 6173 6174 6031.
6175 6032 6031 6174.
6037 6176 6177 6038.
6173 6030 6038 6177.
6045 6178 6179 6046.
6180 6047 6046 6179.
6054 6181 6182 6055.
6183 6056 6055 6182.
6056 6183 6184 6082.
6178 6045 6082 6184.
6047 6180 6185 6084.
6176 6037 6084 6185.
6032 6175 6186 6091.
6187 6092 6091 6186.
6092 6187 6188 6097.
6189 6098 6097 6188.
6105 6190 6191 6106.
6192 6107 6106 6191.
6114 6193 6194 6115.
6181 6054 6115 6194.
6107 6192 6195 6135.
6193 6114 6135 6195.
6098 6189 6196 6137.
6190 6105 6137 6196.
6174 6173 6197 6198.
6173 6177 6199 6197.
6177 6176 6200 6199.
6176 6185 6201 6200.
6185 6180 6202 6201.
6180 6179 6203 6202.
6179 6178 6204 6203.
6178 6184 6205 6204.
6184 6183 6206 6205.
6183 6182 6207 6206.
6182 6181 6208 6207.
6181 6194 6209 6208.
6194 6193 6210 6209.
6193 6195 6211 6210.
6195 6192 6212 6211.
6192 6191 6213 6212.
6191 6190 6214 6213.
6190 6196 6215 6214.
6196 6189 6216 6215.
6189 6188 6217 6216.
6188 6187 6218 6217.
6187 6186 6219 6218.
6186 6175 6220 6219.
6175 6174 6198 6220.
6221 6222 6223 6224.
6222 6225 6226 6223.
6227 6228 6223 6226.
6228 6229 6230 6223.
6231 6232 6223 6230.
6232 6233 6234 6223.
6235 6236 6223 6234.
6236 6237 6238 6223.
6239 6240 6223 6238.
6240 6241 6242 6223.
6243 6244 6223 6242.
6244 6245 6246 6223.
6247 6248 6223 6246.
6248 6249 6250 6223.
6251 6252 6223 6250.
6252 6253 6254 6223.
6255 6256 6223 6254.
6256 6257 6224 6223.
6257 6256 6258 6259.
6256 6255 6260 6258.
6261 6262 6258 6260.
6262 6263 6259 6258.
6255 6254 6264 6260.
6254 6253 6265 6264.
6266 6267 6264 6265.
6267 6261 6260 6264.
6253 6252 6268 6265.
6252 6251 6269 6268.
6270 6271 6268 6269.
6271 6266 6265 6268.
6251 6250 6272 6269.
6250 6249 6273 6272.
6274 6275 6272 6273.
6275 6270 6269 6272.
6249 6248 6276 6273.
6248 6247 6277 6276.
6278 6279 6276 6277.
6279 6274 6273 6276.
6247 6246 6280 6277.
6246 6245 6281 6280.
6282 6283 6280 6281.
6283 6278 6277 6280.
6245 6244 6284 6281.
6244 6243 6285 6284.
6286 6287 6284 6285.
6287 6282 6281 6284.
6243 6242 6288 6285.
6242 6241 6289 6288.
6290 6291 6288 6289.
6291 6286 6285 6288.
6241 6240 6292 6289.
6240 6239 6293 6292.
6294 6295 6292 6293.
6295 6290 6289 6292.
6239 6238 6296 6293.
6238 6237 6297 6296.
6298 6299 6296 6297.
6299 6294 6293 6296.
6237 6236 6300 6297.
6236 6235 6301 6300.
6302 6303 6300 6301.
6303 6298 6297 6300.
6235 6234 6304 6301.
6234 6233 6305 6304.
6306 6307 6304 6305.
6307 6302 6301 6304.
6233 6232 6308 6305.
6232 6231 6309 6308.
6310 6311 6308 6309.
6311 6306 6305 6308.
6231 6230 6312 6309.
6230 6229 6313 6312.
6314 6315 6312 6313.
6315 6310 6309 6312.
6229 6228 6316 6313.
6228 6227 6317 6316.
6318 6319 6316 6317.
6319 6314 6313 6316.
6227 6226 6320 6317.
6226 6225 6321 6320.
6322 6323 6320 6321.
6323 6318 6317 6320.
6225 6222 6324 6321.
6222 6221 6325 6324.
6326 6327 6324 6325.
6327 6322 6321 6324.
6221 6224 6328 6325.
6224 6257 6259 6328.
6263 6329 6328 6259.
6329 6326 6325 6328.
6263 6262 6330 6331.
6262 6261 6332 6330.
6333 6334 6330 6332.
6334 6335 6331 6330.
6261 6267 6336 6332.
6267 6266 6337 6336.
6338 6339 6336 6337.
6339 6333 6332 6336.
6266 6271 6340 6337.
6271 6270 6341 6340.
6342 6343 6340 6341.
6343 6338 6337 6340.
6270 6275 6344 6341.
6275 6274 6345 6344.
6346 6347 6344 6345.
6347 6342 6341 6344.
6274 6279 6348 6345.
6279 6278 6349 6348.
6350 6351 6348 6349.
6351 6346 6345 6348.
6278 6283 6352 6349.
6283 6282 6353 6352.
6354 6355 6352 6353.
6355 6350 6349 6352.
6282 6287 6356 6353.
6287 6286 6357 6356.
6358 6359 6356 6357.
6359 6354 6353 6356.
6286 6291 6360 6357.
6291 6290 6361 6360.
6362 6363 6360 6361.
6363 6358 6357 6360.
6290 6295 6364 6361.
6295 6294 6365 6364.
6366 6367 6364 6365.
6367 6362 6361 6364.
6294 6299 6368 6365.
6299 6298 6369 6368.
6370 6371 6368 6369.
6371 6366 6365 6368.
6298 6303 6372 6369.
6303 6302 6373 6372.
6374 6375 6372 6373.
6375 6370 6369 6372.
6302 6307 6376 6373.
6307 6306 6377 6376.
6378 6379 6376 6377.
6379 6374 6373 6376.
6306 6311 6380 6377.
6311 6310 6381 6380.
6382 6383 6380 6381.
6383 6378 6377 6380.
6310 6315 6384 6381.
6315 6314 6385 6384.
6386 6387 6384 6385.
6387 6382 6381 6384.
6314 6319 6388 6385.
6319 6318 6389 6388.
6390 6391 6388 6389.
6391 6386 6385 6388.
6318 6323 6392 6389.
6323 6322 6393 6392.
6394 6395 6392 6393.
6395 6390 6389 6392.
6322 6327 6396 6393.
6327 6326 6397 6396.
6398 6399 6396 6397.
6399 6394 6393 6396.
6326 6329 6400 6397.
6329 6263 6331 6400.
6335 6401 6400 6331.
6401 6398 6397 6400.
6335 6334 6402 6403.
6334 6333 6404 6402.
6405 6406 6402 6404.
6406 6407 6403 6402.
6333 6339 6408 6404.
6339 6338 6409 6408.
6410 6411 6408 6409.
6411 6405 6404 6408.
6338 6343 6412 6409.
6343 6342 6413 6412.
6414 6415 6412 6413.
6415 6410 6409 6412.
6342 6347 6416 6413.
6347 6346 6417 6416.
6418 6419 6416 6417.
6419 6414 6413 6416.
6346 6351 6420 6417.
6351 6350 6421 6420.
6422 6423 6420 6421.
6423 6418 6417 6420.
6350 6355 6424 6421.
6355 6354 6425 6424.
6426 6427 6424 6425.
6427 6422 6421 6424.
6354 6359 6428 6425.
6359 6358 6429 6428.
6430 6431 6428 6429.
6431 6426 6425 6428.
6358 6363 6432 6429.
6363 6362 6433 6432.
6434 6435 6432 6433.
6435 6430 6429 6432.
6362 6367 6436 6433.
6367 6366 6437 6436.
6438 6439 6436 6437.
6439 6434 6433 6436.
6366 6371 6440 6437.
6371 6370 6441 6440.
6442 6443 6440 6441.
6443 6438 6437 6440.
6370 6375 6444 6441.
6375 6374 6445 6444.
6446 6447 6444 6445.
6447 6442 6441 6444.
6374 6379 6448 6445.
6379 6378 6449 6448.
6450 6451 6448 6449.
6451 6446 6445 6448.
6378 6383 6452 6449.
6383 6382 6453 6452.
6454 6455 6452 6453.
6455 6450 6449 6452.
6382 6387 6456 6453.
6387 6386 6457 6456.
6458 6459 6456 6457.
6459 6454 6453 6456.
6386 6391 6460 6457.
6391 6390 6461 6460.
6462 6463 6460 6461.
6463 6458 6457 6460.
6390 6395 6464 6461.
6395 6394 6465 6464.
6466 6467 6464 6465.
6467 6462 6461 6464.
6394 6399 6468 6465.
6399 6398 6469 6468.
6470 6471 6468 6469.
6471 6466 6465 6468.
6398 6401 6472 6469.
6401 6335 6403 6472.
6407 6473 6472 6403.
6473 6470 6469 6472.
6407 6406 6474 6475.
6406 6405 6476 6474.
6477 6478 6474 6476.
6478 6479 6475 6474.
6405 6411 6480 6476.
6411 6410 6481 6480.
6482 6483 6480 6481.
6483 6477 6476 6480.
6410 6415 6484 6481.
6415 6414 6485 6484.
6486 6487 6484 6485.
6487 6482 6481 6484.
6414 6419 6488 6485.
6419 6418 6489 6488.
6490 6491 6488 6489.
6491 6486 6485 6488.
6418 6423 6492 6489.
6423 6422 6493 6492.
6494 6495 6492 6493.
6495 6490 6489 6492.
6422 6427 6496 6493.
6427 6426 6497 6496.
6498 6499 6496 6497.
6499 6494 6493 6496.
6426 6431 6500 6497.
6431 6430 6501 6500.
6502 6503 6500 6501.
6503 6498 6497 6500.
6430 6435 6504 6501.
6435 6434 6505 6504.
6506 6507 6504 6505.
6507 6502 6501 6504.
6434 6439 6508 6505.
6439 6438 6509 6508.
6510 6511 6508 6509.
6511 6506 6505 6508.
6438 6443 6512 6509.
6443 6442 6513 6512.
6514 6515 6512 6513.
6515 6510 6509 6512.
6442 6447 6516 6513.
6447 6446 6517 6516.
6518 6519 6516 6517.
6519 6514 6513 6516.
6446 6451 6520 6517.
6451 6450 6521 6520.
6522 6523 6520 6521.
6523 6518 6517 6520.
6450 6455 6524 6521.
6455 6454 6525 6524.
6526 6527 6524 6525.
6527 6522 6521 6524.
6454 6459 6528 6525.
6459 6458 6529 6528.
6530 6531 6528 6529.
6531 6526 6525 6528.
6458 6463 6532 6529.
6463 6462 6533 6532.
6534 6535 6532 6533.
6535 6530 6529 6532.
6462 6467 6536 6533.
6467 6466 6537 6536.
6538 6539 6536 6537.
6539 6534 6533 6536.
6466 6471 6540 6537.
6471 6470 6541 6540.
6542 6543 6540 6541.
6543 6538 6537 6540.
6470 6473 6544 6541.
6473 6407 6475 6544.
6479 6545 6544 6475.
6545 6542 6541 6544.
6479 6478 6546 6547.
6478 6477 6548 6546.
6549 6550 6546 6548.
6550 6551 6547 6546.
6477 6483 6552 6548.
6483 6482 6553 6552.
6554 6555 6552 6553.
6555 6549 6548 6552.
6482 6487 6556 6553.
6487 6486 6557 6556.
6558 6559 6556 6557.
6559 6554 6553 6556.
6486 6491 6560 6557.
6491 6490 6561 6560.
6562 6563 6560 6561.
6563 6558 6557 6560.
6490 6495 6564 6561.
6495 6494 6565 6564.
6566 6567 6564 6565.
6567 6562 6561 6564.
6494 6499 6568 6565.
6499 6498 6569 6568.
6570 6571 6568 6569.
6571 6566 6565 6568.
6498 6503 6572 6569.
6503 6502 6573 6572.
6574 6575 6572 6573.
6575 6570 6569 6572.
6502 6507 6576 6573.
6507 6506 6577 6576.
6578 6579 6576 6577.
6579 6574 6573 6576.
6506 6511 6580 6577.
6511 6510 6581 6580.
6582 6583 6580 6581.
6583 6578 6577 6580.
6510 6515 6584 6581.
6515 6514 6585 6584.
6586 6587 6584 6585.
6587 6582 6581 6584.
6514 6519 6588 6585.
6519 6518 6589 6588.
6590 6591 6588 6589.
6591 6586 6585 6588.
6518 6523 6592 6589.
6523 6522 6593 6592.
6594 6595 6592 6593.
6595 6590 6589 6592.
6522 6527 6596 6593.
6527 6526 6597 6596.
6598 6599 6596 6597.
6599 6594 6593 6596.
6526 6531 6600 6597.
6531 6530 6601 6600.
6602 6603 6600 6601.
6603 6598 6597 6600.
6530 6535 6604 6601.
6535 6534 6605 6604.
6606 6607 6604 6605.
6607 6602 6601 6604.
6534 6539 6608 6605.
6539 6538 6609 6608.
6610 6611 6608 6609.
6611 6606 6605 6608.
6538 6543 6612 6609.
6543 6542 6613 6612.
6614 6615 6612 6613.
6615 6610 6609 6612.
6542 6545 6616 6613.
6545 6479 6547 6616.
6551 6617 6616 6547.
6617 6614 6613 6616.
6614 6617 6618 6615.
6617 6551 6550 6618.
6549 6555 6618 6550.
6555 6554 6559 6618.
6558 6563 6618 6559.
6563 6562 6567 6618.
6566 6571 6618 6567.
6571 6570 6575 6618.
6574 6579 6618 6575.
6579 6578 6583 6618.
6582 6587 6618 6583.
6587 6586 6591 6618.
6590 6595 6618 6591.
6595 6594 6599 6618.
6598 6603 6618 6599.
6603 6602 6607 6618.
6606 6611 6618 6607.
6611 6610 6615 6618.
6619 6620 6621 6622.
6622 6621 6623 6624.
6624 6623 6625 6626.
6626 6625 6620 6619.
6627 6628 6629 6630.
6630 6629 6631 6632.
6632 6631 6633 6634.
6634 6633 6628 6627.
6635 6636 6637 6638.
6638 6637 6639 6640.
6640 6639 6641 6642.
6642 6641 6636 6635.
6643 6644 6645 6646.
6646 6645 6647 6648.
6648 6647 6649 6650.
6650 6649 6644 6643.
6651 6652 6653 6654.
6654 6653 6655 6656.
6656 6655 6657 6658.
6658 6657 6652 6651.
6652 6659 6660 6653.
6653 6660 6661 6655.
6655 6661 6662 6657.
6657 6662 6659 6652.
6663 6664 6665 6666.
6666 6665 6667 6668.
6668 6667 6669 6670.
6670 6669 6664 6663.
6620 6671 6672 6621.
6621 6672 6673 6623.
6623 6673 6674 6625.
6625 6674 6671 6620.
6671 6675 6676 6672.
6672 6676 6677 6673.
6673 6677 6678 6674.
6674 6678 6675 6671.
6679 6680 6681 6682.
6682 6681 6683 6684.
6684 6683 6685 6686.
6686 6685 6680 6679.
6687 6635 6638 6688.
6628 6687 6688 6629.
6630 6676 6675 6627.
6688 6638 6640 6689.
6629 6688 6689 6631.
6632 6677 6676 6630.
6689 6640 6642 6690.
6631 6689 6690 6633.
6634 6678 6677 6632.
6690 6642 6635 6687.
6633 6690 6687 6628.
6627 6675 6678 6634.
6680 6643 6646 6681.
6681 6646 6648 6683.
6683 6648 6650 6685.
6685 6650 6643 6680.
6636 6679 6682 6637.
6637 6682 6684 6639.
6639 6684 6686 6641.
6641 6686 6679 6636.
6644 6691 6692 6645.
6645 6692 6693 6647.
6647 6693 6694 6649.
6649 6694 6691 6644.
6691 6651 6654 6692.
6692 6654 6656 6693.
6693 6656 6658 6694.
6694 6658 6651 6691.
6659 6695 6696 6660.
6660 6696 6697 6661.
6661 6697 6698 6662.
6662 6698 6695 6659.
6663 6666 6699 6700.
6666 6668 6701 6699.
6668 6670 6702 6701.
6670 6663 6700 6702.
6696 6695 6700 6699.
6697 6696 6699 6701.
6698 6697 6701 6702.
6695 6698 6702 6700.
6703 6704 6705 6706.
6707 6703 6706 6708.
6709 6707 6708 6710.
6711 6709 6710 6712.
6713 6711 6712 6714.
6715 6713 6714 6716.
6717 6715 6716 6718.
6719 6717 6718 6720.
6721 6719 6720 6722.
6704 6721 6722 6705.
6723 6724 6725 6726.
6727 6723 6726 6728.
6729 6727 6728 6730.
6731 6729 6730 6732.
6733 6731 6732 6734.
6735 6733 6734 6736.
6737 6735 6736 6738.
6739 6737 6738 6740.
6741 6739 6740 6742.
6724 6741 6742 6725.
6743 6744 6745 6746.
6747 6743 6746 6748.
6749 6747 6748 6750.
6751 6749 6750 6752.
6753 6751 6752 6754.
6755 6753 6754 6756.
6757 6755 6756 6758.
6759 6757 6758 6760.
6761 6759 6760 6762.
6744 6761 6762 6745.
6763 6764 6765 6766.
6767 6763 6766 6768.
6769 6767 6768 6770.
6771 6769 6770 6772.
6773 6771 6772 6774.
6775 6773 6774 6776.
6777 6775 6776 6778.
6779 6777 6778 6780.
6781 6779 6780 6782.
6764 6781 6782 6765.
6766 6765 6783 6784.
6768 6766 6784 6785.
6770 6768 6785 6786.
6772 6770 6786 6787.
6774 6772 6787 6788.
6776 6774 6788 6789.
6778 6776 6789 6790.
6780 6778 6790 6791.
6782 6780 6791 6792.
6765 6782 6792 6783.
6793 6794 6795 6796.
6794 6797 6798 6795.
6797 6799 6800 6798.
6799 6801 6802 6800.
6801 6803 6804 6802.
6803 6805 6806 6804.
6805 6807 6808 6806.
6807 6809 6810 6808.
6809 6811 6812 6810.
6811 6793 6796 6812.
6796 6795 6813 6814.
6795 6798 6815 6813.
6798 6800 6816 6815.
6800 6802 6817 6816.
6802 6804 6818 6817.
6804 6806 6819 6818.
6806 6808 6820 6819.
6808 6810 6821 6820.
6810 6812 6822 6821.
6812 6796 6814 6822.
6823 6814 6813 6815.
6821 6822 6814 6823.
6824 6823 6815 6816.
6820 6821 6823 6824.
6816 6817 6818 6824.
6824 6818 6819 6820.
6825 6826 6744 6743.
6827 6825 6743 6747.
6828 6827 6747 6749.
6829 6828 6749 6751.
6830 6829 6751 6753.
6831 6830 6753 6755.
6832 6831 6755 6757.
6833 6832 6757 6759.
6834 6833 6759 6761.
6826 6834 6761 6744.
6746 6745 6764 6763.
6748 6746 6763 6767.
6750 6748 6767 6769.
6752 6750 6769 6771.
6754 6752 6771 6773.
6756 6754 6773 6775.
6758 6756 6775 6777.
6760 6758 6777 6779.
6762 6760 6779 6781.
6745 6762 6781 6764.
6794 6793 6704 6703.
6797 6794 6703 6707.
6799 6797 6707 6709.
6801 6799 6709 6711.
6803 6801 6711 6713.
6805 6803 6713 6715.
6807 6805 6715 6717.
6809 6807 6717 6719.
6811 6809 6719 6721.
6793 6811 6721 6704.
6725 6835 6836 6726.
6726 6836 6837 6728.
6728 6837 6838 6730.
6730 6838 6839 6732.
6732 6839 6840 6734.
6734 6840 6841 6736.
6736 6841 6842 6738.
6738 6842 6843 6740.
6740 6843 6844 6742.
6742 6844 6835 6725.
6835 6826 6825 6836.
6836 6825 6827 6837.
6837 6827 6828 6838.
6838 6828 6829 6839.
6839 6829 6830 6840.
6840 6830 6831 6841.
6841 6831 6832 6842.
6842 6832 6833 6843.
6843 6833 6834 6844.
6844 6834 6826 6835.
6705 6845 6846 6706.
6706 6846 6847 6708.
6708 6847 6848 6710.
6710 6848 6849 6712.
6712 6849 6850 6714.
6714 6850 6851 6716.
6716 6851 6852 6718.
6718 6852 6853 6720.
6720 6853 6854 6722.
6722 6854 6845 6705.
6724 6723 6855 6856.
6723 6727 6857 6855.
6727 6729 6858 6857.
6729 6731 6859 6858.
6731 6733 6860 6859.
6733 6735 6861 6860.
6735 6737 6862 6861.
6737 6739 6863 6862.
6739 6741 6864 6863.
6741 6724 6856 6864.
6846 6845 6856 6855.
6847 6846 6855 6857.
6848 6847 6857 6858.
6849 6848 6858 6859.
6850 6849 6859 6860.
6851 6850 6860 6861.
6852 6851 6861 6862.
6853 6852 6862 6863.
6854 6853 6863 6864.
6845 6854 6864 6856.
6865 6866 6867 6868.
6868 6867 6869 6870.
6871 6872 6866 6865.
6873 6874 6875 6876.
6877 6878 6879 6880.
6876 6875 6881 6882.
6883 6884 6874 6873.
6885 6886 6887 6888.
6889 6890 6886 6885.
6888 6887 6891 6892.
6878 6877 6893 6894.
6894 6893 6882 6881.
6895 6896 6880 6879.
6870 6869 6890 6889.
6874 6897 6898 6875.
6876 6899 6900 6873.
6878 6901 6902 6879.
6880 6903 6904 6877.
6875 6898 6905 6881.
6882 6906 6899 6876.
6884 6907 6897 6874.
6873 6900 6908 6883.
6877 6904 6909 6893.
6894 6910 6901 6878.
6893 6909 6906 6882.
6881 6905 6910 6894.
6896 6911 6903 6880.
6879 6902 6912 6895.
6913 6914 6911 6896.
6915 6916 6914 6913.
6917 6913 6896 6895.
6918 6915 6913 6917.
6895 6912 6919 6917.
6917 6919 6920 6918.
6883 6908 6921 6922.
6922 6921 6923 6924.
6884 6883 6922 6925.
6925 6922 6924 6926.
6925 6927 6907 6884.
6926 6928 6927 6925.
6866 6929 6930 6867.
6868 6931 6932 6865.
6867 6930 6933 6869.
6870 6934 6931 6868.
6872 6935 6929 6866.
6865 6932 6936 6871.
6886 6937 6938 6887.
6888 6939 6940 6885.
6890 6941 6937 6886.
6885 6940 6942 6889.
6887 6938 6943 6891.
6892 6944 6939 6888.
6869 6933 6941 6890.
6889 6942 6934 6870.
6871 6936 6945 6946.
6946 6945 6947 6948.
6872 6871 6946 6949.
6949 6946 6948 6950.
6949 6951 6935 6872.
6950 6952 6951 6949.
6891 6943 6953 6954.
6954 6953 6955 6956.
6892 6891 6954 6957.
6957 6954 6956 6958.
6957 6959 6944 6892.
6958 6960 6959 6957.
6898 6897 6961 6962.
6900 6899 6963 6964.
6902 6901 6965 6966.
6904 6903 6967 6968.
6905 6898 6962 6969.
6899 6906 6970 6963.
6897 6907 6971 6961.
6908 6900 6964 6972.
6909 6904 6968 6973.
6901 6910 6974 6965.
6906 6909 6973 6970.
6910 6905 6969 6974.
6903 6911 6975 6967.
6912 6902 6966 6976.
6911 6914 6977 6975.
6916 6915 6978 6979.
6914 6916 6979 6977.
6915 6918 6980 6978.
6919 6912 6976 6981.
6920 6919 6981 6982.
6918 6920 6982 6980.
6921 6908 6972 6983.
6923 6921 6983 6984.
6924 6923 6984 6985.
6926 6924 6985 6986.
6907 6927 6987 6971.
6928 6926 6986 6988.
6927 6928 6988 6987.
6930 6929 6977 6979.
6932 6931 6984 6983.
6933 6930 6979 6978.
6931 6934 6985 6984.
6929 6935 6975 6977.
6936 6932 6983 6972.
6938 6937 6982 6981.
6940 6939 6987 6988.
6937 6941 6980 6982.
6942 6940 6988 6986.
6943 6938 6981 6976.
6939 6944 6971 6987.
6941 6933 6978 6980.
6934 6942 6986 6985.
6945 6936 6972 6964.
6947 6945 6964 6963.
6948 6947 6963 6970.
6950 6948 6970 6973.
6935 6951 6967 6975.
6952 6950 6973 6968.
6951 6952 6968 6967.
6953 6943 6976 6966.
6955 6953 6966 6965.
6956 6955 6965 6974.
6958 6956 6974 6969.
6944 6959 6961 6971.
6960 6958 6969 6962.
6959 6960 6962 6961.
6989 6990 6991 6992.
6993 6989 6992 6994.
6995 6993 6994 6996.
6997 6995 6996 6998.
6999 6997 6998 7000.
7001 6999 7000 7002.
7003 7001 7002 7004.
7005 7003 7004 7006.
6990 7007 7008 6991.
7007 7005 7006 7008.
6990 6989 7009 7010.
6989 6993 7011 7009.
6993 6995 7012 7011.
6995 6997 7013 7012.
6997 6999 7014 7013.
6999 7001 7015 7014.
7001 7003 7016 7015.
7003 7005 7017 7016.
7005 7007 7018 7017.
7007 6990 7010 7018.
7019 7020 7021 7022.
7020 7023 7024 7021.
7023 7025 7026 7024.
7025 7027 7028 7026.
7027 7029 7030 7028.
7029 7031 7032 7030.
7031 7033 7034 7032.
7033 7035 7036 7034.
7035 7037 7038 7036.
7037 7019 7022 7038.
6991 7023 7020 6992.
6992 7020 7019 6994.
6994 7019 7037 6996.
6996 7037 7035 6998.
6998 7035 7033 7000.
7000 7033 7031 7002.
7002 7031 7029 7004.
7004 7029 7027 7006.
7008 7025 7023 6991.
7006 7027 7025 7008.
7010 7009 7039 7040.
7009 7011 7041 7039.
7011 7012 7042 7041.
7012 7013 7043 7042.
7013 7014 7044 7043.
7014 7015 7045 7044.
7015 7016 7046 7045.
7016 7017 7047 7046.
7017 7018 7048 7047.
7018 7010 7040 7048.
7022 7021 7049 7050.
7021 7024 7051 7049.
7024 7026 7052 7051.
7026 7028 7053 7052.
7028 7030 7054 7053.
7030 7032 7055 7054.
7032 7034 7056 7055.
7034 7036 7057 7056.
7036 7038 7058 7057.
7038 7022 7050 7058.
7059 7040 7039 7041.
7047 7048 7040 7059.
7060 7059 7041 7042.
7046 7047 7059 7060.
7042 7043 7044 7060.
7060 7044 7045 7046.
7061 7050 7049 7051.
7057 7058 7050 7061.
7062 7061 7051 7052.
7056 7057 7061 7062.
7052 7053 7054 7062.
7062 7054 7055 7056.
7063 7064 7065 7066.
7067 7068 7064 7063.
7069 7070 7068 7067.
7071 7072 7070 7069.
7073 7074 7072 7071.
7075 7076 7074 7073.
7077 7078 7076 7075.
7079 7080 7078 7077.
7066 7065 7081 7082.
7082 7081 7080 7079.
7066 7083 7084 7063.
7063 7084 7085 7067.
7067 7085 7086 7069.
7069 7086 7087 7071.
7071 7087 7088 7073.
7073 7088 7089 7075.
7075 7089 7090 7077.
7077 7090 7091 7079.
7079 7091 7092 7082.
7082 7092 7083 7066.
7093 7094 7095 7096.
7096 7095 7097 7098.
7098 7097 7099 7100.
7100 7099 7101 7102.
7102 7101 7103 7104.
7104 7103 7105 7106.
7106 7105 7107 7108.
7108 7107 7109 7110.
7110 7109 7111 7112.
7112 7111 7094 7093.
7065 7064 7096 7098.
7064 7068 7093 7096.
7068 7070 7112 7093.
7070 7072 7110 7112.
7072 7074 7108 7110.
7074 7076 7106 7108.
7076 7078 7104 7106.
7078 7080 7102 7104.
7081 7065 7098 7100.
7080 7081 7100 7102.
7083 7113 7114 7084.
7084 7114 7115 7085.
7085 7115 7116 7086.
7086 7116 7117 7087.
7087 7117 7118 7088.
7088 7118 7119 7089.
7089 7119 7120 7090.
7090 7120 7121 7091.
7091 7121 7122 7092.
7092 7122 7113 7083.
7094 7123 7124 7095.
7095 7124 7125 7097.
7097 7125 7126 7099.
7099 7126 7127 7101.
7101 7127 7128 7103.
7103 7128 7129 7105.
7105 7129 7130 7107.
7107 7130 7131 7109.
7109 7131 7132 7111.
7111 7132 7123 7094.
7133 7115 7114 7113.
7121 7133 7113 7122.
7134 7116 7115 7133.
7120 7134 7133 7121.
7116 7134 7118 7117.
7134 7120 7119 7118.
7135 7125 7124 7123.
7131 7135 7123 7132.
7136 7126 7125 7135.
7130 7136 7135 7131.
7126 7136 7128 7127.
7136 7130 7129 7128.
7137 7138 7139 7140.
7141 7137 7140 7142.
7143 7141 7142 7144.
7145 7143 7144 7146.
7147 7145 7146 7148.
7149 7147 7148 7150.
7151 7149 7150 7152.
7153 7151 7152 7154.
7138 7155 7156 7139.
7155 7153 7154 7156.
7147 7149 7157 7158.
7149 7151 7159 7157.
7151 7153 7160 7159.
7153 7155 7161 7160.
7155 7138 7162 7161.
7138 7137 7163 7162.
7137 7141 7164 7163.
7141 7143 7165 7164.
7143 7145 7166 7165.
7145 7147 7158 7166.
7167 7168 7169 7170.
7168 7171 7172 7169.
7171 7173 7174 7172.
7173 7175 7176 7174.
7175 7177 7178 7176.
7177 7179 7180 7178.
7179 7181 7182 7180.
7181 7183 7184 7182.
7183 7185 7186 7184.
7185 7167 7170 7186.
7139 7187 7188 7140.
7140 7188 7189 7142.
7142 7189 7190 7144.
7144 7190 7191 7146.
7146 7191 7192 7148.
7148 7192 7193 7150.
7150 7193 7194 7152.
7152 7194 7195 7154.
7156 7196 7187 7139.
7154 7195 7196 7156.
7197 7185 7183 7198.
7198 7183 7181 7199.
7199 7181 7179 7200.
7200 7179 7177 7201.
7201 7177 7175 7202.
7202 7175 7173 7203.
7203 7173 7171 7204.
7204 7171 7168 7205.
7206 7167 7185 7197.
7205 7168 7167 7206.
7187 7197 7198 7188.
7188 7198 7199 7189.
7189 7199 7200 7190.
7190 7200 7201 7191.
7191 7201 7202 7192.
7192 7202 7203 7193.
7193 7203 7204 7194.
7194 7204 7205 7195.
7196 7206 7197 7187.
7195 7205 7206 7196.
7207 7208 7209 7210.
7210 7209 7211 7212.
7213 7214 7215 7216.
7217 7218 7219 7220.
7221 7222 7223 7224.
7225 7226 7227 7228.
7229 7230 7231 7232.
7233 7234 7235 7236.
7237 7238 7239 7240.
7240 7239 7241 7242.
7238 7237 7243 7244.
7245 7240 7242 7246.
7247 7245 7246 7248.
7249 7237 7240 7245.
7250 7249 7245 7247.
7237 7249 7251 7243.
7249 7250 7252 7251.
7253 7254 7255 7256.
7257 7258 7259 7260.
7258 7261 7262 7259.
7261 7253 7256 7262.
7263 7264 7265 7266.
7267 7268 7269 7270.
7271 7272 7273 7274.
7272 7275 7276 7273.
7268 7271 7274 7269.
7275 7257 7260 7276.
7264 7277 7278 7265.
7277 7279 7280 7278.
7281 7282 7283 7284.
7208 7285 7286 7209.
7210 7287 7288 7207.
7209 7286 7289 7211.
7213 7290 7291 7212.
7214 7292 7293 7215.
7217 7294 7295 7216.
7218 7296 7297 7219.
7298 7299 7300 7220.
7222 7301 7302 7223.
7225 7303 7304 7224.
7226 7305 7306 7227.
7233 7307 7308 7228.
7230 7309 7310 7231.
7232 7311 7312 7229.
7234 7313 7314 7235.
7229 7312 7315 7236.
7316 7317 7318 7319.
7281 7284 7320 7321.
7208 7207 7232 7231.
7285 7208 7231 7310.
7207 7288 7311 7232.
7235 7230 7229 7236.
7314 7309 7230 7235.
7322 7323 7307 7315.
7227 7234 7233 7228.
7306 7313 7234 7227.
7324 7325 7303 7308.
7223 7226 7225 7224.
7302 7305 7226 7223.
7326 7327 7328 7304.
7215 7218 7217 7216.
7293 7296 7218 7215.
7329 7330 7290 7295.
7211 7214 7213 7212.
7289 7292 7214 7211.
7331 7332 7287 7291.
7219 7333 7298 7220.
7297 7334 7333 7219.
7335 7336 7294 7300.
7337 7338 7339 7340.
7339 7341 7342 7340.
7341 7343 7344 7342.
7343 7345 7346 7344.
7347 7348 7349 7350.
7345 7350 7349 7346.
7338 7351 7352 7339.
7351 7353 7354 7352.
7352 7355 7341 7339.
7354 7356 7355 7352.
7355 7357 7343 7341.
7356 7358 7357 7355.
7357 7359 7345 7343.
7358 7360 7359 7357.
7359 7361 7350 7345.
7360 7362 7361 7359.
7363 7347 7350 7361.
7361 7362 7364 7363.
7320 7365 7366 7321.
7317 7283 7282 7318.
7287 7332 7367 7288.
7290 7330 7331 7291.
7294 7336 7329 7295.
7299 7368 7335 7300.
7303 7325 7326 7304.
7307 7323 7324 7308.
7311 7369 7370 7312.
7312 7370 7322 7315.
7288 7367 7369 7311.
7307 7233 7236 7315.
7303 7225 7228 7308.
7290 7213 7216 7295.
7287 7210 7212 7291.
7294 7217 7220 7300.
7328 7221 7224 7304.
7371 7372 7373 7374.
7372 7375 7376 7373.
7375 7377 7378 7376.
7377 7379 7380 7378.
7379 7381 7382 7380.
7381 7383 7384 7382.
7383 7385 7386 7384.
7385 7387 7388 7386.
7387 7389 7390 7388.
7389 7391 7392 7390.
7391 7393 7394 7392.
7393 7395 7396 7394.
7395 7397 7398 7396.
7397 7399 7400 7398.
7399 7401 7402 7400.
7401 7403 7404 7402.
7403 7405 7406 7404.
7405 7371 7374 7406.
7241 7407 7408 7409.
7244 7410 7411 7412.
7254 7409 7408 7413.
7255 7414 7415 7416.
7263 7413 7408 7407.
7266 7417 7415 7414.
7267 7418 7411 7410.
7270 7419 7420 7421.
7279 7412 7411 7418.
7280 7421 7420 7422.
7301 7416 7415 7423.
7316 7424 7425 7426.
7327 7427 7428 7429.
7334 7430 7420 7419.
7337 7423 7415 7417.
7353 7422 7420 7430.
7365 7431 7432 7433.
7368 7434 7435 7436.
7222 7221 7437 7438.
7239 7238 7439 7440.
7241 7239 7440 7407.
7242 7241 7409 7441.
7244 7243 7442 7410.
7238 7244 7412 7439.
7246 7242 7441 7443.
7248 7246 7443 7444.
7247 7248 7444 7445.
7250 7247 7445 7446.
7243 7251 7447 7442.
7252 7250 7446 7448.
7251 7252 7448 7447.
7254 7253 7441 7409.
7255 7254 7413 7414.
7256 7255 7416 7438.
7258 7257 7445 7444.
7260 7259 7449 7450.
7261 7258 7444 7443.
7259 7262 7431 7449.
7253 7261 7443 7441.
7262 7256 7438 7437.
7264 7263 7407 7440.
7266 7265 7451 7417.
7263 7266 7414 7413.
7268 7267 7410 7442.
7270 7269 7452 7419.
7267 7270 7421 7418.
7272 7271 7447 7448.
7274 7273 7453 7426.
7275 7272 7448 7446.
7273 7276 7454 7453.
7271 7268 7442 7447.
7269 7274 7455 7452.
7257 7275 7446 7445.
7276 7260 7450 7454.
7277 7264 7440 7439.
7265 7278 7456 7451.
7279 7277 7439 7412.
7280 7279 7418 7421.
7278 7280 7422 7456.
7282 7281 7457 7458.
7284 7283 7454 7450.
7286 7285 7459 7460.
7289 7286 7460 7461.
7293 7292 7462 7463.
7297 7296 7464 7465.
7299 7298 7424 7466.
7301 7222 7438 7416.
7302 7301 7423 7467.
7306 7305 7468 7469.
7310 7309 7470 7471.
7314 7313 7472 7473.
7317 7316 7426 7453.
7319 7318 7434 7466.
7316 7319 7466 7424.
7320 7284 7450 7449.
7281 7321 7474 7457.
7285 7310 7471 7459.
7309 7314 7473 7470.
7323 7322 7475 7476.
7313 7306 7469 7472.
7325 7324 7477 7478.
7305 7302 7467 7468.
7327 7326 7479 7427.
7328 7327 7429 7480.
7296 7293 7463 7464.
7330 7329 7481 7482.
7292 7289 7461 7462.
7332 7331 7483 7484.
7298 7333 7452 7455.
7334 7297 7465 7430.
7333 7334 7419 7452.
7336 7335 7485 7486.
7338 7337 7417 7451.
7337 7340 7467 7423.
7340 7342 7468 7467.
7342 7344 7469 7468.
7344 7346 7472 7469.
7348 7347 7471 7470.
7349 7348 7470 7473.
7346 7349 7473 7472.
7351 7338 7451 7456.
7353 7351 7456 7422.
7354 7353 7430 7465.
7356 7354 7465 7464.
7358 7356 7464 7463.
7360 7358 7463 7462.
7362 7360 7462 7461.
7347 7363 7459 7471.
7364 7362 7461 7460.
7363 7364 7460 7459.
7365 7320 7449 7431.
7366 7365 7433 7480.
7321 7366 7480 7429.
7283 7317 7453 7454.
7318 7282 7458 7487.
7367 7332 7484 7488.
7331 7330 7482 7483.
7329 7336 7486 7481.
7368 7299 7466 7434.
7335 7368 7436 7485.
7326 7325 7478 7479.
7324 7323 7476 7477.
7370 7369 7489 7490.
7322 7370 7490 7475.
7369 7367 7488 7489.
7221 7328 7480 7433.
7372 7371 7488 7484.
7375 7372 7484 7483.
7377 7375 7483 7482.
7379 7377 7482 7481.
7381 7379 7481 7486.
7383 7381 7486 7485.
7385 7383 7485 7436.
7387 7385 7487 7458.
7389 7387 7458 7457.
7391 7389 7457 7474.
7393 7391 7427 7479.
7395 7393 7479 7478.
7397 7395 7478 7477.
7399 7397 7477 7476.
7401 7399 7476 7475.
7403 7401 7475 7490.
7405 7403 7490 7489.
7371 7405 7489 7488.
7262 7437 7432 7431.
7274 7426 7425 7455.
7298 7455 7425 7424.
7321 7429 7428 7474.
7318 7487 7435 7434.
7221 7433 7432 7437.
7385 7436 7435 7487.
7391 7474 7428 7427.
7374 7373 7491 7492.
7373 7376 7493 7491.
7376 7378 7494 7493.
7378 7380 7495 7494.
7380 7382 7496 7495.
7382 7384 7497 7496.
7384 7386 7498 7497.
7386 7388 7499 7498.
7388 7390 7500 7499.
7390 7392 7501 7500.
7392 7394 7502 7501.
7394 7396 7503 7502.
7396 7398 7504 7503.
7398 7400 7505 7504.
7400 7402 7506 7505.
7402 7404 7507 7506.
7404 7406 7508 7507.
7406 7374 7492 7508.
7499 7509 7497 7498.
7510 7500 7501 7502.
7499 7500 7510 7509.
7509 7511 7496 7497.
7512 7510 7502 7503.
7509 7510 7512 7511.
7511 7513 7495 7496.
7514 7512 7503 7504.
7511 7512 7514 7513.
7513 7515 7494 7495.
7516 7514 7504 7505.
7513 7514 7516 7515.
7515 7517 7493 7494.
7517 7492 7491 7493.
7515 7516 7518 7517.
7517 7518 7508 7492.
7518 7516 7505 7506.
7506 7507 7508 7518.
7519 7520 7521 7522.
7522 7521 7523 7524.
7524 7523 7525 7526.
7526 7525 7527 7528.
7528 7527 7529 7530.
7530 7529 7531 7532.
7532 7531 7533 7534.
7534 7533 7535 7536.
7537 7538 7520 7519.
7536 7535 7538 7537.
7539 7540 7541 7542.
7540 7543 7544 7541.
7543 7545 7546 7544.
7545 7547 7548 7546.
7547 7549 7550 7548.
7549 7551 7552 7550.
7551 7553 7554 7552.
7553 7555 7556 7554.
7555 7557 7558 7556.
7557 7539 7542 7558.
7559 7560 7561 7562.
7560 7563 7564 7561.
7563 7565 7566 7564.
7565 7567 7568 7566.
7567 7569 7570 7568.
7569 7571 7572 7570.
7571 7573 7574 7572.
7573 7575 7576 7574.
7575 7577 7578 7576.
7577 7559 7562 7578.
7579 7542 7541 7544.
7556 7558 7542 7579.
7580 7579 7544 7546.
7554 7556 7579 7580.
7546 7548 7550 7580.
7580 7550 7552 7554.
7581 7562 7561 7564.
7576 7578 7562 7581.
7582 7581 7564 7566.
7574 7576 7581 7582.
7566 7568 7570 7582.
7582 7570 7572 7574.
7520 7563 7560 7521.
7522 7540 7539 7519.
7521 7560 7559 7523.
7524 7543 7540 7522.
7523 7559 7577 7525.
7526 7545 7543 7524.
7525 7577 7575 7527.
7528 7547 7545 7526.
7527 7575 7573 7529.
7530 7549 7547 7528.
7529 7573 7571 7531.
7532 7551 7549 7530.
7531 7571 7569 7533.
7534 7553 7551 7532.
7533 7569 7567 7535.
7536 7555 7553 7534.
7538 7565 7563 7520.
7519 7539 7557 7537.
7535 7567 7565 7538.
7537 7557 7555 7536.
7583 7584 7585 7586.
7587 7588 7589 7590.
7584 7591 7592 7585.
7588 7593 7594 7589.
7591 7595 7596 7592.
7593 7597 7598 7594.
7595 7599 7600 7596.
7597 7601 7602 7598.
7599 7603 7604 7600.
7601 7605 7606 7602.
7603 7607 7608 7604.
7605 7609 7610 7606.
7607 7611 7612 7608.
7609 7613 7614 7610.
7611 7615 7616 7612.
7613 7617 7618 7614.
7615 7619 7620 7616.
7617 7621 7622 7618.
7619 7623 7624 7620.
7621 7625 7626 7622.
7623 7627 7628 7624.
7625 7629 7630 7626.
7627 7631 7632 7628.
7629 7633 7634 7630.
7631 7635 7636 7632.
7633 7637 7638 7634.
7635 7639 7640 7636.
7637 7641 7642 7638.
7639 7643 7644 7640.
7641 7645 7646 7642.
7643 7647 7648 7644.
7645 7649 7650 7646.
7647 7651 7652 7648.
7649 7653 7654 7650.
7651 7655 7656 7652.
7653 7657 7658 7654.
7655 7659 7660 7656.
7657 7661 7662 7658.
7659 7663 7664 7660.
7661 7665 7666 7662.
7663 7667 7668 7664.
7665 7669 7670 7666.
7667 7671 7672 7668.
7669 7673 7674 7670.
7671 7675 7676 7672.
7673 7677 7678 7674.
7675 7679 7680 7676.
7677 7681 7682 7678.
7679 7683 7684 7680.
7681 7685 7686 7682.
7683 7687 7688 7684.
7685 7689 7690 7686.
7687 7691 7692 7688.
7689 7693 7694 7690.
7691 7695 7696 7692.
7693 7697 7698 7694.
7695 7699 7700 7696.
7697 7701 7702 7698.
7699 7703 7704 7700.
7701 7705 7706 7702.
7703 7707 7708 7704.
7705 7709 7710 7706.
7707 7711 7712 7708.
7709 7713 7714 7710.
7711 7715 7716 7712.
7713 7717 7718 7714.
7715 7719 7720 7716.
7717 7721 7722 7718.
7719 7723 7724 7720.
7721 7725 7726 7722.
7723 7583 7586 7724.
7725 7587 7590 7726.
7727 7728 7729 7730.
7731 7732 7728 7727.
7733 7734 7732 7731.
7735 7736 7734 7733.
7737 7738 7736 7735.
7739 7740 7738 7737.
7741 7742 7740 7739.
7743 7744 7742 7741.
7745 7746 7744 7743.
7747 7748 7746 7745.
7749 7750 7748 7747.
7751 7752 7750 7749.
7753 7754 7752 7751.
7755 7756 7754 7753.
7757 7758 7756 7755.
7759 7760 7758 7757.
7761 7762 7760 7759.
7763 7764 7762 7761.
7765 7766 7764 7763.
7767 7768 7766 7765.
7769 7770 7768 7767.
7771 7772 7770 7769.
7773 7774 7772 7771.
7775 7776 7774 7773.
7777 7778 7776 7775.
7779 7780 7778 7777.
7781 7782 7780 7779.
7783 7784 7782 7781.
7785 7786 7784 7783.
7787 7788 7786 7785.
7789 7790 7788 7787.
7791 7792 7790 7789.
7793 7794 7792 7791.
7795 7796 7794 7793.
7797 7798 7796 7795.
7730 7729 7798 7797.
7799 7800 7801 7802.
7800 7803 7804 7801.
7803 7805 7806 7804.
7805 7807 7808 7806.
7807 7809 7810 7808.
7809 7811 7812 7810.
7811 7813 7814 7812.
7813 7815 7816 7814.
7815 7817 7818 7816.
7817 7819 7820 7818.
7819 7821 7822 7820.
7821 7823 7824 7822.
7823 7825 7826 7824.
7825 7827 7828 7826.
7827 7829 7830 7828.
7829 7831 7832 7830.
7831 7833 7834 7832.
7833 7835 7836 7834.
7835 7837 7838 7836.
7837 7839 7840 7838.
7839 7841 7842 7840.
7841 7843 7844 7842.
7843 7845 7846 7844.
7845 7847 7848 7846.
7847 7849 7850 7848.
7849 7851 7852 7850.
7851 7853 7854 7852.
7853 7855 7856 7854.
7855 7857 7858 7856.
7857 7859 7860 7858.
7859 7861 7862 7860.
7861 7863 7864 7862.
7863 7865 7866 7864.
7865 7867 7868 7866.
7867 7869 7870 7868.
7869 7799 7802 7870.
7871 7872 7873 7874.
7875 7876 7877 7878.
7872 7879 7880 7873.
7876 7881 7882 7877.
7879 7883 7884 7880.
7881 7885 7886 7882.
7883 7887 7888 7884.
7885 7889 7890 7886.
7887 7891 7892 7888.
7889 7893 7894 7890.
7891 7895 7896 7892.
7893 7897 7898 7894.
7895 7899 7900 7896.
7897 7901 7902 7898.
7899 7903 7904 7900.
7901 7905 7906 7902.
7903 7907 7908 7904.
7905 7909 7910 7906.
7907 7911 7912 7908.
7909 7913 7914 7910.
7911 7915 7916 7912.
7913 7917 7918 7914.
7915 7919 7920 7916.
7917 7921 7922 7918.
7919 7923 7924 7920.
7921 7925 7926 7922.
7923 7927 7928 7924.
7925 7929 7930 7926.
7927 7931 7932 7928.
7929 7933 7934 7930.
7931 7935 7936 7932.
7933 7937 7938 7934.
7935 7939 7940 7936.
7937 7941 7942 7938.
7939 7943 7944 7940.
7941 7945 7946 7942.
7943 7947 7948 7944.
7945 7949 7950 7946.
7947 7951 7952 7948.
7949 7953 7954 7950.
7951 7955 7956 7952.
7953 7957 7958 7954.
7955 7959 7960 7956.
7957 7961 7962 7958.
7959 7963 7964 7960.
7961 7965 7966 7962.
7963 7967 7968 7964.
7965 7969 7970 7966.
7967 7971 7972 7968.
7969 7973 7974 7970.
7971 7975 7976 7972.
7973 7977 7978 7974.
7975 7979 7980 7976.
7977 7981 7982 7978.
7979 7983 7984 7980.
7981 7985 7986 7982.
7983 7987 7988 7984.
7985 7989 7990 7986.
7987 7991 7992 7988.
7989 7993 7994 7990.
7991 7995 7996 7992.
7993 7997 7998 7994.
7995 7999 8000 7996.
7997 8001 8002 7998.
7999 8003 8004 8000.
8001 8005 8006 8002.
8003 8007 8008 8004.
8005 8009 8010 8006.
8007 8011 8012 8008.
8009 8013 8014 8010.
8011 7871 7874 8012.
8013 7875 7878 8014.
8015 8016 8017 8018.
8019 8020 8016 8015.
8021 8022 8020 8019.
8023 8024 8022 8021.
8025 8026 8024 8023.
8027 8028 8026 8025.
8029 8030 8028 8027.
8031 8032 8030 8029.
8033 8034 8032 8031.
8035 8036 8034 8033.
8037 8038 8036 8035.
8039 8040 8038 8037.
8041 8042 8040 8039.
8043 8044 8042 8041.
8045 8046 8044 8043.
8047 8048 8046 8045.
8049 8050 8048 8047.
8051 8052 8050 8049.
8053 8054 8052 8051.
8055 8056 8054 8053.
8057 8058 8056 8055.
8059 8060 8058 8057.
8061 8062 8060 8059.
8063 8064 8062 8061.
8065 8066 8064 8063.
8067 8068 8066 8065.
8069 8070 8068 8067.
8071 8072 8070 8069.
8073 8074 8072 8071.
8075 8076 8074 8073.
8077 8078 8076 8075.
8079 8080 8078 8077.
8081 8082 8080 8079.
8083 8084 8082 8081.
8085 8086 8084 8083.
8018 8017 8086 8085.
7830 7832 8087 7829.
7832 7834 7833 8087.
7584 7583 7729 7728.
7586 7585 7588 7587.
7590 7589 7869 7867.
7591 7584 7728 7732.
7585 7592 7593 7588.
7589 7594 7799 7869.
7595 7591 7732 7734.
7592 7596 7597 7593.
7594 7598 7800 7799.
7599 7595 7734 7736.
7596 7600 7601 7597.
7598 7602 7803 7800.
7603 7599 7736 7738.
7600 7604 7605 7601.
7602 7606 7805 7803.
7607 7603 7738 7740.
7604 7608 7609 7605.
7606 7610 7807 7805.
7611 7607 7740 7742.
7608 7612 7613 7609.
7610 7614 7809 7807.
7615 7611 7742 7744.
7612 7616 7617 7613.
7614 7618 7811 7809.
7619 7615 7744 7746.
7616 7620 7621 7617.
7618 7622 7813 7811.
7623 7619 7746 7748.
7620 7624 7625 7621.
7622 7626 7815 7813.
7627 7623 7748 7750.
7624 7628 7629 7625.
7626 7630 7817 7815.
7631 7627 7750 7752.
7628 7632 7633 7629.
7630 7634 7819 7817.
7635 7631 7752 7754.
7632 7636 7637 7633.
7634 7638 7821 7819.
7639 7635 7754 7756.
7636 7640 7641 7637.
7638 7642 7823 7821.
7643 7639 7756 7758.
7640 7644 7645 7641.
7642 7646 7825 7823.
7647 7643 7758 7760.
7644 7648 7649 7645.
7646 7650 7827 7825.
7651 7647 7760 7762.
7648 7652 7653 7649.
7650 7654 7829 7827.
7655 7651 7762 7764.
7652 7656 7657 7653.
7654 7658 7831 7829.
7659 7655 7764 7766.
7656 7660 7661 7657.
7658 7662 7833 7831.
7663 7659 7766 7768.
7660 7664 7665 7661.
7662 7666 7835 7833.
7667 7663 7768 7770.
7664 7668 7669 7665.
7666 7670 7837 7835.
7671 7667 7770 7772.
7668 7672 7673 7669.
7670 7674 7839 7837.
7675 7671 7772 7774.
7672 7676 7677 7673.
7674 7678 7841 7839.
7679 7675 7774 7776.
7676 7680 7681 7677.
7678 7682 7843 7841.
7683 7679 7776 7778.
7680 7684 7685 7681.
7682 7686 7845 7843.
7687 7683 7778 7780.
7684 7688 7689 7685.
7686 7690 7847 7845.
7691 7687 7780 7782.
7688 7692 7693 7689.
7690 7694 7849 7847.
7695 7691 7782 7784.
7692 7696 7697 7693.
7694 7698 7851 7849.
7699 7695 7784 7786.
7696 7700 7701 7697.
7698 7702 7853 7851.
7703 7699 7786 7788.
7700 7704 7705 7701.
7702 7706 7855 7853.
7707 7703 7788 7790.
7704 7708 7709 7705.
7706 7710 7857 7855.
7711 7707 7790 7792.
7708 7712 7713 7709.
7710 7714 7859 7857.
7715 7711 7792 7794.
7712 7716 7717 7713.
7714 7718 7861 7859.
7719 7715 7794 7796.
7716 7720 7721 7717.
7718 7722 7863 7861.
7723 7719 7796 7798.
7720 7724 7725 7721.
7722 7726 7865 7863.
7583 7723 7798 7729.
7724 7586 7587 7725.
7726 7590 7867 7865.
7727 7730 7868 7870.
7731 7727 7870 7802.
7733 7731 7802 7801.
7735 7733 7801 7804.
7737 7735 7804 7806.
7739 7737 7806 7808.
7741 7739 7808 7810.
7743 7741 7810 7812.
7745 7743 7812 7814.
7747 7745 7814 7816.
7749 7747 7816 7818.
7751 7749 7818 7820.
7753 7751 7820 7822.
7755 7753 7822 7824.
7757 7755 7824 7826.
7759 7757 7826 7828.
7761 7759 7828 7830.
7763 7761 7830 7832.
7765 7763 7832 7834.
7767 7765 7834 7836.
7769 7767 7836 7838.
7771 7769 7838 7840.
7773 7771 7840 7842.
7775 7773 7842 7844.
7777 7775 7844 7846.
7779 7777 7846 7848.
7781 7779 7848 7850.
7783 7781 7850 7852.
7785 7783 7852 7854.
7787 7785 7854 7856.
7789 7787 7856 7858.
7791 7789 7858 7860.
7793 7791 7860 7862.
7795 7793 7862 7864.
7797 7795 7864 7866.
7730 7797 7866 7868.
7874 7873 7876 7875.
7878 7877 7870 7868.
7873 7880 7881 7876.
7877 7882 7802 7870.
7880 7884 7885 7881.
7882 7886 7801 7802.
7884 7888 7889 7885.
7886 7890 7804 7801.
7888 7892 7893 7889.
7890 7894 7806 7804.
7892 7896 7897 7893.
7894 7898 7808 7806.
7896 7900 7901 7897.
7898 7902 7810 7808.
7900 7904 7905 7901.
7902 7906 7812 7810.
7904 7908 7909 7905.
7906 7910 7814 7812.
7908 7912 7913 7909.
7910 7914 7816 7814.
7912 7916 7917 7913.
7914 7918 7818 7816.
7916 7920 7921 7917.
7918 7922 7820 7818.
7920 7924 7925 7921.
7922 7926 7822 7820.
7924 7928 7929 7925.
7926 7930 7824 7822.
7928 7932 7933 7929.
7930 7934 7826 7824.
7932 7936 7937 7933.
7934 7938 7828 7826.
7936 7940 7941 7937.
7938 7942 7830 7828.
7940 7944 7945 7941.
7942 7946 7832 7830.
7944 7948 7949 7945.
7946 7950 7834 7832.
7948 7952 7953 7949.
7950 7954 7836 7834.
7952 7956 7957 7953.
7954 7958 7838 7836.
7956 7960 7961 7957.
7958 7962 7840 7838.
7960 7964 7965 7961.
7962 7966 7842 7840.
7964 7968 7969 7965.
7966 7970 7844 7842.
7968 7972 7973 7969.
7970 7974 7846 7844.
7972 7976 7977 7973.
7974 7978 7848 7846.
7976 7980 7981 7977.
7978 7982 7850 7848.
7980 7984 7985 7981.
7982 7986 7852 7850.
7984 7988 7989 7985.
7986 7990 7854 7852.
7988 7992 7993 7989.
7990 7994 7856 7854.
7992 7996 7997 7993.
7994 7998 7858 7856.
7996 8000 8001 7997.
7998 8002 7860 7858.
8000 8004 8005 8001.
8002 8006 7862 7860.
8004 8008 8009 8005.
8006 8010 7864 7862.
8008 8012 8013 8009.
8010 8014 7866 7864.
8012 7874 7875 8013.
8014 7878 7868 7866.
8017 8016 7872 7871.
8015 8018 7867 7869.
8016 8020 7879 7872.
8019 8015 7869 7799.
8020 8022 7883 7879.
8021 8019 7799 7800.
8022 8024 7887 7883.
8023 8021 7800 7803.
8024 8026 7891 7887.
8025 8023 7803 7805.
8026 8028 7895 7891.
8027 8025 7805 7807.
8028 8030 7899 7895.
8029 8027 7807 7809.
8030 8032 7903 7899.
8031 8029 7809 7811.
8032 8034 7907 7903.
8033 8031 7811 7813.
8034 8036 7911 7907.
8035 8033 7813 7815.
8036 8038 7915 7911.
8037 8035 7815 7817.
8038 8040 7919 7915.
8039 8037 7817 7819.
8040 8042 7923 7919.
8041 8039 7819 7821.
8042 8044 7927 7923.
8043 8041 7821 7823.
8044 8046 7931 7927.
8045 8043 7823 7825.
8046 8048 7935 7931.
8047 8045 7825 7827.
8048 8050 7939 7935.
8049 8047 7827 7829.
8050 8052 7943 7939.
8051 8049 7829 8087.
8052 8054 7947 7943.
8053 8051 8087 7833.
8054 8056 7951 7947.
8055 8053 7833 7835.
8056 8058 7955 7951.
8057 8055 7835 7837.
8058 8060 7959 7955.
8059 8057 7837 7839.
8060 8062 7963 7959.
8061 8059 7839 7841.
8062 8064 7967 7963.
8063 8061 7841 7843.
8064 8066 7971 7967.
8065 8063 7843 7845.
8066 8068 7975 7971.
8067 8065 7845 7847.
8068 8070 7979 7975.
8069 8067 7847 7849.
8070 8072 7983 7979.
8071 8069 7849 7851.
8072 8074 7987 7983.
8073 8071 7851 7853.
8074 8076 7991 7987.
8075 8073 7853 7855.
8076 8078 7995 7991.
8077 8075 7855 7857.
8078 8080 7999 7995.
8079 8077 7857 7859.
8080 8082 8003 7999.
8081 8079 7859 7861.
8082 8084 8007 8003.
8083 8081 7861 7863.
8084 8086 8011 8007.
8085 8083 7863 7865.
8086 8017 7871 8011.
8018 8085 7865 7867.
8088 8089 8090 8091.
8091 8090 8092 8093.
8093 8092 8094 8095.
8095 8094 8089 8088.
8096 8097 8098 8099.
8099 8098 8100 8101.
8101 8100 8102 8103.
8103 8102 8097 8096.
8097 8104 8105 8098.
8098 8105 8106 8100.
8100 8106 8107 8102.
8102 8107 8104 8097.
8104 8108 8109 8105.
8105 8109 8110 8106.
8106 8110 8111 8107.
8107 8111 8108 8104.
8108 8112 8113 8109.
8109 8113 8114 8110.
8110 8114 8115 8111.
8111 8115 8112 8108.
8116 8117 8118 8119.
8119 8118 8120 8121.
8121 8120 8122 8123.
8123 8122 8117 8116.
8117 8124 8125 8118.
8118 8125 8126 8120.
8120 8126 8127 8122.
8122 8127 8124 8117.
8124 8128 8129 8125.
8125 8129 8130 8126.
8126 8130 8131 8127.
8127 8131 8128 8124.
8128 8132 8133 8129.
8129 8133 8134 8130.
8130 8134 8135 8131.
8131 8135 8132 8128.
8136 8137 8138 8139.
8139 8138 8140 8141.
8141 8140 8142 8143.
8143 8142 8137 8136.
8144 8145 8146 8147.
8147 8146 8148 8149.
8149 8148 8150 8151.
8151 8150 8145 8144.
8152 8153 8154 8155.
8155 8154 8156 8157.
8157 8156 8158 8159.
8159 8158 8153 8152.
8153 8160 8161 8154.
8154 8161 8162 8156.
8156 8162 8163 8158.
8158 8163 8160 8153.
8160 8164 8165 8161.
8161 8165 8166 8162.
8162 8166 8167 8163.
8163 8167 8164 8160.
8164 8168 8169 8165.
8165 8169 8170 8166.
8166 8170 8171 8167.
8167 8171 8168 8164.
8172 8173 8174 8175.
8175 8174 8176 8177.
8177 8176 8178 8179.
8179 8178 8173 8172.
8180 8181 8182 8183.
8183 8182 8184 8185.
8185 8184 8186 8187.
8187 8186 8181 8180.
8181 8188 8189 8182.
8182 8189 8190 8184.
8184 8190 8191 8186.
8186 8191 8188 8181.
8188 8192 8193 8189.
8189 8193 8194 8190.
8190 8194 8195 8191.
8191 8195 8192 8188.
8192 8196 8197 8193.
8193 8197 8198 8194.
8194 8198 8199 8195.
8195 8199 8196 8192.
8200 8201 8202 8203.
8203 8202 8204 8205.
8205 8204 8206 8207.
8207 8206 8201 8200.
8208 8209 8210 8211.
8211 8210 8212 8213.
8213 8212 8214 8215.
8215 8214 8209 8208.
8209 8216 8217 8210.
8210 8217 8218 8212.
8212 8218 8219 8214.
8214 8219 8216 8209.
8216 8220 8221 8217.
8217 8221 8222 8218.
8218 8222 8223 8219.
8219 8223 8220 8216.
8220 8224 8225 8221.
8221 8225 8226 8222.
8222 8226 8227 8223.
8223 8227 8224 8220.
8228 8229 8230 8231.
8231 8230 8232 8233.
8233 8232 8234 8235.
8235 8234 8229 8228.
8236 8237 8238 8239.
8239 8238 8240 8241.
8241 8240 8242 8243.
8243 8242 8237 8236.
8237 8244 8245 8238.
8238 8245 8246 8240.
8240 8246 8247 8242.
8242 8247 8244 8237.
8244 8248 8249 8245.
8245 8249 8250 8246.
8246 8250 8251 8247.
8247 8251 8248 8244.
8248 8252 8253 8249.
8249 8253 8254 8250.
8250 8254 8255 8251.
8251 8255 8252 8248.
8256 8257 8258 8259.
8259 8258 8260 8261.
8261 8260 8262 8263.
8263 8262 8257 8256.
8264 8265 8266 8267.
8267 8266 8268 8269.
8269 8268 8270 8271.
8271 8270 8265 8264.
8265 8272 8273 8266.
8266 8273 8274 8268.
8268 8274 8275 8270.
8270 8275 8272 8265.
8272 8276 8277 8273.
8273 8277 8278 8274.
8274 8278 8279 8275.
8275 8279 8276 8272.
8276 8280 8281 8277.
8277 8281 8282 8278.
8278 8282 8283 8279.
8279 8283 8280 8276.
8284 8285 8286 8287.
8287 8286 8288 8289.
8289 8288 8290 8291.
8291 8290 8285 8284.
8292 8293 8294 8295.
8295 8294 8296 8297.
8297 8296 8298 8299.
8299 8298 8293 8292.
8293 8300 8301 8294.
8294 8301 8302 8296.
8296 8302 8303 8298.
8298 8303 8300 8293.
8300 8304 8305 8301.
8301 8305 8306 8302.
8302 8306 8307 8303.
8303 8307 8304 8300.
8304 8308 8309 8305.
8305 8309 8310 8306.
8306 8310 8311 8307.
8307 8311 8308 8304.
8312 8313 8314 8315.
8315 8314 8316 8317.
8317 8316 8318 8319.
8319 8318 8313 8312.
8320 8321 8322 8323.
8323 8322 8324 8325.
8325 8324 8326 8327.
8327 8326 8321 8320.
8321 8328 8329 8322.
8322 8329 8330 8324.
8324 8330 8331 8326.
8326 8331 8328 8321.
8328 8332 8333 8329.
8329 8333 8334 8330.
8330 8334 8335 8331.
8331 8335 8332 8328.
8332 8336 8337 8333.
8333 8337 8338 8334.
8334 8338 8339 8335.
8335 8339 8336 8332.
8340 8341 8342 8343.
8343 8342 8344 8345.
8345 8344 8346 8347.
8347 8346 8341 8340.
8348 8349 8350 8351.
8351 8350 8352 8353.
8353 8352 8354 8355.
8355 8354 8349 8348.
8349 8356 8357 8350.
8350 8357 8358 8352.
8352 8358 8359 8354.
8354 8359 8356 8349.
8356 8360 8361 8357.
8357 8361 8362 8358.
8358 8362 8363 8359.
8359 8363 8360 8356.
8360 8364 8365 8361.
8361 8365 8366 8362.
8362 8366 8367 8363.
8363 8367 8364 8360.
8368 8369 8370 8371.
8371 8370 8372 8373.
8373 8372 8374 8375.
8375 8374 8369 8368.
8376 8377 8378 8379.
8379 8378 8380 8381.
8381 8380 8382 8383.
8383 8382 8377 8376.
8377 8384 8385 8378.
8378 8385 8386 8380.
8380 8386 8387 8382.
8382 8387 8384 8377.
8384 8388 8389 8385.
8385 8389 8390 8386.
8386 8390 8391 8387.
8387 8391 8388 8384.
8388 8392 8393 8389.
8389 8393 8394 8390.
8390 8394 8395 8391.
8391 8395 8392 8388.
8396 8397 8398 8399.
8399 8398 8400 8401.
8401 8400 8402 8403.
8403 8402 8397 8396.
8404 8405 8406 8407.
8407 8406 8408 8409.
8409 8408 8410 8411.
8411 8410 8405 8404.
8405 8412 8413 8406.
8406 8413 8414 8408.
8408 8414 8415 8410.
8410 8415 8412 8405.
8412 8416 8417 8413.
8413 8417 8418 8414.
8414 8418 8419 8415.
8415 8419 8416 8412.
8416 8420 8421 8417.
8417 8421 8422 8418.
8418 8422 8423 8419.
8419 8423 8420 8416.
8424 8425 8426 8427.
8427 8426 8428 8429.
8429 8428 8430 8431.
8431 8430 8425 8424.
8432 8433 8434 8435.
8435 8434 8436 8437.
8437 8436 8438 8439.
8439 8438 8433 8432.
8433 8440 8441 8434.
8434 8441 8442 8436.
8436 8442 8443 8438.
8438 8443 8440 8433.
8440 8444 8445 8441.
8441 8445 8446 8442.
8442 8446 8447 8443.
8443 8447 8444 8440.
8444 8448 8449 8445.
8445 8449 8450 8446.
8446 8450 8451 8447.
8447 8451 8448 8444.
8452 8453 8454 8455.
8455 8454 8456 8457.
8457 8456 8458 8459.
8459 8458 8453 8452.
8460 8461 8462 8463.
8463 8462 8464 8465.
8465 8464 8466 8467.
8467 8466 8461 8460.
8461 8468 8469 8462.
8462 8469 8470 8464.
8464 8470 8471 8466.
8466 8471 8468 8461.
8468 8472 8473 8469.
8469 8473 8474 8470.
8470 8474 8475 8471.
8471 8475 8472 8468.
8472 8476 8477 8473.
8473 8477 8478 8474.
8474 8478 8479 8475.
8475 8479 8476 8472.
8480 8481 8482 8483.
8483 8482 8484 8485.
8485 8484 8486 8487.
8487 8486 8481 8480.
8488 8489 8490 8491.
8491 8490 8492 8493.
8493 8492 8494 8495.
8495 8494 8489 8488.
8489 8496 8497 8490.
8490 8497 8498 8492.
8492 8498 8499 8494.
8494 8499 8496 8489.
8496 8500 8501 8497.
8497 8501 8502 8498.
8498 8502 8503 8499.
8499 8503 8500 8496.
8500 8504 8505 8501.
8501 8505 8506 8502.
8502 8506 8507 8503.
8503 8507 8504 8500.
8508 8509 8510 8511.
8511 8510 8512 8513.
8513 8512 8514 8515.
8515 8514 8509 8508.
8516 8517 8518 8519.
8519 8518 8520 8521.
8521 8520 8522 8523.
8523 8522 8517 8516.
8517 8524 8525 8518.
8518 8525 8526 8520.
8520 8526 8527 8522.
8522 8527 8524 8517.
8524 8528 8529 8525.
8525 8529 8530 8526.
8526 8530 8531 8527.
8527 8531 8528 8524.
8528 8532 8533 8529.
8529 8533 8534 8530.
8530 8534 8535 8531.
8531 8535 8532 8528.
8536 8537 8538 8539.
8539 8538 8540 8541.
8541 8540 8542 8543.
8543 8542 8537 8536.
8544 8545 8546 8547.
8547 8546 8548 8549.
8549 8548 8550 8551.
8551 8550 8545 8544.
8545 8552 8553 8546.
8546 8553 8554 8548.
8548 8554 8555 8550.
8550 8555 8552 8545.
8552 8556 8557 8553.
8553 8557 8558 8554.
8554 8558 8559 8555.
8555 8559 8556 8552.
8556 8560 8561 8557.
8557 8561 8562 8558.
8558 8562 8563 8559.
8559 8563 8560 8556.
8564 8565 8566 8567.
8567 8566 8568 8569.
8569 8568 8570 8571.
8571 8570 8565 8564.
8572 8573 8574 8575.
8575 8574 8576 8577.
8577 8576 8578 8579.
8579 8578 8573 8572.
8573 8580 8581 8574.
8574 8581 8582 8576.
8576 8582 8583 8578.
8578 8583 8580 8573.
8580 8584 8585 8581.
8581 8585 8586 8582.
8582 8586 8587 8583.
8583 8587 8584 8580.
8584 8588 8589 8585.
8585 8589 8590 8586.
8586 8590 8591 8587.
8587 8591 8588 8584.
8592 8593 8594 8595.
8595 8594 8596 8597.
8597 8596 8598 8599.
8599 8598 8593 8592.
8600 8601 8602 8603.
8603 8602 8604 8605.
8605 8604 8606 8607.
8607 8606 8601 8600.
8601 8608 8609 8602.
8602 8609 8610 8604.
8604 8610 8611 8606.
8606 8611 8608 8601.
8608 8612 8613 8609.
8609 8613 8614 8610.
8610 8614 8615 8611.
8611 8615 8612 8608.
8612 8616 8617 8613.
8613 8617 8618 8614.
8614 8618 8619 8615.
8615 8619 8616 8612.
8620 8621 8622 8623.
8623 8622 8624 8625.
8625 8624 8626 8627.
8627 8626 8621 8620.
8628 8629 8630 8631.
8631 8630 8632 8633.
8633 8632 8634 8635.
8635 8634 8629 8628.
8629 8636 8637 8630.
8630 8637 8638 8632.
8632 8638 8639 8634.
8634 8639 8636 8629.
8636 8640 8641 8637.
8637 8641 8642 8638.
8638 8642 8643 8639.
8639 8643 8640 8636.
8640 8644 8645 8641.
8641 8645 8646 8642.
8642 8646 8647 8643.
8643 8647 8644 8640.
8648 8649 8650 8651.
8651 8650 8652 8653.
8653 8652 8654 8655.
8655 8654 8649 8648.
8656 8657 8658 8659.
8659 8658 8660 8661.
8661 8660 8662 8663.
8663 8662 8657 8656.
8657 8664 8665 8658.
8658 8665 8666 8660.
8660 8666 8667 8662.
8662 8667 8664 8657.
8664 8668 8669 8665.
8665 8669 8670 8666.
8666 8670 8671 8667.
8667 8671 8668 8664.
8668 8672 8673 8669.
8669 8673 8674 8670.
8670 8674 8675 8671.
8671 8675 8672 8668.
8676 8677 8678 8679.
8679 8678 8680 8681.
8681 8680 8682 8683.
8683 8682 8677 8676.
8684 8685 8686 8687.
8687 8686 8688 8689.
8689 8688 8690 8691.
8691 8690 8685 8684.
8685 8692 8693 8686.
8686 8693 8694 8688.
8688 8694 8695 8690.
8690 8695 8692 8685.
8692 8696 8697 8693.
8693 8697 8698 8694.
8694 8698 8699 8695.
8695 8699 8696 8692.
8696 8700 8701 8697.
8697 8701 8702 8698.
8698 8702 8703 8699.
8699 8703 8700 8696.
8704 8705 8706 8707.
8707 8706 8708 8709.
8709 8708 8710 8711.
8711 8710 8705 8704.
8712 8713 8714 8715.
8715 8714 8716 8717.
8717 8716 8718 8719.
8719 8718 8713 8712.
8713 8720 8721 8714.
8714 8721 8722 8716.
8716 8722 8723 8718.
8718 8723 8720 8713.
8720 8724 8725 8721.
8721 8725 8726 8722.
8722 8726 8727 8723.
8723 8727 8724 8720.
8724 8728 8729 8725.
8725 8729 8730 8726.
8726 8730 8731 8727.
8727 8731 8728 8724.
8732 8733 8734 8735.
8735 8734 8736 8737.
8737 8736 8738 8739.
8739 8738 8733 8732.
8740 8741 8742 8743.
8743 8742 8744 8745.
8745 8744 8746 8747.
8747 8746 8741 8740.
8741 8748 8749 8742.
8742 8749 8750 8744.
8744 8750 8751 8746.
8746 8751 8748 8741.
8748 8752 8753 8749.
8749 8753 8754 8750.
8750 8754 8755 8751.
8751 8755 8752 8748.
8752 8756 8757 8753.
8753 8757 8758 8754.
8754 8758 8759 8755.
8755 8759 8756 8752.
8760 8761 8762 8763.
8763 8762 8764 8765.
8765 8764 8766 8767.
8767 8766 8761 8760.
8768 8769 8770 8771.
8771 8770 8772 8773.
8773 8772 8774 8775.
8775 8774 8769 8768.
8769 8776 8777 8770.
8770 8777 8778 8772.
8772 8778 8779 8774.
8774 8779 8776 8769.
8776 8780 8781 8777.
8777 8781 8782 8778.
8778 8782 8783 8779.
8779 8783 8780 8776.
8780 8784 8785 8781.
8781 8785 8786 8782.
8782 8786 8787 8783.
8783 8787 8784 8780.
8788 8789 8790 8791.
8791 8790 8792 8793.
8793 8792 8794 8795.
8795 8794 8789 8788.
8796 8797 8798 8799.
8799 8798 8800 8801.
8801 8800 8802 8803.
8803 8802 8797 8796.
8797 8804 8805 8798.
8798 8805 8806 8800.
8800 8806 8807 8802.
8802 8807 8804 8797.
8804 8808 8809 8805.
8805 8809 8810 8806.
8806 8810 8811 8807.
8807 8811 8808 8804.
8808 8812 8813 8809.
8809 8813 8814 8810.
8810 8814 8815 8811.
8811 8815 8812 8808.
8816 8817 8818 8819.
8819 8818 8820 8821.
8821 8820 8822 8823.
8823 8822 8817 8816.
8824 8825 8826 8827.
8827 8826 8828 8829.
8829 8828 8830 8831.
8831 8830 8825 8824.
8825 8832 8833 8826.
8826 8833 8834 8828.
8828 8834 8835 8830.
8830 8835 8832 8825.
8832 8836 8837 8833.
8833 8837 8838 8834.
8834 8838 8839 8835.
8835 8839 8836 8832.
8836 8840 8841 8837.
8837 8841 8842 8838.
8838 8842 8843 8839.
8839 8843 8840 8836.
8844 8845 8846 8847.
8847 8846 8848 8849.
8849 8848 8850 8851.
8851 8850 8845 8844.
8852 8853 8854 8855.
8855 8854 8856 8857.
8857 8856 8858 8859.
8859 8858 8853 8852.
8853 8860 8861 8854.
8854 8861 8862 8856.
8856 8862 8863 8858.
8858 8863 8860 8853.
8860 8864 8865 8861.
8861 8865 8866 8862.
8862 8866 8867 8863.
8863 8867 8864 8860.
8864 8868 8869 8865.
8865 8869 8870 8866.
8866 8870 8871 8867.
8867 8871 8868 8864.
8872 8873 8874 8875.
8875 8874 8876 8877.
8877 8876 8878 8879.
8879 8878 8873 8872.
8880 8881 8882 8883.
8883 8882 8884 8885.
8885 8884 8886 8887.
8887 8886 8881 8880.
8881 8888 8889 8882.
8882 8889 8890 8884.
8884 8890 8891 8886.
8886 8891 8888 8881.
8888 8892 8893 8889.
8889 8893 8894 8890.
8890 8894 8895 8891.
8891 8895 8892 8888.
8892 8896 8897 8893.
8893 8897 8898 8894.
8894 8898 8899 8895.
8895 8899 8896 8892.
8900 8901 8902 8903.
8903 8902 8904 8905.
8905 8904 8906 8907.
8907 8906 8901 8900.
8908 8909 8910 8911.
8911 8910 8912 8913.
8913 8912 8914 8915.
8915 8914 8909 8908.
8909 8916 8917 8910.
8910 8917 8918 8912.
8912 8918 8919 8914.
8914 8919 8916 8909.
8916 8920 8921 8917.
8917 8921 8922 8918.
8918 8922 8923 8919.
8919 8923 8920 8916.
8920 8924 8925 8921.
8921 8925 8926 8922.
8922 8926 8927 8923.
8923 8927 8924 8920.
8928 8929 8930 8931.
8931 8930 8932 8933.
8933 8932 8934 8935.
8935 8934 8929 8928.
8936 8937 8938 8939.
8939 8938 8940 8941.
8941 8940 8942 8943.
8943 8942 8937 8936.
8937 8944 8945 8938.
8938 8945 8946 8940.
8940 8946 8947 8942.
8942 8947 8944 8937.
8944 8948 8949 8945.
8945 8949 8950 8946.
8946 8950 8951 8947.
8947 8951 8948 8944.
8948 8952 8953 8949.
8949 8953 8954 8950.
8950 8954 8955 8951.
8951 8955 8952 8948.
8956 8957 8958 8959.
8959 8958 8960 8961.
8961 8960 8962 8963.
8963 8962 8957 8956.
8964 8965 8966 8967.
8967 8966 8968 8969.
8969 8968 8970 8971.
8971 8970 8965 8964.
8965 8972 8973 8966.
8966 8973 8974 8968.
8968 8974 8975 8970.
8970 8975 8972 8965.
8972 8976 8977 8973.
8973 8977 8978 8974.
8974 8978 8979 8975.
8975 8979 8976 8972.
8976 8980 8981 8977.
8977 8981 8982 8978.
8978 8982 8983 8979.
8979 8983 8980 8976.
8984 8985 8986 8987.
8987 8986 8988 8989.
8989 8988 8990 8991.
8991 8990 8985 8984.
8992 8993 8994 8995.
8995 8994 8996 8997.
8997 8996 8998 8999.
8999 8998 8993 8992.
8993 9000 9001 8994.
8994 9001 9002 8996.
8996 9002 9003 8998.
8998 9003 9000 8993.
9000 9004 9005 9001.
9001 9005 9006 9002.
9002 9006 9007 9003.
9003 9007 9004 9000.
9004 9008 9009 9005.
9005 9009 9010 9006.
9006 9010 9011 9007.
9007 9011 9008 9004.
9012 9013 9014 9015.
9015 9014 9016 9017.
9017 9016 9018 9019.
9019 9018 9013 9012.
9020 9021 9022 9023.
9023 9022 9024 9025.
9025 9024 9026 9027.
9027 9026 9021 9020.
9021 9028 9029 9022.
9022 9029 9030 9024.
9024 9030 9031 9026.
9026 9031 9028 9021.
9028 9032 9033 9029.
9029 9033 9034 9030.
9030 9034 9035 9031.
9031 9035 9032 9028.
9032 9036 9037 9033.
9033 9037 9038 9034.
9034 9038 9039 9035.
9035 9039 9036 9032.
9040 9041 9042 9043.
9043 9042 9044 9045.
9045 9044 9046 9047.
9047 9046 9041 9040.
9048 9049 9050 9051.
9051 9050 9052 9053.
9053 9052 9054 9055.
9055 9054 9049 9048.
9049 9056 9057 9050.
9050 9057 9058 9052.
9052 9058 9059 9054.
9054 9059 9056 9049.
9056 9060 9061 9057.
9057 9061 9062 9058.
9058 9062 9063 9059.
9059 9063 9060 9056.
9060 9064 9065 9061.
9061 9065 9066 9062.
9062 9066 9067 9063.
9063 9067 9064 9060.
9068 9069 9070 9071.
9071 9070 9072 9073.
9073 9072 9074 9075.
9075 9074 9069 9068.
9076 9077 9078 9079.
9079 9078 9080 9081.
9081 9080 9082 9083.
9083 9082 9077 9076.
9077 9084 9085 9078.
9078 9085 9086 9080.
9080 9086 9087 9082.
9082 9087 9084 9077.
9084 9088 9089 9085.
9085 9089 9090 9086.
9086 9090 9091 9087.
9087 9091 9088 9084.
9088 9092 9093 9089.
9089 9093 9094 9090.
9090 9094 9095 9091.
9091 9095 9092 9088.
9096 9097 9098 9099.
9099 9098 9100 9101.
9101 9100 9102 9103.
9103 9102 9097 9096.
9104 9105 9106 9107.
9107 9106 9108 9109.
9109 9108 9110 9111.
9111 9110 9105 9104.
9105 9112 9113 9106.
9106 9113 9114 9108.
9108 9114 9115 9110.
9110 9115 9112 9105.
9112 9116 9117 9113.
9113 9117 9118 9114.
9114 9118 9119 9115.
9115 9119 9116 9112.
9116 9120 9121 9117.
9117 9121 9122 9118.
9118 9122 9123 9119.
9119 9123 9120 9116.
9124 9125 9126 9127.
9127 9126 9128 9129.
9129 9128 9130 9131.
9131 9130 9125 9124.
9132 9133 9134 9135.
9135 9134 9136 9137.
9137 9136 9138 9139.
9139 9138 9133 9132.
9133 9140 9141 9134.
9134 9141 9142 9136.
9136 9142 9143 9138.
9138 9143 9140 9133.
9140 9144 9145 9141.
9141 9145 9146 9142.
9142 9146 9147 9143.
9143 9147 9144 9140.
9144 9148 9149 9145.
9145 9149 9150 9146.
9146 9150 9151 9147.
9147 9151 9148 9144.
9152 9153 9154 9155.
9155 9154 9156 9157.
9157 9156 9158 9159.
9159 9158 9153 9152.
9160 9161 9162 9163.
9163 9162 9164 9165.
9165 9164 9166 9167.
9167 9166 9161 9160.
9161 9168 9169 9162.
9162 9169 9170 9164.
9164 9170 9171 9166.
9166 9171 9168 9161.
9168 9172 9173 9169.
9169 9173 9174 9170.
9170 9174 9175 9171.
9171 9175 9172 9168.
9172 9176 9177 9173.
9173 9177 9178 9174.
9174 9178 9179 9175.
9175 9179 9176 9172.
9180 9181 9182 9183.
9183 9182 9184 9185.
9185 9184 9186 9187.
9187 9186 9181 9180.
9188 9189 9190 9191.
9191 9190 9192 9193.
9193 9192 9194 9195.
9195 9194 9189 9188.
9189 9196 9197 9190.
9190 9197 9198 9192.
9192 9198 9199 9194.
9194 9199 9196 9189.
9196 9200 9201 9197.
9197 9201 9202 9198.
9198 9202 9203 9199.
9199 9203 9200 9196.
9200 9204 9205 9201.
9201 9205 9206 9202.
9202 9206 9207 9203.
9203 9207 9204 9200.
9208 9209 9210 9211.
9211 9210 9212 9213.
9213 9212 9214 9215.
9215 9214 9209 9208.
9216 9217 9218 9219.
9219 9218 9220 9221.
9221 9220 9222 9223.
9223 9222 9217 9216.
9217 9224 9225 9218.
9218 9225 9226 9220.
9220 9226 9227 9222.
9222 9227 9224 9217.
9224 9228 9229 9225.
9225 9229 9230 9226.
9226 9230 9231 9227.
9227 9231 9228 9224.
9228 9232 9233 9229.
9229 9233 9234 9230.
9230 9234 9235 9231.
9231 9235 9232 9228.
9236 9237 9238 9239.
9239 9238 9240 9241.
9241 9240 9242 9243.
9243 9242 9237 9236.
9244 9245 9246 9247.
9247 9246 9248 9249.
9249 9248 9250 9251.
9251 9250 9245 9244.
9245 9252 9253 9246.
9246 9253 9254 9248.
9248 9254 9255 9250.
9250 9255 9252 9245.
9252 9256 9257 9253.
9253 9257 9258 9254.
9254 9258 9259 9255.
9255 9259 9256 9252.
9256 9260 9261 9257.
9257 9261 9262 9258.
9258 9262 9263 9259.
9259 9263 9260 9256.
9264 9265 9266 9267.
9267 9266 9268 9269.
9269 9268 9270 9271.
9271 9270 9265 9264.
9272 9273 9274 9275.
9275 9274 9276 9277.
9277 9276 9278 9279.
9279 9278 9273 9272.
9273 9280 9281 9274.
9274 9281 9282 9276.
9276 9282 9283 9278.
9278 9283 9280 9273.
9280 9284 9285 9281.
9281 9285 9286 9282.
9282 9286 9287 9283.
9283 9287 9284 9280.
9284 9288 9289 9285.
9285 9289 9290 9286.
9286 9290 9291 9287.
9287 9291 9288 9284.
9292 9293 9294 9295.
9295 9294 9296 9297.
9297 9296 9298 9299.
9299 9298 9293 9292.
9300 9301 9302 9303.
9303 9302 9304 9305.
9305 9304 9306 9307.
9307 9306 9301 9300.
9301 9308 9309 9302.
9302 9309 9310 9304.
9304 9310 9311 9306.
9306 9311 9308 9301.
9308 9312 9313 9309.
9309 9313 9314 9310.
9310 9314 9315 9311.
9311 9315 9312 9308.
9312 9316 9317 9313.
9313 9317 9318 9314.
9314 9318 9319 9315.
9315 9319 9316 9312.
9320 9321 9322 9323.
9323 9322 9324 9325.
9325 9324 9326 9327.
9327 9326 9321 9320.
9328 9329 9330 9331.
9331 9330 9332 9333.
9333 9332 9334 9335.
9335 9334 9329 9328.
9329 9336 9337 9330.
9330 9337 9338 9332.
9332 9338 9339 9334.
9334 9339 9336 9329.
9336 9340 9341 9337.
9337 9341 9342 9338.
9338 9342 9343 9339.
9339 9343 9340 9336.
9340 9344 9345 9341.
9341 9345 9346 9342.
9342 9346 9347 9343.
9343 9347 9344 9340.
9348 9349 9350 9351.
9351 9350 9352 9353.
9353 9352 9354 9355.
9355 9354 9349 9348.
9356 9357 9358 9359.
9359 9358 9360 9361.
9361 9360 9362 9363.
9363 9362 9357 9356.
9357 9364 9365 9358.
9358 9365 9366 9360.
9360 9366 9367 9362.
9362 9367 9364 9357.
9364 9368 9369 9365.
9365 9369 9370 9366.
9366 9370 9371 9367.
9367 9371 9368 9364.
9368 9372 9373 9369.
9369 9373 9374 9370.
9370 9374 9375 9371.
9371 9375 9372 9368.
9376 9377 9378 9379.
9379 9378 9380 9381.
9381 9380 9382 9383.
9383 9382 9377 9376.
9384 9385 9386 9387.
9387 9386 9388 9389.
9389 9388 9390 9391.
9391 9390 9385 9384.
9385 9392 9393 9386.
9386 9393 9394 9388.
9388 9394 9395 9390.
9390 9395 9392 9385.
9392 9396 9397 9393.
9393 9397 9398 9394.
9394 9398 9399 9395.
9395 9399 9396 9392.
9396 9400 9401 9397.
9397 9401 9402 9398.
9398 9402 9403 9399.
9399 9403 9400 9396.
9404 9405 9406 9407.
9407 9406 9408 9409.
9409 9408 9410 9411.
9411 9410 9405 9404.
9412 9413 9414 9415.
9415 9414 9416 9417.
9417 9416 9418 9419.
9419 9418 9413 9412.
9413 9420 9421 9414.
9414 9421 9422 9416.
9416 9422 9423 9418.
9418 9423 9420 9413.
9420 9424 9425 9421.
9421 9425 9426 9422.
9422 9426 9427 9423.
9423 9427 9424 9420.
9424 9428 9429 9425.
9425 9429 9430 9426.
9426 9430 9431 9427.
9427 9431 9428 9424.
9432 9433 9434 9435.
9435 9434 9436 9437.
9437 9436 9438 9439.
9439 9438 9433 9432.
9440 9441 9442 9443.
9443 9442 9444 9445.
9445 9444 9446 9447.
9447 9446 9441 9440.
9441 9448 9449 9442.
9442 9449 9450 9444.
9444 9450 9451 9446.
9446 9451 9448 9441.
9448 9452 9453 9449.
9449 9453 9454 9450.
9450 9454 9455 9451.
9451 9455 9452 9448.
9452 9456 9457 9453.
9453 9457 9458 9454.
9454 9458 9459 9455.
9455 9459 9456 9452.
9460 9461 9462 9463.
9463 9462 9464 9465.
9465 9464 9466 9467.
9467 9466 9461 9460.
9468 9469 9470 9471.
9471 9470 9472 9473.
9473 9472 9474 9475.
9475 9474 9469 9468.
9469 9476 9477 9470.
9470 9477 9478 9472.
9472 9478 9479 9474.
9474 9479 9476 9469.
9476 9480 9481 9477.
9477 9481 9482 9478.
9478 9482 9483 9479.
9479 9483 9480 9476.
9480 9484 9485 9481.
9481 9485 9486 9482.
9482 9486 9487 9483.
9483 9487 9484 9480.
9488 9489 9490 9491.
9491 9490 9492 9493.
9493 9492 9494 9495.
9495 9494 9489 9488.
9496 9497 9498 9499.
9499 9498 9500 9501.
9501 9500 9502 9503.
9503 9502 9497 9496.
9497 9504 9505 9498.
9498 9505 9506 9500.
9500 9506 9507 9502.
9502 9507 9504 9497.
9504 9508 9509 9505.
9505 9509 9510 9506.
9506 9510 9511 9507.
9507 9511 9508 9504.
9508 9512 9513 9509.
9509 9513 9514 9510.
9510 9514 9515 9511.
9511 9515 9512 9508.
9516 9517 9518 9519.
9519 9518 9520 9521.
9521 9520 9522 9523.
9523 9522 9517 9516.
9524 9525 9526 9527.
9527 9526 9528 9529.
9529 9528 9530 9531.
9531 9530 9525 9524.
9525 9532 9533 9526.
9526 9533 9534 9528.
9528 9534 9535 9530.
9530 9535 9532 9525.
9532 9536 9537 9533.
9533 9537 9538 9534.
9534 9538 9539 9535.
9535 9539 9536 9532.
9536 9540 9541 9537.
9537 9541 9542 9538.
9538 9542 9543 9539.
9539 9543 9540 9536.
9544 9545 9546 9547.
9547 9546 9548 9549.
9549 9548 9550 9551.
9551 9550 9545 9544.
9552 9553 9554 9555.
9555 9554 9556 9557.
9557 9556 9558 9559.
9559 9558 9553 9552.
9553 9560 9561 9554.
9554 9561 9562 9556.
9556 9562 9563 9558.
9558 9563 9560 9553.
9560 9564 9565 9561.
9561 9565 9566 9562.
9562 9566 9567 9563.
9563 9567 9564 9560.
9564 9568 9569 9565.
9565 9569 9570 9566.
9566 9570 9571 9567.
9567 9571 9568 9564.
9572 9573 9574 9575.
9575 9574 9576 9577.
9577 9576 9578 9579.
9579 9578 9573 9572.
9580 9581 9582 9583.
9583 9582 9584 9585.
9585 9584 9586 9587.
9587 9586 9581 9580.
9581 9588 9589 9582.
9582 9589 9590 9584.
9584 9590 9591 9586.
9586 9591 9588 9581.
9588 9592 9593 9589.
9589 9593 9594 9590.
9590 9594 9595 9591.
9591 9595 9592 9588.
9592 9596 9597 9593.
9593 9597 9598 9594.
9594 9598 9599 9595.
9595 9599 9596 9592.
9600 9601 9602 9603.
9603 9602 9604 9605.
9605 9604 9606 9607.
9607 9606 9601 9600.
9608 9609 9610 9611.
9611 9610 9612 9613.
9613 9612 9614 9615.
9615 9614 9609 9608.
9609 9616 9617 9610.
9610 9617 9618 9612.
9612 9618 9619 9614.
9614 9619 9616 9609.
9616 9620 9621 9617.
9617 9621 9622 9618.
9618 9622 9623 9619.
9619 9623 9620 9616.
9620 9624 9625 9621.
9621 9625 9626 9622.
9622 9626 9627 9623.
9623 9627 9624 9620.
9628 9629 9630 9631.
9631 9630 9632 9633.
9633 9632 9634 9635.
9635 9634 9629 9628.
9636 9637 9638 9639.
9639 9638 9640 9641.
9641 9640 9642 9643.
9643 9642 9637 9636.
9637 9644 9645 9638.
9638 9645 9646 9640.
9640 9646 9647 9642.
9642 9647 9644 9637.
9644 9648 9649 9645.
9645 9649 9650 9646.
9646 9650 9651 9647.
9647 9651 9648 9644.
9648 9652 9653 9649.
9649 9653 9654 9650.
9650 9654 9655 9651.
9651 9655 9652 9648.
9656 9657 9658 9659.
9659 9658 9660 9661.
9661 9660 9662 9663.
9663 9662 9657 9656.
9664 9665 9666 9667.
9667 9666 9668 9669.
9669 9668 9670 9671.
9671 9670 9665 9664.
9665 9672 9673 9666.
9666 9673 9674 9668.
9668 9674 9675 9670.
9670 9675 9672 9665.
9672 9676 9677 9673.
9673 9677 9678 9674.
9674 9678 9679 9675.
9675 9679 9676 9672.
9676 9680 9681 9677.
9677 9681 9682 9678.
9678 9682 9683 9679.
9679 9683 9680 9676.
9684 9685 9686 9687.
9687 9686 9688 9689.
9689 9688 9690 9691.
9691 9690 9685 9684.
9692 9693 9694 9695.
9695 9694 9696 9697.
9697 9696 9698 9699.
9699 9698 9693 9692.
9693 9700 9701 9694.
9694 9701 9702 9696.
9696 9702 9703 9698.
9698 9703 9700 9693.
9700 9704 9705 9701.
9701 9705 9706 9702.
9702 9706 9707 9703.
9703 9707 9704 9700.
9704 9708 9709 9705.
9705 9709 9710 9706.
9706 9710 9711 9707.
9707 9711 9708 9704.
9712 9713 9714 9715.
9715 9714 9716 9717.
9717 9716 9718 9719.
9719 9718 9713 9712.
9720 9721 9722 9723.
9723 9722 9724 9725.
9725 9724 9726 9727.
9727 9726 9721 9720.
9721 9728 9729 9722.
9722 9729 9730 9724.
9724 9730 9731 9726.
9726 9731 9728 9721.
9728 9732 9733 9729.
9729 9733 9734 9730.
9730 9734 9735 9731.
9731 9735 9732 9728.
9732 9736 9737 9733.
9733 9737 9738 9734.
9734 9738 9739 9735.
9735 9739 9736 9732.
9740 9741 9742 9743.
9743 9742 9744 9745.
9745 9744 9746 9747.
9747 9746 9741 9740.
9748 9749 9750 9751.
9751 9750 9752 9753.
9753 9752 9754 9755.
9755 9754 9749 9748.
9749 9756 9757 9750.
9750 9757 9758 9752.
9752 9758 9759 9754.
9754 9759 9756 9749.
9756 9760 9761 9757.
9757 9761 9762 9758.
9758 9762 9763 9759.
9759 9763 9760 9756.
9760 9764 9765 9761.
9761 9765 9766 9762.
9762 9766 9767 9763.
9763 9767 9764 9760.
9768 9769 9770 9771.
9771 9770 9772 9773.
9773 9772 9774 9775.
9775 9774 9769 9768.
9776 9777 9778 9779.
9779 9778 9780 9781.
9781 9780 9782 9783.
9783 9782 9777 9776.
9777 9784 9785 9778.
9778 9785 9786 9780.
9780 9786 9787 9782.
9782 9787 9784 9777.
9784 9788 9789 9785.
9785 9789 9790 9786.
9786 9790 9791 9787.
9787 9791 9788 9784.
9788 9792 9793 9789.
9789 9793 9794 9790.
9790 9794 9795 9791.
9791 9795 9792 9788.
9796 9797 9798 9799.
9799 9798 9800 9801.
9801 9800 9802 9803.
9803 9802 9797 9796.
9804 9805 9806 9807.
9807 9806 9808 9809.
9809 9808 9810 9811.
9811 9810 9805 9804.
9805 9812 9813 9806.
9806 9813 9814 9808.
9808 9814 9815 9810.
9810 9815 9812 9805.
9812 9816 9817 9813.
9813 9817 9818 9814.
9814 9818 9819 9815.
9815 9819 9816 9812.
9816 9820 9821 9817.
9817 9821 9822 9818.
9818 9822 9823 9819.
9819 9823 9820 9816.
9824 9825 9826 9827.
9827 9826 9828 9829.
9829 9828 9830 9831.
9831 9830 9825 9824.
9832 9833 9834 9835.
9835 9834 9836 9837.
9837 9836 9838 9839.
9839 9838 9833 9832.
9833 9840 9841 9834.
9834 9841 9842 9836.
9836 9842 9843 9838.
9838 9843 9840 9833.
9840 9844 9845 9841.
9841 9845 9846 9842.
9842 9846 9847 9843.
9843 9847 9844 9840.
9844 9848 9849 9845.
9845 9849 9850 9846.
9846 9850 9851 9847.
9847 9851 9848 9844.
9852 9853 9854 9855.
9855 9854 9856 9857.
9857 9856 9858 9859.
9859 9858 9853 9852.
9860 9861 9862 9863.
9863 9862 9864 9865.
9865 9864 9866 9867.
9867 9866 9861 9860.
9861 9868 9869 9862.
9862 9869 9870 9864.
9864 9870 9871 9866.
9866 9871 9868 9861.
9868 9872 9873 9869.
9869 9873 9874 9870.
9870 9874 9875 9871.
9871 9875 9872 9868.
9872 9876 9877 9873.
9873 9877 9878 9874.
9874 9878 9879 9875.
9875 9879 9876 9872.
9880 9881 9882 9883.
9883 9882 9884 9885.
9885 9884 9886 9887.
9887 9886 9881 9880.
9888 9889 9890 9891.
9891 9890 9892 9893.
9893 9892 9894 9895.
9895 9894 9889 9888.
9889 9896 9897 9890.
9890 9897 9898 9892.
9892 9898 9899 9894.
9894 9899 9896 9889.
9896 9900 9901 9897.
9897 9901 9902 9898.
9898 9902 9903 9899.
9899 9903 9900 9896.
9900 9904 9905 9901.
9901 9905 9906 9902.
9902 9906 9907 9903.
9903 9907 9904 9900.
9908 9909 9910 9911.
9911 9910 9912 9913.
9913 9912 9914 9915.
9915 9914 9909 9908.
9916 9917 9918 9919.
9919 9918 9920 9921.
9921 9920 9922 9923.
9923 9922 9917 9916.
9917 9924 9925 9918.
9918 9925 9926 9920.
9920 9926 9927 9922.
9922 9927 9924 9917.
9924 9928 9929 9925.
9925 9929 9930 9926.
9926 9930 9931 9927.
9927 9931 9928 9924.
9928 9932 9933 9929.
9929 9933 9934 9930.
9930 9934 9935 9931.
9931 9935 9932 9928.
9936 9937 9938 9939.
9939 9938 9940 9941.
9941 9940 9942 9943.
9943 9942 9937 9936.
9944 9945 9946 9947.
9947 9946 9948 9949.
9949 9948 9950 9951.
9951 9950 9945 9944.
9945 9952 9953 9946.
9946 9953 9954 9948.
9948 9954 9955 9950.
9950 9955 9952 9945.
9952 9956 9957 9953.
9953 9957 9958 9954.
9954 9958 9959 9955.
9955 9959 9956 9952.
9956 9960 9961 9957.
9957 9961 9962 9958.
9958 9962 9963 9959.
9959 9963 9960 9956.
9964 9965 9966 9967.
9967 9966 9968 9969.
9969 9968 9970 9971.
9971 9970 9965 9964.
9972 9973 9974 9975.
9975 9974 9976 9977.
9977 9976 9978 9979.
9979 9978 9973 9972.
9973 9980 9981 9974.
9974 9981 9982 9976.
9976 9982 9983 9978.
9978 9983 9980 9973.
9980 9984 9985 9981.
9981 9985 9986 9982.
9982 9986 9987 9983.
9983 9987 9984 9980.
9984 9988 9989 9985.
9985 9989 9990 9986.
9986 9990 9991 9987.
9987 9991 9988 9984.
9992 9993 9994 9995.
9995 9994 9996 9997.
9997 9996 9998 9999.
9999 9998 9993 9992.
10000 10001 10002 10003.
10003 10002 10004 10005.
10005 10004 10006 10007.
10007 10006 10001 10000.
10001 10008 10009 10002.
10002 10009 10010 10004.
10004 10010 10011 10006.
10006 10011 10008 10001.
10008 10012 10013 10009.
10009 10013 10014 10010.
10010 10014 10015 10011.
10011 10015 10012 10008.
10012 10016 10017 10013.
10013 10017 10018 10014.
10014 10018 10019 10015.
10015 10019 10016 10012.
10020 10021 10022 10023.
10023 10022 10024 10025.
10025 10024 10026 10027.
10027 10026 10021 10020.
10028 10029 10030 10031.
10031 10030 10032 10033.
10033 10032 10034 10035.
10035 10034 10029 10028.
10029 10036 10037 10030.
10030 10037 10038 10032.
10032 10038 10039 10034.
10034 10039 10036 10029.
10036 10040 10041 10037.
10037 10041 10042 10038.
10038 10042 10043 10039.
10039 10043 10040 10036.
10040 10044 10045 10041.
10041 10045 10046 10042.
10042 10046 10047 10043.
10043 10047 10044 10040.
10048 10049 10050 10051.
10051 10050 10052 10053.
10053 10052 10054 10055.
10055 10054 10049 10048.
10056 10057 10058 10059.
10059 10058 10060 10061.
10061 10060 10062 10063.
10063 10062 10057 10056.
10057 10064 10065 10058.
10058 10065 10066 10060.
10060 10066 10067 10062.
10062 10067 10064 10057.
10064 10068 10069 10065.
10065 10069 10070 10066.
10066 10070 10071 10067.
10067 10071 10068 10064.
10068 10072 10073 10069.
10069 10073 10074 10070.
10070 10074 10075 10071.
10071 10075 10072 10068.
10076 10077 10078 10079.
10079 10078 10080 10081.
10081 10080 10082 10083.
10083 10082 10077 10076.
10084 10085 10086 10087.
10087 10086 10088 10089.
10089 10088 10090 10091.
10091 10090 10085 10084.
10085 10092 10093 10086.
10086 10093 10094 10088.
10088 10094 10095 10090.
10090 10095 10092 10085.
10092 10096 10097 10093.
10093 10097 10098 10094.
10094 10098 10099 10095.
10095 10099 10096 10092.
10096 10100 10101 10097.
10097 10101 10102 10098.
10098 10102 10103 10099.
10099 10103 10100 10096.
10104 10105 10106 10107.
10107 10106 10108 10109.
10109 10108 10110 10111.
10111 10110 10105 10104.
10112 10113 10114 10115.
10115 10114 10116 10117.
10117 10116 10118 10119.
10119 10118 10113 10112.
10113 10120 10121 10114.
10114 10121 10122 10116.
10116 10122 10123 10118.
10118 10123 10120 10113.
10120 10124 10125 10121.
10121 10125 10126 10122.
10122 10126 10127 10123.
10123 10127 10124 10120.
10124 10128 10129 10125.
10125 10129 10130 10126.
10126 10130 10131 10127.
10127 10131 10128 10124.
10132 10133 10134 10135.
10135 10134 10136 10137.
10137 10136 10138 10139.
10139 10138 10133 10132.
10140 10141 10142 10143.
10143 10142 10144 10145.
10145 10144 10146 10147.
10147 10146 10141 10140.
10141 10148 10149 10142.
10142 10149 10150 10144.
10144 10150 10151 10146.
10146 10151 10148 10141.
10148 10152 10153 10149.
10149 10153 10154 10150.
10150 10154 10155 10151.
10151 10155 10152 10148.
10152 10156 10157 10153.
10153 10157 10158 10154.
10154 10158 10159 10155.
10155 10159 10156 10152.
10160 10161 10162 10163.
10163 10162 10164 10165.
10165 10164 10166 10167.
10167 10166 10161 10160.
10168 10169 10170 10171.
10171 10170 10172 10173.
10173 10172 10174 10175.
10175 10174 10169 10168.
10169 10176 10177 10170.
10170 10177 10178 10172.
10172 10178 10179 10174.
10174 10179 10176 10169.
10176 10180 10181 10177.
10177 10181 10182 10178.
10178 10182 10183 10179.
10179 10183 10180 10176.
10180 10184 10185 10181.
10181 10185 10186 10182.
10182 10186 10187 10183.
10183 10187 10184 10180.
10188 10189 10190 10191.
10191 10190 10192 10193.
10193 10192 10194 10195.
10195 10194 10189 10188.
10196 10197 10198 10199.
10199 10198 10200 10201.
10201 10200 10202 10203.
10203 10202 10197 10196.
10197 10204 10205 10198.
10198 10205 10206 10200.
10200 10206 10207 10202.
10202 10207 10204 10197.
10204 10208 10209 10205.
10205 10209 10210 10206.
10206 10210 10211 10207.
10207 10211 10208 10204.
10208 10212 10213 10209.
10209 10213 10214 10210.
10210 10214 10215 10211.
10211 10215 10212 10208.
10216 10217 10218 10219.
10219 10218 10220 10221.
10221 10220 10222 10223.
10223 10222 10217 10216.
10224 10225 10226 10227.
10227 10226 10228 10229.
10229 10228 10230 10231.
10231 10230 10225 10224.
10225 10232 10233 10226.
10226 10233 10234 10228.
10228 10234 10235 10230.
10230 10235 10232 10225.
10232 10236 10237 10233.
10233 10237 10238 10234.
10234 10238 10239 10235.
10235 10239 10236 10232.
10236 10240 10241 10237.
10237 10241 10242 10238.
10238 10242 10243 10239.
10239 10243 10240 10236.
10244 10245 10246 10247.
10247 10246 10248 10249.
10249 10248 10250 10251.
10251 10250 10245 10244.
10252 10253 10254 10255.
10255 10254 10256 10257.
10257 10256 10258 10259.
10259 10258 10253 10252.
10253 10260 10261 10254.
10254 10261 10262 10256.
10256 10262 10263 10258.
10258 10263 10260 10253.
10260 10264 10265 10261.
10261 10265 10266 10262.
10262 10266 10267 10263.
10263 10267 10264 10260.
10264 10268 10269 10265.
10265 10269 10270 10266.
10266 10270 10271 10267.
10267 10271 10268 10264.
10272 10273 10274 10275.
10275 10274 10276 10277.
10277 10276 10278 10279.
10279 10278 10273 10272.
10280 10281 10282 10283.
10283 10282 10284 10285.
10285 10284 10286 10287.
10287 10286 10281 10280.
10281 10288 10289 10282.
10282 10289 10290 10284.
10284 10290 10291 10286.
10286 10291 10288 10281.
10288 10292 10293 10289.
10289 10293 10294 10290.
10290 10294 10295 10291.
10291 10295 10292 10288.
10292 10296 10297 10293.
10293 10297 10298 10294.
10294 10298 10299 10295.
10295 10299 10296 10292.
10300 10301 10302 10303.
10303 10302 10304 10305.
10305 10304 10306 10307.
10307 10306 10301 10300.
10308 10309 10310 10311.
10311 10310 10312 10313.
10313 10312 10314 10315.
10315 10314 10309 10308.
10309 10316 10317 10310.
10310 10317 10318 10312.
10312 10318 10319 10314.
10314 10319 10316 10309.
10316 10320 10321 10317.
10317 10321 10322 10318.
10318 10322 10323 10319.
10319 10323 10320 10316.
10320 10324 10325 10321.
10321 10325 10326 10322.
10322 10326 10327 10323.
10323 10327 10324 10320.
10328 10329 10330 10331.
10331 10330 10332 10333.
10333 10332 10334 10335.
10335 10334 10329 10328.
10336 10337 10338 10339.
10339 10338 10340 10341.
10341 10340 10342 10343.
10343 10342 10337 10336.
10337 10344 10345 10338.
10338 10345 10346 10340.
10340 10346 10347 10342.
10342 10347 10344 10337.
10344 10348 10349 10345.
10345 10349 10350 10346.
10346 10350 10351 10347.
10347 10351 10348 10344.
10348 10352 10353 10349.
10349 10353 10354 10350.
10350 10354 10355 10351.
10351 10355 10352 10348.
10356 10357 10358 10359.
10359 10358 10360 10361.
10361 10360 10362 10363.
10363 10362 10357 10356.
10364 10365 10366 10367.
10367 10366 10368 10369.
10369 10368 10370 10371.
10371 10370 10365 10364.
10365 10372 10373 10366.
10366 10373 10374 10368.
10368 10374 10375 10370.
10370 10375 10372 10365.
10372 10376 10377 10373.
10373 10377 10378 10374.
10374 10378 10379 10375.
10375 10379 10376 10372.
10376 10380 10381 10377.
10377 10381 10382 10378.
10378 10382 10383 10379.
10379 10383 10380 10376.
10384 10385 10386 10387.
10387 10386 10388 10389.
10389 10388 10390 10391.
10391 10390 10385 10384.
10392 10393 10394 10395.
10395 10394 10396 10397.
10397 10396 10398 10399.
10399 10398 10393 10392.
10393 10400 10401 10394.
10394 10401 10402 10396.
10396 10402 10403 10398.
10398 10403 10400 10393.
10400 10404 10405 10401.
10401 10405 10406 10402.
10402 10406 10407 10403.
10403 10407 10404 10400.
10404 10408 10409 10405.
10405 10409 10410 10406.
10406 10410 10411 10407.
10407 10411 10408 10404.
10412 10413 10414 10415.
10415 10414 10416 10417.
10417 10416 10418 10419.
10419 10418 10413 10412.
10420 10421 10422 10423.
10423 10422 10424 10425.
10425 10424 10426 10427.
10427 10426 10421 10420.
10421 10428 10429 10422.
10422 10429 10430 10424.
10424 10430 10431 10426.
10426 10431 10428 10421.
10428 10432 10433 10429.
10429 10433 10434 10430.
10430 10434 10435 10431.
10431 10435 10432 10428.
10432 10436 10437 10433.
10433 10437 10438 10434.
10434 10438 10439 10435.
10435 10439 10436 10432.
10440 10441 10442 10443.
10443 10442 10444 10445.
10445 10444 10446 10447.
10447 10446 10441 10440.
10448 10449 10450 10451.
10451 10450 10452 10453.
10453 10452 10454 10455.
10455 10454 10449 10448.
10449 10456 10457 10450.
10450 10457 10458 10452.
10452 10458 10459 10454.
10454 10459 10456 10449.
10456 10460 10461 10457.
10457 10461 10462 10458.
10458 10462 10463 10459.
10459 10463 10460 10456.
10460 10464 10465 10461.
10461 10465 10466 10462.
10462 10466 10467 10463.
10463 10467 10464 10460.
10468 10469 10470 10471.
10471 10470 10472 10473.
10473 10472 10474 10475.
10475 10474 10469 10468.
10476 10477 10478 10479.
10479 10478 10480 10481.
10481 10480 10482 10483.
10483 10482 10477 10476.
10477 10484 10485 10478.
10478 10485 10486 10480.
10480 10486 10487 10482.
10482 10487 10484 10477.
10484 10488 10489 10485.
10485 10489 10490 10486.
10486 10490 10491 10487.
10487 10491 10488 10484.
10488 10492 10493 10489.
10489 10493 10494 10490.
10490 10494 10495 10491.
10491 10495 10492 10488.
10496 10497 10498 10499.
10499 10498 10500 10501.
10501 10500 10502 10503.
10503 10502 10497 10496.
10504 10505 10506 10507.
10507 10506 10508 10509.
10509 10508 10510 10511.
10511 10510 10505 10504.
10505 10512 10513 10506.
10506 10513 10514 10508.
10508 10514 10515 10510.
10510 10515 10512 10505.
10512 10516 10517 10513.
10513 10517 10518 10514.
10514 10518 10519 10515.
10515 10519 10516 10512.
10516 10520 10521 10517.
10517 10521 10522 10518.
10518 10522 10523 10519.
10519 10523 10520 10516.
10524 10525 10526 10527.
10527 10526 10528 10529.
10529 10528 10530 10531.
10531 10530 10525 10524.
10532 10533 10534 10535.
10535 10534 10536 10537.
10537 10536 10538 10539.
10539 10538 10533 10532.
10533 10540 10541 10534.
10534 10541 10542 10536.
10536 10542 10543 10538.
10538 10543 10540 10533.
10540 10544 10545 10541.
10541 10545 10546 10542.
10542 10546 10547 10543.
10543 10547 10544 10540.
10544 10548 10549 10545.
10545 10549 10550 10546.
10546 10550 10551 10547.
10547 10551 10548 10544.
10552 10553 10554 10555.
10555 10554 10556 10557.
10557 10556 10558 10559.
10559 10558 10553 10552.
10560 10561 10562 10563.
10563 10562 10564 10565.
10565 10564 10566 10567.
10567 10566 10561 10560.
10561 10568 10569 10562.
10562 10569 10570 10564.
10564 10570 10571 10566.
10566 10571 10568 10561.
10568 10572 10573 10569.
10569 10573 10574 10570.
10570 10574 10575 10571.
10571 10575 10572 10568.
10572 10576 10577 10573.
10573 10577 10578 10574.
10574 10578 10579 10575.
10575 10579 10576 10572.
10580 10581 10582 10583.
10583 10582 10584 10585.
10585 10584 10586 10587.
10587 10586 10581 10580.
10588 10589 10590 10591.
10591 10590 10592 10593.
10593 10592 10594 10595.
10595 10594 10589 10588.
10589 10596 10597 10590.
10590 10597 10598 10592.
10592 10598 10599 10594.
10594 10599 10596 10589.
10596 10600 10601 10597.
10597 10601 10602 10598.
10598 10602 10603 10599.
10599 10603 10600 10596.
10600 10604 10605 10601.
10601 10605 10606 10602.
10602 10606 10607 10603.
10603 10607 10604 10600.
10608 10609 10610 10611.
10611 10610 10612 10613.
10613 10612 10614 10615.
10615 10614 10609 10608.
10616 10617 10618 10619.
10619 10618 10620 10621.
10621 10620 10622 10623.
10623 10622 10617 10616.
10617 10624 10625 10618.
10618 10625 10626 10620.
10620 10626 10627 10622.
10622 10627 10624 10617.
10624 10628 10629 10625.
10625 10629 10630 10626.
10626 10630 10631 10627.
10627 10631 10628 10624.
10628 10632 10633 10629.
10629 10633 10634 10630.
10630 10634 10635 10631.
10631 10635 10632 10628.
10636 10637 10638 10639.
10639 10638 10640 10641.
10641 10640 10642 10643.
10643 10642 10637 10636.
10644 10645 10646 10647.
10647 10646 10648 10649.
10649 10648 10650 10651.
10651 10650 10645 10644.
10645 10652 10653 10646.
10646 10653 10654 10648.
10648 10654 10655 10650.
10650 10655 10652 10645.
10652 10656 10657 10653.
10653 10657 10658 10654.
10654 10658 10659 10655.
10655 10659 10656 10652.
10656 10660 10661 10657.
10657 10661 10662 10658.
10658 10662 10663 10659.
10659 10663 10660 10656.
10664 10665 10666 10667.
10667 10666 10668 10669.
10669 10668 10670 10671.
10671 10670 10665 10664.
10665 10672 10673 10666.
10666 10673 10674 10668.
10668 10674 10675 10670.
10670 10675 10672 10665.
10672 10676 10677 10673.
10673 10677 10678 10674.
10674 10678 10679 10675.
10675 10679 10676 10672.
10676 10680 10681 10677.
10677 10681 10682 10678.
10678 10682 10683 10679.
10679 10683 10680 10676.
10680 10684 10685 10681.
10681 10685 10686 10682.
10682 10686 10687 10683.
10683 10687 10684 10680.
10684 10688 10689 10685.
10685 10689 10690 10686.
10686 10690 10691 10687.
10687 10691 10688 10684.
10688 10692 10693 10689.
10689 10693 10694 10690.
10690 10694 10695 10691.
10691 10695 10692 10688.
10692 10696 10697 10693.
10693 10697 10698 10694.
10694 10698 10699 10695.
10695 10699 10696 10692.
10696 10700 10701 10697.
10697 10701 10702 10698.
10698 10702 10703 10699.
10699 10703 10700 10696.
10700 10704 10705 10701.
10701 10705 10706 10702.
10702 10706 10707 10703.
10703 10707 10704 10700.
10704 10708 10709 10705.
10705 10709 10710 10706.
10706 10710 10711 10707.
10707 10711 10708 10704.
10708 10712 10713 10709.
10709 10713 10714 10710.
10710 10714 10715 10711.
10711 10715 10712 10708.
10712 10716 10717 10713.
10713 10717 10718 10714.
10714 10718 10719 10715.
10715 10719 10716 10712.
10716 10720 10721 10717.
10717 10721 10722 10718.
10718 10722 10723 10719.
10719 10723 10720 10716.
10720 10724 10725 10721.
10721 10725 10726 10722.
10722 10726 10727 10723.
10723 10727 10724 10720.
10724 10728 10729 10725.
10725 10729 10730 10726.
10726 10730 10731 10727.
10727 10731 10728 10724.
10728 10732 10733 10729.
10729 10733 10734 10730.
10730 10734 10735 10731.
10731 10735 10732 10728.
10732 10736 10737 10733.
10733 10737 10738 10734.
10734 10738 10739 10735.
10735 10739 10736 10732.
10736 10740 10741 10737.
10737 10741 10742 10738.
10738 10742 10743 10739.
10739 10743 10740 10736.
10740 10744 10745 10741.
10741 10745 10746 10742.
10742 10746 10747 10743.
10743 10747 10744 10740.
10744 10748 10749 10745.
10745 10749 10750 10746.
10746 10750 10751 10747.
10747 10751 10748 10744.
10748 10752 10753 10749.
10749 10753 10754 10750.
10750 10754 10755 10751.
10751 10755 10752 10748.
10752 10756 10757 10753.
10753 10757 10758 10754.
10754 10758 10759 10755.
10755 10759 10756 10752.
10756 10760 10761 10757.
10757 10761 10762 10758.
10758 10762 10763 10759.
10759 10763 10760 10756.
10760 10764 10765 10761.
10761 10765 10766 10762.
10762 10766 10767 10763.
10763 10767 10764 10760.
10764 10768 10769 10765.
10765 10769 10770 10766.
10766 10770 10771 10767.
10767 10771 10768 10764.
10768 10772 10773 10769.
10769 10773 10774 10770.
10770 10774 10775 10771.
10771 10775 10772 10768.
10772 10776 10777 10773.
10773 10777 10778 10774.
10774 10778 10779 10775.
10775 10779 10776 10772.
10776 10780 10781 10777.
10777 10781 10782 10778.
10778 10782 10783 10779.
10779 10783 10780 10776.
10780 10784 10785 10781.
10781 10785 10786 10782.
10782 10786 10787 10783.
10783 10787 10784 10780.
10784 10788 10789 10785.
10785 10789 10790 10786.
10786 10790 10791 10787.
10787 10791 10788 10784.
10788 10792 10793 10789.
10789 10793 10794 10790.
10790 10794 10795 10791.
10791 10795 10792 10788.
10792 10796 10797 10793.
10793 10797 10798 10794.
10794 10798 10799 10795.
10795 10799 10796 10792.
10796 10800 10801 10797.
10797 10801 10802 10798.
10798 10802 10803 10799.
10799 10803 10800 10796.
10800 10804 10805 10801.
10801 10805 10806 10802.
10802 10806 10807 10803.
10803 10807 10804 10800.
10804 10808 10809 10805.
10805 10809 10810 10806.
10806 10810 10811 10807.
10807 10811 10808 10804.
10808 10812 10813 10809.
10809 10813 10814 10810.
10810 10814 10815 10811.
10811 10815 10812 10808.
10812 10816 10817 10813.
10813 10817 10818 10814.
10814 10818 10819 10815.
10815 10819 10816 10812.
10816 10820 10821 10817.
10817 10821 10822 10818.
10818 10822 10823 10819.
10819 10823 10820 10816.
10820 10824 10825 10821.
10821 10825 10826 10822.
10822 10826 10827 10823.
10823 10827 10824 10820.
10824 10828 10829 10825.
10825 10829 10830 10826.
10826 10830 10831 10827.
10827 10831 10828 10824.
10828 10832 10833 10829.
10829 10833 10834 10830.
10830 10834 10835 10831.
10831 10835 10832 10828.
10832 10836 10837 10833.
10833 10837 10838 10834.
10834 10838 10839 10835.
10835 10839 10836 10832.
10836 10840 10841 10837.
10837 10841 10842 10838.
10838 10842 10843 10839.
10839 10843 10840 10836.
10840 10844 10845 10841.
10841 10845 10846 10842.
10842 10846 10847 10843.
10843 10847 10844 10840.
10844 10848 10849 10845.
10845 10849 10850 10846.
10846 10850 10851 10847.
10847 10851 10848 10844.
10848 10852 10853 10849.
10849 10853 10854 10850.
10850 10854 10855 10851.
10851 10855 10852 10848.
10852 10856 10857 10853.
10853 10857 10858 10854.
10854 10858 10859 10855.
10855 10859 10856 10852.
10856 10860 10861 10857.
10857 10861 10862 10858.
10858 10862 10863 10859.
10859 10863 10860 10856.
10860 10864 10865 10861.
10861 10865 10866 10862.
10862 10866 10867 10863.
10863 10867 10864 10860.
10864 10868 10869 10865.
10865 10869 10870 10866.
10866 10870 10871 10867.
10867 10871 10868 10864.
10868 10872 10873 10869.
10869 10873 10874 10870.
10870 10874 10875 10871.
10871 10875 10872 10868.
10872 10876 10877 10873.
10873 10877 10878 10874.
10874 10878 10879 10875.
10875 10879 10876 10872.
10876 10880 10881 10877.
10877 10881 10882 10878.
10878 10882 10883 10879.
10879 10883 10880 10876.
10880 10884 10885 10881.
10881 10885 10886 10882.
10882 10886 10887 10883.
10883 10887 10884 10880.
10884 10888 10889 10885.
10885 10889 10890 10886.
10886 10890 10891 10887.
10887 10891 10888 10884.
10888 10892 10893 10889.
10889 10893 10894 10890.
10890 10894 10895 10891.
10891 10895 10892 10888.
10892 10896 10897 10893.
10893 10897 10898 10894.
10894 10898 10899 10895.
10895 10899 10896 10892.
10896 10900 10901 10897.
10897 10901 10902 10898.
10898 10902 10903 10899.
10899 10903 10900 10896.
10900 10904 10905 10901.
10901 10905 10906 10902.
10902 10906 10907 10903.
10903 10907 10904 10900.
10904 10908 10909 10905.
10905 10909 10910 10906.
10906 10910 10911 10907.
10907 10911 10908 10904.
10908 10912 10913 10909.
10909 10913 10914 10910.
10910 10914 10915 10911.
10911 10915 10912 10908.
10912 10916 10917 10913.
10913 10917 10918 10914.
10914 10918 10919 10915.
10915 10919 10916 10912.
10916 10920 10921 10917.
10917 10921 10922 10918.
10918 10922 10923 10919.
10919 10923 10920 10916.
10920 10924 10925 10921.
10921 10925 10926 10922.
10922 10926 10927 10923.
10923 10927 10924 10920.
10924 10928 10929 10925.
10925 10929 10930 10926.
10926 10930 10931 10927.
10927 10931 10928 10924.
10928 10932 10933 10929.
10929 10933 10934 10930.
10930 10934 10935 10931.
10931 10935 10932 10928.
10932 10936 10937 10933.
10933 10937 10938 10934.
10934 10938 10939 10935.
10935 10939 10936 10932.
10936 10940 10941 10937.
10937 10941 10942 10938.
10938 10942 10943 10939.
10939 10943 10940 10936.
10940 10944 10945 10941.
10941 10945 10946 10942.
10942 10946 10947 10943.
10943 10947 10944 10940.
10944 10948 10949 10945.
10945 10949 10950 10946.
10946 10950 10951 10947.
10947 10951 10948 10944.
10948 10952 10953 10949.
10949 10953 10954 10950.
10950 10954 10955 10951.
10951 10955 10952 10948.
10952 10956 10957 10953.
10953 10957 10958 10954.
10954 10958 10959 10955.
10955 10959 10956 10952.
10956 10960 10961 10957.
10957 10961 10962 10958.
10958 10962 10963 10959.
10959 10963 10960 10956.
10960 10964 10965 10961.
10961 10965 10966 10962.
10962 10966 10967 10963.
10963 10967 10964 10960.
10964 10968 10969 10965.
10965 10969 10970 10966.
10966 10970 10971 10967.
10967 10971 10968 10964.
10968 10972 10973 10969.
10969 10973 10974 10970.
10970 10974 10975 10971.
10971 10975 10972 10968.
10972 10976 10977 10973.
10973 10977 10978 10974.
10974 10978 10979 10975.
10975 10979 10976 10972.
10976 10980 10981 10977.
10977 10981 10982 10978.
10978 10982 10983 10979.
10979 10983 10980 10976.
10980 10984 10985 10981.
10981 10985 10986 10982.
10982 10986 10987 10983.
10983 10987 10984 10980.
10984 10988 10989 10985.
10985 10989 10990 10986.
10986 10990 10991 10987.
10987 10991 10988 10984.
10988 10992 10993 10989.
10989 10993 10994 10990.
10990 10994 10995 10991.
10991 10995 10992 10988.
10992 10996 10997 10993.
10993 10997 10998 10994.
10994 10998 10999 10995.
10995 10999 10996 10992.
10996 11000 11001 10997.
10997 11001 11002 10998.
10998 11002 11003 10999.
10999 11003 11000 10996.
11000 11004 11005 11001.
11001 11005 11006 11002.
11002 11006 11007 11003.
11003 11007 11004 11000.
11004 11008 11009 11005.
11005 11009 11010 11006.
11006 11010 11011 11007.
11007 11011 11008 11004.
11008 11012 11013 11009.
11009 11013 11014 11010.
11010 11014 11015 11011.
11011 11015 11012 11008.
11012 11016 11017 11013.
11013 11017 11018 11014.
11014 11018 11019 11015.
11015 11019 11016 11012.
11016 11020 11021 11017.
11017 11021 11022 11018.
11018 11022 11023 11019.
11019 11023 11020 11016.
11020 11024 11025 11021.
11021 11025 11026 11022.
11022 11026 11027 11023.
11023 11027 11024 11020.
11024 11028 11029 11025.
11025 11029 11030 11026.
11026 11030 11031 11027.
11027 11031 11028 11024.
11028 10664 10667 11029.
11029 10667 10669 11030.
11030 10669 10671 11031.
11031 10671 10664 11028.
11032 11033 11034 11035.
11035 11034 11036 11037.
11037 11036 11038 11039.
11039 11038 11033 11032.
11033 11040 11041 11034.
11034 11041 11042 11036.
11036 11042 11043 11038.
11038 11043 11040 11033.
11040 11044 11045 11041.
11041 11045 11046 11042.
11042 11046 11047 11043.
11043 11047 11044 11040.
11044 11048 11049 11045.
11045 11049 11050 11046.
11046 11050 11051 11047.
11047 11051 11048 11044.
11048 11052 11053 11049.
11049 11053 11054 11050.
11050 11054 11055 11051.
11051 11055 11052 11048.
11052 11056 11057 11053.
11053 11057 11058 11054.
11054 11058 11059 11055.
11055 11059 11056 11052.
11056 11060 11061 11057.
11057 11061 11062 11058.
11058 11062 11063 11059.
11059 11063 11060 11056.
11060 11064 11065 11061.
11061 11065 11066 11062.
11062 11066 11067 11063.
11063 11067 11064 11060.
11064 11068 11069 11065.
11065 11069 11070 11066.
11066 11070 11071 11067.
11067 11071 11068 11064.
11068 11072 11073 11069.
11069 11073 11074 11070.
11070 11074 11075 11071.
11071 11075 11072 11068.
11072 11076 11077 11073.
11073 11077 11078 11074.
11074 11078 11079 11075.
11075 11079 11076 11072.
11076 11080 11081 11077.
11077 11081 11082 11078.
11078 11082 11083 11079.
11079 11083 11080 11076.
11080 11084 11085 11081.
11081 11085 11086 11082.
11082 11086 11087 11083.
11083 11087 11084 11080.
11084 11088 11089 11085.
11085 11089 11090 11086.
11086 11090 11091 11087.
11087 11091 11088 11084.
11088 11092 11093 11089.
11089 11093 11094 11090.
11090 11094 11095 11091.
11091 11095 11092 11088.
11092 11096 11097 11093.
11093 11097 11098 11094.
11094 11098 11099 11095.
11095 11099 11096 11092.
11096 11100 11101 11097.
11097 11101 11102 11098.
11098 11102 11103 11099.
11099 11103 11100 11096.
11100 11104 11105 11101.
11101 11105 11106 11102.
11102 11106 11107 11103.
11103 11107 11104 11100.
11104 11108 11109 11105.
11105 11109 11110 11106.
11106 11110 11111 11107.
11107 11111 11108 11104.
11108 11112 11113 11109.
11109 11113 11114 11110.
11110 11114 11115 11111.
11111 11115 11112 11108.
11112 11116 11117 11113.
11113 11117 11118 11114.
11114 11118 11119 11115.
11115 11119 11116 11112.
11116 11120 11121 11117.
11117 11121 11122 11118.
11118 11122 11123 11119.
11119 11123 11120 11116.
11120 11124 11125 11121.
11121 11125 11126 11122.
11122 11126 11127 11123.
11123 11127 11124 11120.
11124 11128 11129 11125.
11125 11129 11130 11126.
11126 11130 11131 11127.
11127 11131 11128 11124.
11128 11132 11133 11129.
11129 11133 11134 11130.
11130 11134 11135 11131.
11131 11135 11132 11128.
11132 11136 11137 11133.
11133 11137 11138 11134.
11134 11138 11139 11135.
11135 11139 11136 11132.
11136 11140 11141 11137.
11137 11141 11142 11138.
11138 11142 11143 11139.
11139 11143 11140 11136.
11140 11144 11145 11141.
11141 11145 11146 11142.
11142 11146 11147 11143.
11143 11147 11144 11140.
11144 11148 11149 11145.
11145 11149 11150 11146.
11146 11150 11151 11147.
11147 11151 11148 11144.
11148 11152 11153 11149.
11149 11153 11154 11150.
11150 11154 11155 11151.
11151 11155 11152 11148.
11152 11156 11157 11153.
11153 11157 11158 11154.
11154 11158 11159 11155.
11155 11159 11156 11152.
11156 11160 11161 11157.
11157 11161 11162 11158.
11158 11162 11163 11159.
11159 11163 11160 11156.
11160 11164 11165 11161.
11161 11165 11166 11162.
11162 11166 11167 11163.
11163 11167 11164 11160.
11164 11168 11169 11165.
11165 11169 11170 11166.
11166 11170 11171 11167.
11167 11171 11168 11164.
11168 11172 11173 11169.
11169 11173 11174 11170.
11170 11174 11175 11171.
11171 11175 11172 11168.
11172 11176 11177 11173.
11173 11177 11178 11174.
11174 11178 11179 11175.
11175 11179 11176 11172.
11176 11180 11181 11177.
11177 11181 11182 11178.
11178 11182 11183 11179.
11179 11183 11180 11176.
11180 11184 11185 11181.
11181 11185 11186 11182.
11182 11186 11187 11183.
11183 11187 11184 11180.
11184 11188 11189 11185.
11185 11189 11190 11186.
11186 11190 11191 11187.
11187 11191 11188 11184.
11188 11192 11193 11189.
11189 11193 11194 11190.
11190 11194 11195 11191.
11191 11195 11192 11188.
11192 11196 11197 11193.
11193 11197 11198 11194.
11194 11198 11199 11195.
11195 11199 11196 11192.
11196 11200 11201 11197.
11197 11201 11202 11198.
11198 11202 11203 11199.
11199 11203 11200 11196.
11200 11204 11205 11201.
11201 11205 11206 11202.
11202 11206 11207 11203.
11203 11207 11204 11200.
11204 11208 11209 11205.
11205 11209 11210 11206.
11206 11210 11211 11207.
11207 11211 11208 11204.
11208 11212 11213 11209.
11209 11213 11214 11210.
11210 11214 11215 11211.
11211 11215 11212 11208.
11212 11216 11217 11213.
11213 11217 11218 11214.
11214 11218 11219 11215.
11215 11219 11216 11212.
11216 11220 11221 11217.
11217 11221 11222 11218.
11218 11222 11223 11219.
11219 11223 11220 11216.
11220 11224 11225 11221.
11221 11225 11226 11222.
11222 11226 11227 11223.
11223 11227 11224 11220.
11224 11228 11229 11225.
11225 11229 11230 11226.
11226 11230 11231 11227.
11227 11231 11228 11224.
11228 11232 11233 11229.
11229 11233 11234 11230.
11230 11234 11235 11231.
11231 11235 11232 11228.
11232 11236 11237 11233.
11233 11237 11238 11234.
11234 11238 11239 11235.
11235 11239 11236 11232.
11236 11240 11241 11237.
11237 11241 11242 11238.
11238 11242 11243 11239.
11239 11243 11240 11236.
11240 11244 11245 11241.
11241 11245 11246 11242.
11242 11246 11247 11243.
11243 11247 11244 11240.
11244 11248 11249 11245.
11245 11249 11250 11246.
11246 11250 11251 11247.
11247 11251 11248 11244.
11248 11252 11253 11249.
11249 11253 11254 11250.
11250 11254 11255 11251.
11251 11255 11252 11248.
11252 11256 11257 11253.
11253 11257 11258 11254.
11254 11258 11259 11255.
11255 11259 11256 11252.
11256 11260 11261 11257.
11257 11261 11262 11258.
11258 11262 11263 11259.
11259 11263 11260 11256.
11260 11264 11265 11261.
11261 11265 11266 11262.
11262 11266 11267 11263.
11263 11267 11264 11260.
11264 11268 11269 11265.
11265 11269 11270 11266.
11266 11270 11271 11267.
11267 11271 11268 11264.
11268 11272 11273 11269.
11269 11273 11274 11270.
11270 11274 11275 11271.
11271 11275 11272 11268.
11272 11276 11277 11273.
11273 11277 11278 11274.
11274 11278 11279 11275.
11275 11279 11276 11272.
11276 11280 11281 11277.
11277 11281 11282 11278.
11278 11282 11283 11279.
11279 11283 11280 11276.
11280 11284 11285 11281.
11281 11285 11286 11282.
11282 11286 11287 11283.
11283 11287 11284 11280.
11284 11288 11289 11285.
11285 11289 11290 11286.
11286 11290 11291 11287.
11287 11291 11288 11284.
11288 11292 11293 11289.
11289 11293 11294 11290.
11290 11294 11295 11291.
11291 11295 11292 11288.
11292 11296 11297 11293.
11293 11297 11298 11294.
11294 11298 11299 11295.
11295 11299 11296 11292.
11296 11300 11301 11297.
11297 11301 11302 11298.
11298 11302 11303 11299.
11299 11303 11300 11296.
11300 11304 11305 11301.
11301 11305 11306 11302.
11302 11306 11307 11303.
11303 11307 11304 11300.
11304 11308 11309 11305.
11305 11309 11310 11306.
11306 11310 11311 11307.
11307 11311 11308 11304.
11308 11312 11313 11309.
11309 11313 11314 11310.
11310 11314 11315 11311.
11311 11315 11312 11308.
11312 11316 11317 11313.
11313 11317 11318 11314.
11314 11318 11319 11315.
11315 11319 11316 11312.
11316 11320 11321 11317.
11317 11321 11322 11318.
11318 11322 11323 11319.
11319 11323 11320 11316.
11320 11324 11325 11321.
11321 11325 11326 11322.
11322 11326 11327 11323.
11323 11327 11324 11320.
11324 11328 11329 11325.
11325 11329 11330 11326.
11326 11330 11331 11327.
11327 11331 11328 11324.
11328 11332 11333 11329.
11329 11333 11334 11330.
11330 11334 11335 11331.
11331 11335 11332 11328.
11332 11336 11337 11333.
11333 11337 11338 11334.
11334 11338 11339 11335.
11335 11339 11336 11332.
11336 11340 11341 11337.
11337 11341 11342 11338.
11338 11342 11343 11339.
11339 11343 11340 11336.
11340 11344 11345 11341.
11341 11345 11346 11342.
11342 11346 11347 11343.
11343 11347 11344 11340.
11344 11348 11349 11345.
11345 11349 11350 11346.
11346 11350 11351 11347.
11347 11351 11348 11344.
11348 11352 11353 11349.
11349 11353 11354 11350.
11350 11354 11355 11351.
11351 11355 11352 11348.
11352 11356 11357 11353.
11353 11357 11358 11354.
11354 11358 11359 11355.
11355 11359 11356 11352.
11356 11360 11361 11357.
11357 11361 11362 11358.
11358 11362 11363 11359.
11359 11363 11360 11356.
11360 11364 11365 11361.
11361 11365 11366 11362.
11362 11366 11367 11363.
11363 11367 11364 11360.
11364 11368 11369 11365.
11365 11369 11370 11366.
11366 11370 11371 11367.
11367 11371 11368 11364.
11368 11372 11373 11369.
11369 11373 11374 11370.
11370 11374 11375 11371.
11371 11375 11372 11368.
11372 11376 11377 11373.
11373 11377 11378 11374.
11374 11378 11379 11375.
11375 11379 11376 11372.
11376 11380 11381 11377.
11377 11381 11382 11378.
11378 11382 11383 11379.
11379 11383 11380 11376.
11380 11384 11385 11381.
11381 11385 11386 11382.
11382 11386 11387 11383.
11383 11387 11384 11380.
11384 11388 11389 11385.
11385 11389 11390 11386.
11386 11390 11391 11387.
11387 11391 11388 11384.
11388 11392 11393 11389.
11389 11393 11394 11390.
11390 11394 11395 11391.
11391 11395 11392 11388.
11392 11396 11397 11393.
11393 11397 11398 11394.
11394 11398 11399 11395.
11395 11399 11396 11392.
11396 11032 11035 11397.
11397 11035 11037 11398.
11398 11037 11039 11399.
11399 11039 11032 11396.
11400 11401 11402 11403.
11401 11404 11405 11402.
11404 11406 11407 11405.
11406 11400 11403 11407.
11408 11409 11410 11411.
11409 11412 11413 11410.
11412 11414 11415 11413.
11414 11408 11411 11415.
11411 11410 11416 11417.
11410 11413 11418 11416.
11413 11415 11419 11418.
11415 11411 11417 11419.
11417 11416 11420 11421.
11416 11418 11422 11420.
11418 11419 11423 11422.
11419 11417 11421 11423.
11421 11420 11424 11425.
11420 11422 11426 11424.
11422 11423 11427 11426.
11423 11421 11425 11427.
11428 11429 11430 11431.
11429 11432 11433 11430.
11432 11434 11435 11433.
11434 11428 11431 11435.
11431 11430 11436 11437.
11430 11433 11438 11436.
11433 11435 11439 11438.
11435 11431 11437 11439.
11437 11436 11440 11441.
11436 11438 11442 11440.
11438 11439 11443 11442.
11439 11437 11441 11443.
11441 11440 11444 11445.
11440 11442 11446 11444.
11442 11443 11447 11446.
11443 11441 11445 11447.
11448 11449 11450 11451.
11449 11452 11453 11450.
11452 11454 11455 11453.
11454 11448 11451 11455.
11456 11457 11458 11459.
11457 11460 11461 11458.
11460 11462 11463 11461.
11462 11456 11459 11463.
11464 11465 11466 11467.
11465 11468 11469 11466.
11468 11470 11471 11469.
11470 11464 11467 11471.
11467 11466 11472 11473.
11466 11469 11474 11472.
11469 11471 11475 11474.
11471 11467 11473 11475.
11473 11472 11476 11477.
11472 11474 11478 11476.
11474 11475 11479 11478.
11475 11473 11477 11479.
11477 11476 11480 11481.
11476 11478 11482 11480.
11478 11479 11483 11482.
11479 11477 11481 11483.
11484 11485 11486 11487.
11485 11488 11489 11486.
11488 11490 11491 11489.
11490 11484 11487 11491.
11492 11493 11494 11495.
11493 11496 11497 11494.
11496 11498 11499 11497.
11498 11492 11495 11499.
11495 11494 11500 11501.
11494 11497 11502 11500.
11497 11499 11503 11502.
11499 11495 11501 11503.
11501 11500 11504 11505.
11500 11502 11506 11504.
11502 11503 11507 11506.
11503 11501 11505 11507.
11505 11504 11508 11509.
11504 11506 11510 11508.
11506 11507 11511 11510.
11507 11505 11509 11511.
11512 11513 11514 11515.
11513 11516 11517 11514.
11516 11518 11519 11517.
11518 11512 11515 11519.
11520 11521 11522 11523.
11521 11524 11525 11522.
11524 11526 11527 11525.
11526 11520 11523 11527.
11523 11522 11528 11529.
11522 11525 11530 11528.
11525 11527 11531 11530.
11527 11523 11529 11531.
11529 11528 11532 11533.
11528 11530 11534 11532.
11530 11531 11535 11534.
11531 11529 11533 11535.
11533 11532 11536 11537.
11532 11534 11538 11536.
11534 11535 11539 11538.
11535 11533 11537 11539.
11540 11541 11542 11543.
11541 11544 11545 11542.
11544 11546 11547 11545.
11546 11540 11543 11547.
11548 11549 11550 11551.
11549 11552 11553 11550.
11552 11554 11555 11553.
11554 11548 11551 11555.
11551 11550 11556 11557.
11550 11553 11558 11556.
11553 11555 11559 11558.
11555 11551 11557 11559.
11557 11556 11560 11561.
11556 11558 11562 11560.
11558 11559 11563 11562.
11559 11557 11561 11563.
11561 11560 11564 11565.
11560 11562 11566 11564.
11562 11563 11567 11566.
11563 11561 11565 11567.
11568 11569 11570 11571.
11569 11572 11573 11570.
11572 11574 11575 11573.
11574 11568 11571 11575.
11576 11577 11578 11579.
11577 11580 11581 11578.
11580 11582 11583 11581.
11582 11576 11579 11583.
11579 11578 11584 11585.
11578 11581 11586 11584.
11581 11583 11587 11586.
11583 11579 11585 11587.
11585 11584 11588 11589.
11584 11586 11590 11588.
11586 11587 11591 11590.
11587 11585 11589 11591.
11589 11588 11592 11593.
11588 11590 11594 11592.
11590 11591 11595 11594.
11591 11589 11593 11595.
11596 11597 11598 11599.
11597 11600 11601 11598.
11600 11602 11603 11601.
11602 11596 11599 11603.
11604 11605 11606 11607.
11605 11608 11609 11606.
11608 11610 11611 11609.
11610 11604 11607 11611.
11607 11606 11612 11613.
11606 11609 11614 11612.
11609 11611 11615 11614.
11611 11607 11613 11615.
11613 11612 11616 11617.
11612 11614 11618 11616.
11614 11615 11619 11618.
11615 11613 11617 11619.
11617 11616 11620 11621.
11616 11618 11622 11620.
11618 11619 11623 11622.
11619 11617 11621 11623.
11624 11625 11626 11627.
11625 11628 11629 11626.
11628 11630 11631 11629.
11630 11624 11627 11631.
11632 11633 11634 11635.
11633 11636 11637 11634.
11636 11638 11639 11637.
11638 11632 11635 11639.
11635 11634 11640 11641.
11634 11637 11642 11640.
11637 11639 11643 11642.
11639 11635 11641 11643.
11641 11640 11644 11645.
11640 11642 11646 11644.
11642 11643 11647 11646.
11643 11641 11645 11647.
11645 11644 11648 11649.
11644 11646 11650 11648.
11646 11647 11651 11650.
11647 11645 11649 11651.
11652 11653 11654 11655.
11653 11656 11657 11654.
11656 11658 11659 11657.
11658 11652 11655 11659.
11660 11661 11662 11663.
11661 11664 11665 11662.
11664 11666 11667 11665.
11666 11660 11663 11667.
11663 11662 11668 11669.
11662 11665 11670 11668.
11665 11667 11671 11670.
11667 11663 11669 11671.
11669 11668 11672 11673.
11668 11670 11674 11672.
11670 11671 11675 11674.
11671 11669 11673 11675.
11673 11672 11676 11677.
11672 11674 11678 11676.
11674 11675 11679 11678.
11675 11673 11677 11679.
11680 11681 11682 11683.
11681 11684 11685 11682.
11684 11686 11687 11685.
11686 11680 11683 11687.
11688 11689 11690 11691.
11689 11692 11693 11690.
11692 11694 11695 11693.
11694 11688 11691 11695.
11691 11690 11696 11697.
11690 11693 11698 11696.
11693 11695 11699 11698.
11695 11691 11697 11699.
11697 11696 11700 11701.
11696 11698 11702 11700.
11698 11699 11703 11702.
11699 11697 11701 11703.
11701 11700 11704 11705.
11700 11702 11706 11704.
11702 11703 11707 11706.
11703 11701 11705 11707.
11708 11709 11710 11711.
11709 11712 11713 11710.
11712 11714 11715 11713.
11714 11708 11711 11715.
11716 11717 11718 11719.
11717 11720 11721 11718.
11720 11722 11723 11721.
11722 11716 11719 11723.
11719 11718 11724 11725.
11718 11721 11726 11724.
11721 11723 11727 11726.
11723 11719 11725 11727.
11725 11724 11728 11729.
11724 11726 11730 11728.
11726 11727 11731 11730.
11727 11725 11729 11731.
11729 11728 11732 11733.
11728 11730 11734 11732.
11730 11731 11735 11734.
11731 11729 11733 11735.
11736 11737 11738 11739.
11737 11740 11741 11738.
11740 11742 11743 11741.
11742 11736 11739 11743.
11744 11745 11746 11747.
11745 11748 11749 11746.
11748 11750 11751 11749.
11750 11744 11747 11751.
11747 11746 11752 11753.
11746 11749 11754 11752.
11749 11751 11755 11754.
11751 11747 11753 11755.
11753 11752 11756 11757.
11752 11754 11758 11756.
11754 11755 11759 11758.
11755 11753 11757 11759.
11757 11756 11760 11761.
11756 11758 11762 11760.
11758 11759 11763 11762.
11759 11757 11761 11763.
11764 11765 11766 11767.
11765 11768 11769 11766.
11768 11770 11771 11769.
11770 11764 11767 11771.
11772 11773 11774 11775.
11773 11776 11777 11774.
11776 11778 11779 11777.
11778 11772 11775 11779.
11775 11774 11780 11781.
11774 11777 11782 11780.
11777 11779 11783 11782.
11779 11775 11781 11783.
11781 11780 11784 11785.
11780 11782 11786 11784.
11782 11783 11787 11786.
11783 11781 11785 11787.
11785 11784 11788 11789.
11784 11786 11790 11788.
11786 11787 11791 11790.
11787 11785 11789 11791.
11792 11793 11794 11795.
11793 11796 11797 11794.
11796 11798 11799 11797.
11798 11792 11795 11799.
11800 11801 11802 11803.
11801 11804 11805 11802.
11804 11806 11807 11805.
11806 11800 11803 11807.
11803 11802 11808 11809.
11802 11805 11810 11808.
11805 11807 11811 11810.
11807 11803 11809 11811.
11809 11808 11812 11813.
11808 11810 11814 11812.
11810 11811 11815 11814.
11811 11809 11813 11815.
11813 11812 11816 11817.
11812 11814 11818 11816.
11814 11815 11819 11818.
11815 11813 11817 11819.
11820 11821 11822 11823.
11821 11824 11825 11822.
11824 11826 11827 11825.
11826 11820 11823 11827.
11828 11829 11830 11831.
11829 11832 11833 11830.
11832 11834 11835 11833.
11834 11828 11831 11835.
11831 11830 11836 11837.
11830 11833 11838 11836.
11833 11835 11839 11838.
11835 11831 11837 11839.
11837 11836 11840 11841.
11836 11838 11842 11840.
11838 11839 11843 11842.
11839 11837 11841 11843.
11841 11840 11844 11845.
11840 11842 11846 11844.
11842 11843 11847 11846.
11843 11841 11845 11847.
11848 11849 11850 11851.
11849 11852 11853 11850.
11852 11854 11855 11853.
11854 11848 11851 11855.
11856 11857 11858 11859.
11857 11860 11861 11858.
11860 11862 11863 11861.
11862 11856 11859 11863.
11859 11858 11864 11865.
11858 11861 11866 11864.
11861 11863 11867 11866.
11863 11859 11865 11867.
11865 11864 11868 11869.
11864 11866 11870 11868.
11866 11867 11871 11870.
11867 11865 11869 11871.
11869 11868 11872 11873.
11868 11870 11874 11872.
11870 11871 11875 11874.
11871 11869 11873 11875.
11876 11877 11878 11879.
11877 11880 11881 11878.
11880 11882 11883 11881.
11882 11876 11879 11883.
11884 11885 11886 11887.
11885 11888 11889 11886.
11888 11890 11891 11889.
11890 11884 11887 11891.
11887 11886 11892 11893.
11886 11889 11894 11892.
11889 11891 11895 11894.
11891 11887 11893 11895.
11893 11892 11896 11897.
11892 11894 11898 11896.
11894 11895 11899 11898.
11895 11893 11897 11899.
11897 11896 11900 11901.
11896 11898 11902 11900.
11898 11899 11903 11902.
11899 11897 11901 11903.
11904 11905 11906 11907.
11905 11908 11909 11906.
11908 11910 11911 11909.
11910 11904 11907 11911.
11912 11913 11914 11915.
11913 11916 11917 11914.
11916 11918 11919 11917.
11918 11912 11915 11919.
11915 11914 11920 11921.
11914 11917 11922 11920.
11917 11919 11923 11922.
11919 11915 11921 11923.
11921 11920 11924 11925.
11920 11922 11926 11924.
11922 11923 11927 11926.
11923 11921 11925 11927.
11925 11924 11928 11929.
11924 11926 11930 11928.
11926 11927 11931 11930.
11927 11925 11929 11931.
11932 11933 11934 11935.
11933 11936 11937 11934.
11936 11938 11939 11937.
11938 11932 11935 11939.
11940 11941 11942 11943.
11941 11944 11945 11942.
11944 11946 11947 11945.
11946 11940 11943 11947.
11943 11942 11948 11949.
11942 11945 11950 11948.
11945 11947 11951 11950.
11947 11943 11949 11951.
11949 11948 11952 11953.
11948 11950 11954 11952.
11950 11951 11955 11954.
11951 11949 11953 11955.
11953 11952 11956 11957.
11952 11954 11958 11956.
11954 11955 11959 11958.
11955 11953 11957 11959.
11960 11961 11962 11963.
11961 11964 11965 11962.
11964 11966 11967 11965.
11966 11960 11963 11967.
11968 11969 11970 11971.
11969 11972 11973 11970.
11972 11974 11975 11973.
11974 11968 11971 11975.
11971 11970 11976 11977.
11970 11973 11978 11976.
11973 11975 11979 11978.
11975 11971 11977 11979.
11977 11976 11980 11981.
11976 11978 11982 11980.
11978 11979 11983 11982.
11979 11977 11981 11983.
11981 11980 11984 11985.
11980 11982 11986 11984.
11982 11983 11987 11986.
11983 11981 11985 11987.
11988 11989 11990 11991.
11989 11992 11993 11990.
11992 11994 11995 11993.
11994 11988 11991 11995.
11996 11997 11998 11999.
11997 12000 12001 11998.
12000 12002 12003 12001.
12002 11996 11999 12003.
11999 11998 12004 12005.
11998 12001 12006 12004.
12001 12003 12007 12006.
12003 11999 12005 12007.
12005 12004 12008 12009.
12004 12006 12010 12008.
12006 12007 12011 12010.
12007 12005 12009 12011.
12009 12008 12012 12013.
12008 12010 12014 12012.
12010 12011 12015 12014.
12011 12009 12013 12015.
12016 12017 12018 12019.
12017 12020 12021 12018.
12020 12022 12023 12021.
12022 12016 12019 12023.
12024 12025 12026 12027.
12025 12028 12029 12026.
12028 12030 12031 12029.
12030 12024 12027 12031.
12027 12026 12032 12033.
12026 12029 12034 12032.
12029 12031 12035 12034.
12031 12027 12033 12035.
12033 12032 12036 12037.
12032 12034 12038 12036.
12034 12035 12039 12038.
12035 12033 12037 12039.
12037 12036 12040 12041.
12036 12038 12042 12040.
12038 12039 12043 12042.
12039 12037 12041 12043.
12044 12045 12046 12047.
12045 12048 12049 12046.
12048 12050 12051 12049.
12050 12044 12047 12051.
12052 12053 12054 12055.
12053 12056 12057 12054.
12056 12058 12059 12057.
12058 12052 12055 12059.
12055 12054 12060 12061.
12054 12057 12062 12060.
12057 12059 12063 12062.
12059 12055 12061 12063.
12061 12060 12064 12065.
12060 12062 12066 12064.
12062 12063 12067 12066.
12063 12061 12065 12067.
12065 12064 12068 12069.
12064 12066 12070 12068.
12066 12067 12071 12070.
12067 12065 12069 12071.
12072 12073 12074 12075.
12073 12076 12077 12074.
12076 12078 12079 12077.
12078 12072 12075 12079.
12080 12081 12082 12083.
12081 12084 12085 12082.
12084 12086 12087 12085.
12086 12080 12083 12087.
12083 12082 12088 12089.
12082 12085 12090 12088.
12085 12087 12091 12090.
12087 12083 12089 12091.
12089 12088 12092 12093.
12088 12090 12094 12092.
12090 12091 12095 12094.
12091 12089 12093 12095.
12093 12092 12096 12097.
12092 12094 12098 12096.
12094 12095 12099 12098.
12095 12093 12097 12099.
12100 12101 12102 12103.
12101 12104 12105 12102.
12104 12106 12107 12105.
12106 12100 12103 12107.
12108 12109 12110 12111.
12109 12112 12113 12110.
12112 12114 12115 12113.
12114 12108 12111 12115.
12111 12110 12116 12117.
12110 12113 12118 12116.
12113 12115 12119 12118.
12115 12111 12117 12119.
12117 12116 12120 12121.
12116 12118 12122 12120.
12118 12119 12123 12122.
12119 12117 12121 12123.
12121 12120 12124 12125.
12120 12122 12126 12124.
12122 12123 12127 12126.
12123 12121 12125 12127.
12128 12129 12130 12131.
12129 12132 12133 12130.
12132 12134 12135 12133.
12134 12128 12131 12135.
12136 12137 12138 12139.
12137 12140 12141 12138.
12140 12142 12143 12141.
12142 12136 12139 12143.
12139 12138 12144 12145.
12138 12141 12146 12144.
12141 12143 12147 12146.
12143 12139 12145 12147.
12145 12144 12148 12149.
12144 12146 12150 12148.
12146 12147 12151 12150.
12147 12145 12149 12151.
12149 12148 12152 12153.
12148 12150 12154 12152.
12150 12151 12155 12154.
12151 12149 12153 12155.
12156 12157 12158 12159.
12157 12160 12161 12158.
12160 12162 12163 12161.
12162 12156 12159 12163.
12164 12165 12166 12167.
12165 12168 12169 12166.
12168 12170 12171 12169.
12170 12164 12167 12171.
12167 12166 12172 12173.
12166 12169 12174 12172.
12169 12171 12175 12174.
12171 12167 12173 12175.
12173 12172 12176 12177.
12172 12174 12178 12176.
12174 12175 12179 12178.
12175 12173 12177 12179.
12177 12176 12180 12181.
12176 12178 12182 12180.
12178 12179 12183 12182.
12179 12177 12181 12183.
12184 12185 12186 12187.
12185 12188 12189 12186.
12188 12190 12191 12189.
12190 12184 12187 12191.
12192 12193 12194 12195.
12193 12196 12197 12194.
12196 12198 12199 12197.
12198 12192 12195 12199.
12195 12194 12200 12201.
12194 12197 12202 12200.
12197 12199 12203 12202.
12199 12195 12201 12203.
12201 12200 12204 12205.
12200 12202 12206 12204.
12202 12203 12207 12206.
12203 12201 12205 12207.
12205 12204 12208 12209.
12204 12206 12210 12208.
12206 12207 12211 12210.
12207 12205 12209 12211.
12212 12213 12214 12215.
12213 12216 12217 12214.
12216 12218 12219 12217.
12218 12212 12215 12219.
12220 12221 12222 12223.
12221 12224 12225 12222.
12224 12226 12227 12225.
12226 12220 12223 12227.
12223 12222 12228 12229.
12222 12225 12230 12228.
12225 12227 12231 12230.
12227 12223 12229 12231.
12229 12228 12232 12233.
12228 12230 12234 12232.
12230 12231 12235 12234.
12231 12229 12233 12235.
12233 12232 12236 12237.
12232 12234 12238 12236.
12234 12235 12239 12238.
12235 12233 12237 12239.
12240 12241 12242 12243.
12241 12244 12245 12242.
12244 12246 12247 12245.
12246 12240 12243 12247.
12248 12249 12250 12251.
12249 12252 12253 12250.
12252 12254 12255 12253.
12254 12248 12251 12255.
12251 12250 12256 12257.
12250 12253 12258 12256.
12253 12255 12259 12258.
12255 12251 12257 12259.
12257 12256 12260 12261.
12256 12258 12262 12260.
12258 12259 12263 12262.
12259 12257 12261 12263.
12261 12260 12264 12265.
12260 12262 12266 12264.
12262 12263 12267 12266.
12263 12261 12265 12267.
12268 12269 12270 12271.
12269 12272 12273 12270.
12272 12274 12275 12273.
12274 12268 12271 12275.
12276 12277 12278 12279.
12277 12280 12281 12278.
12280 12282 12283 12281.
12282 12276 12279 12283.
12279 12278 12284 12285.
12278 12281 12286 12284.
12281 12283 12287 12286.
12283 12279 12285 12287.
12285 12284 12288 12289.
12284 12286 12290 12288.
12286 12287 12291 12290.
12287 12285 12289 12291.
12289 12288 12292 12293.
12288 12290 12294 12292.
12290 12291 12295 12294.
12291 12289 12293 12295.
12296 12297 12298 12299.
12297 12300 12301 12298.
12300 12302 12303 12301.
12302 12296 12299 12303.
12304 12305 12306 12307.
12305 12308 12309 12306.
12308 12310 12311 12309.
12310 12304 12307 12311.
12307 12306 12312 12313.
12306 12309 12314 12312.
12309 12311 12315 12314.
12311 12307 12313 12315.
12313 12312 12316 12317.
12312 12314 12318 12316.
12314 12315 12319 12318.
12315 12313 12317 12319.
12317 12316 12320 12321.
12316 12318 12322 12320.
12318 12319 12323 12322.
12319 12317 12321 12323.
12324 12325 12326 12327.
12325 12328 12329 12326.
12328 12330 12331 12329.
12330 12324 12327 12331.
12332 12333 12334 12335.
12333 12336 12337 12334.
12336 12338 12339 12337.
12338 12332 12335 12339.
12335 12334 12340 12341.
12334 12337 12342 12340.
12337 12339 12343 12342.
12339 12335 12341 12343.
12341 12340 12344 12345.
12340 12342 12346 12344.
12342 12343 12347 12346.
12343 12341 12345 12347.
12345 12344 12348 12349.
12344 12346 12350 12348.
12346 12347 12351 12350.
12347 12345 12349 12351.
12352 12353 12354 12355.
12353 12356 12357 12354.
12356 12358 12359 12357.
12358 12352 12355 12359.
12360 12361 12362 12363.
12361 12364 12365 12362.
12364 12366 12367 12365.
12366 12360 12363 12367.
12363 12362 12368 12369.
12362 12365 12370 12368.
12365 12367 12371 12370.
12367 12363 12369 12371.
12369 12368 12372 12373.
12368 12370 12374 12372.
12370 12371 12375 12374.
12371 12369 12373 12375.
12373 12372 12376 12377.
12372 12374 12378 12376.
12374 12375 12379 12378.
12375 12373 12377 12379.
12380 12381 12382 12383.
12381 12384 12385 12382.
12384 12386 12387 12385.
12386 12380 12383 12387.
12388 12389 12390 12391.
12389 12392 12393 12390.
12392 12394 12395 12393.
12394 12388 12391 12395.
12391 12390 12396 12397.
12390 12393 12398 12396.
12393 12395 12399 12398.
12395 12391 12397 12399.
12397 12396 12400 12401.
12396 12398 12402 12400.
12398 12399 12403 12402.
12399 12397 12401 12403.
12401 12400 12404 12405.
12400 12402 12406 12404.
12402 12403 12407 12406.
12403 12401 12405 12407.
12408 12409 12410 12411.
12409 12412 12413 12410.
12412 12414 12415 12413.
12414 12408 12411 12415.
12416 12417 12418 12419.
12417 12420 12421 12418.
12420 12422 12423 12421.
12422 12416 12419 12423.
12419 12418 12424 12425.
12418 12421 12426 12424.
12421 12423 12427 12426.
12423 12419 12425 12427.
12425 12424 12428 12429.
12424 12426 12430 12428.
12426 12427 12431 12430.
12427 12425 12429 12431.
12429 12428 12432 12433.
12428 12430 12434 12432.
12430 12431 12435 12434.
12431 12429 12433 12435.
12436 12437 12438 12439.
12437 12440 12441 12438.
12440 12442 12443 12441.
12442 12436 12439 12443.
12444 12445 12446 12447.
12445 12448 12449 12446.
12448 12450 12451 12449.
12450 12444 12447 12451.
12447 12446 12452 12453.
12446 12449 12454 12452.
12449 12451 12455 12454.
12451 12447 12453 12455.
12453 12452 12456 12457.
12452 12454 12458 12456.
12454 12455 12459 12458.
12455 12453 12457 12459.
12457 12456 12460 12461.
12456 12458 12462 12460.
12458 12459 12463 12462.
12459 12457 12461 12463.
12464 12465 12466 12467.
12465 12468 12469 12466.
12468 12470 12471 12469.
12470 12464 12467 12471.
12472 12473 12474 12475.
12473 12476 12477 12474.
12476 12478 12479 12477.
12478 12472 12475 12479.
12475 12474 12480 12481.
12474 12477 12482 12480.
12477 12479 12483 12482.
12479 12475 12481 12483.
12481 12480 12484 12485.
12480 12482 12486 12484.
12482 12483 12487 12486.
12483 12481 12485 12487.
12485 12484 12488 12489.
12484 12486 12490 12488.
12486 12487 12491 12490.
12487 12485 12489 12491.
12492 12493 12494 12495.
12493 12496 12497 12494.
12496 12498 12499 12497.
12498 12492 12495 12499.
12500 12501 12502 12503.
12501 12504 12505 12502.
12504 12506 12507 12505.
12506 12500 12503 12507.
12503 12502 12508 12509.
12502 12505 12510 12508.
12505 12507 12511 12510.
12507 12503 12509 12511.
12509 12508 12512 12513.
12508 12510 12514 12512.
12510 12511 12515 12514.
12511 12509 12513 12515.
12513 12512 12516 12517.
12512 12514 12518 12516.
12514 12515 12519 12518.
12515 12513 12517 12519.
12520 12521 12522 12523.
12521 12524 12525 12522.
12524 12526 12527 12525.
12526 12520 12523 12527.
12528 12529 12530 12531.
12529 12532 12533 12530.
12532 12534 12535 12533.
12534 12528 12531 12535.
12531 12530 12536 12537.
12530 12533 12538 12536.
12533 12535 12539 12538.
12535 12531 12537 12539.
12537 12536 12540 12541.
12536 12538 12542 12540.
12538 12539 12543 12542.
12539 12537 12541 12543.
12541 12540 12544 12545.
12540 12542 12546 12544.
12542 12543 12547 12546.
12543 12541 12545 12547.
12548 12549 12550 12551.
12549 12552 12553 12550.
12552 12554 12555 12553.
12554 12548 12551 12555.
12556 12557 12558 12559.
12557 12560 12561 12558.
12560 12562 12563 12561.
12562 12556 12559 12563.
12559 12558 12564 12565.
12558 12561 12566 12564.
12561 12563 12567 12566.
12563 12559 12565 12567.
12565 12564 12568 12569.
12564 12566 12570 12568.
12566 12567 12571 12570.
12567 12565 12569 12571.
12569 12568 12572 12573.
12568 12570 12574 12572.
12570 12571 12575 12574.
12571 12569 12573 12575.
12576 12577 12578 12579.
12577 12580 12581 12578.
12580 12582 12583 12581.
12582 12576 12579 12583.
12584 12585 12586 12587.
12585 12588 12589 12586.
12588 12590 12591 12589.
12590 12584 12587 12591.
12587 12586 12592 12593.
12586 12589 12594 12592.
12589 12591 12595 12594.
12591 12587 12593 12595.
12593 12592 12596 12597.
12592 12594 12598 12596.
12594 12595 12599 12598.
12595 12593 12597 12599.
12597 12596 12600 12601.
12596 12598 12602 12600.
12598 12599 12603 12602.
12599 12597 12601 12603.
12604 12605 12606 12607.
12605 12608 12609 12606.
12608 12610 12611 12609.
12610 12604 12607 12611.
12612 12613 12614 12615.
12613 12616 12617 12614.
12616 12618 12619 12617.
12618 12612 12615 12619.
12615 12614 12620 12621.
12614 12617 12622 12620.
12617 12619 12623 12622.
12619 12615 12621 12623.
12621 12620 12624 12625.
12620 12622 12626 12624.
12622 12623 12627 12626.
12623 12621 12625 12627.
12625 12624 12628 12629.
12624 12626 12630 12628.
12626 12627 12631 12630.
12627 12625 12629 12631.
12632 12633 12634 12635.
12633 12636 12637 12634.
12636 12638 12639 12637.
12638 12632 12635 12639.
12640 12641 12642 12643.
12641 12644 12645 12642.
12644 12646 12647 12645.
12646 12640 12643 12647.
12643 12642 12648 12649.
12642 12645 12650 12648.
12645 12647 12651 12650.
12647 12643 12649 12651.
12649 12648 12652 12653.
12648 12650 12654 12652.
12650 12651 12655 12654.
12651 12649 12653 12655.
12653 12652 12656 12657.
12652 12654 12658 12656.
12654 12655 12659 12658.
12655 12653 12657 12659.
12660 12661 12662 12663.
12661 12664 12665 12662.
12664 12666 12667 12665.
12666 12660 12663 12667.
12668 12669 12670 12671.
12669 12672 12673 12670.
12672 12674 12675 12673.
12674 12668 12671 12675.
12671 12670 12676 12677.
12670 12673 12678 12676.
12673 12675 12679 12678.
12675 12671 12677 12679.
12677 12676 12680 12681.
12676 12678 12682 12680.
12678 12679 12683 12682.
12679 12677 12681 12683.
12681 12680 12684 12685.
12680 12682 12686 12684.
12682 12683 12687 12686.
12683 12681 12685 12687.
12688 12689 12690 12691.
12689 12692 12693 12690.
12692 12694 12695 12693.
12694 12688 12691 12695.
12696 12697 12698 12699.
12697 12700 12701 12698.
12700 12702 12703 12701.
12702 12696 12699 12703.
12699 12698 12704 12705.
12698 12701 12706 12704.
12701 12703 12707 12706.
12703 12699 12705 12707.
12705 12704 12708 12709.
12704 12706 12710 12708.
12706 12707 12711 12710.
12707 12705 12709 12711.
12709 12708 12712 12713.
12708 12710 12714 12712.
12710 12711 12715 12714.
12711 12709 12713 12715.
12716 12717 12718 12719.
12717 12720 12721 12718.
12720 12722 12723 12721.
12722 12716 12719 12723.
12724 12725 12726 12727.
12725 12728 12729 12726.
12728 12730 12731 12729.
12730 12724 12727 12731.
12727 12726 12732 12733.
12726 12729 12734 12732.
12729 12731 12735 12734.
12731 12727 12733 12735.
12733 12732 12736 12737.
12732 12734 12738 12736.
12734 12735 12739 12738.
12735 12733 12737 12739.
12737 12736 12740 12741.
12736 12738 12742 12740.
12738 12739 12743 12742.
12739 12737 12741 12743.
12744 12745 12746 12747.
12745 12748 12749 12746.
12748 12750 12751 12749.
12750 12744 12747 12751.
12752 12753 12754 12755.
12753 12756 12757 12754.
12756 12758 12759 12757.
12758 12752 12755 12759.
12755 12754 12760 12761.
12754 12757 12762 12760.
12757 12759 12763 12762.
12759 12755 12761 12763.
12761 12760 12764 12765.
12760 12762 12766 12764.
12762 12763 12767 12766.
12763 12761 12765 12767.
12765 12764 12768 12769.
12764 12766 12770 12768.
12766 12767 12771 12770.
12767 12765 12769 12771.
12772 12773 12774 12775.
12773 12776 12777 12774.
12776 12778 12779 12777.
12778 12772 12775 12779.
12780 12781 12782 12783.
12781 12784 12785 12782.
12784 12786 12787 12785.
12786 12780 12783 12787.
12783 12782 12788 12789.
12782 12785 12790 12788.
12785 12787 12791 12790.
12787 12783 12789 12791.
12789 12788 12792 12793.
12788 12790 12794 12792.
12790 12791 12795 12794.
12791 12789 12793 12795.
12793 12792 12796 12797.
12792 12794 12798 12796.
12794 12795 12799 12798.
12795 12793 12797 12799.
12800 12801 12802 12803.
12801 12804 12805 12802.
12804 12806 12807 12805.
12806 12800 12803 12807.
12808 12809 12810 12811.
12809 12812 12813 12810.
12812 12814 12815 12813.
12814 12808 12811 12815.
12811 12810 12816 12817.
12810 12813 12818 12816.
12813 12815 12819 12818.
12815 12811 12817 12819.
12817 12816 12820 12821.
12816 12818 12822 12820.
12818 12819 12823 12822.
12819 12817 12821 12823.
12821 12820 12824 12825.
12820 12822 12826 12824.
12822 12823 12827 12826.
12823 12821 12825 12827.
12828 12829 12830 12831.
12829 12832 12833 12830.
12832 12834 12835 12833.
12834 12828 12831 12835.
12836 12837 12838 12839.
12837 12840 12841 12838.
12840 12842 12843 12841.
12842 12836 12839 12843.
12839 12838 12844 12845.
12838 12841 12846 12844.
12841 12843 12847 12846.
12843 12839 12845 12847.
12845 12844 12848 12849.
12844 12846 12850 12848.
12846 12847 12851 12850.
12847 12845 12849 12851.
12849 12848 12852 12853.
12848 12850 12854 12852.
12850 12851 12855 12854.
12851 12849 12853 12855.
12856 12857 12858 12859.
12857 12860 12861 12858.
12860 12862 12863 12861.
12862 12856 12859 12863.
12864 12865 12866 12867.
12865 12868 12869 12866.
12868 12870 12871 12869.
12870 12864 12867 12871.
12867 12866 12872 12873.
12866 12869 12874 12872.
12869 12871 12875 12874.
12871 12867 12873 12875.
12873 12872 12876 12877.
12872 12874 12878 12876.
12874 12875 12879 12878.
12875 12873 12877 12879.
12877 12876 12880 12881.
12876 12878 12882 12880.
12878 12879 12883 12882.
12879 12877 12881 12883.
12884 12885 12886 12887.
12885 12888 12889 12886.
12888 12890 12891 12889.
12890 12884 12887 12891.
12892 12893 12894 12895.
12893 12896 12897 12894.
12896 12898 12899 12897.
12898 12892 12895 12899.
12895 12894 12900 12901.
12894 12897 12902 12900.
12897 12899 12903 12902.
12899 12895 12901 12903.
12901 12900 12904 12905.
12900 12902 12906 12904.
12902 12903 12907 12906.
12903 12901 12905 12907.
12905 12904 12908 12909.
12904 12906 12910 12908.
12906 12907 12911 12910.
12907 12905 12909 12911.
12912 12913 12914 12915.
12913 12916 12917 12914.
12916 12918 12919 12917.
12918 12912 12915 12919.
12920 12921 12922 12923.
12921 12924 12925 12922.
12924 12926 12927 12925.
12926 12920 12923 12927.
12923 12922 12928 12929.
12922 12925 12930 12928.
12925 12927 12931 12930.
12927 12923 12929 12931.
12929 12928 12932 12933.
12928 12930 12934 12932.
12930 12931 12935 12934.
12931 12929 12933 12935.
12933 12932 12936 12937.
12932 12934 12938 12936.
12934 12935 12939 12938.
12935 12933 12937 12939.
12940 12941 12942 12943.
12941 12944 12945 12942.
12944 12946 12947 12945.
12946 12940 12943 12947.
12948 12949 12950 12951.
12949 12952 12953 12950.
12952 12954 12955 12953.
12954 12948 12951 12955.
12951 12950 12956 12957.
12950 12953 12958 12956.
12953 12955 12959 12958.
12955 12951 12957 12959.
12957 12956 12960 12961.
12956 12958 12962 12960.
12958 12959 12963 12962.
12959 12957 12961 12963.
12961 12960 12964 12965.
12960 12962 12966 12964.
12962 12963 12967 12966.
12963 12961 12965 12967.
12968 12969 12970 12971.
12969 12972 12973 12970.
12972 12974 12975 12973.
12974 12968 12971 12975.
12976 12977 12978 12979.
12977 12980 12981 12978.
12980 12982 12983 12981.
12982 12976 12979 12983.
12979 12978 12984 12985.
12978 12981 12986 12984.
12981 12983 12987 12986.
12983 12979 12985 12987.
12985 12984 12988 12989.
12984 12986 12990 12988.
12986 12987 12991 12990.
12987 12985 12989 12991.
12989 12988 12992 12993.
12988 12990 12994 12992.
12990 12991 12995 12994.
12991 12989 12993 12995.
12996 12997 12998 12999.
12997 13000 13001 12998.
13000 13002 13003 13001.
13002 12996 12999 13003.
13004 13005 13006 13007.
13005 13008 13009 13006.
13008 13010 13011 13009.
13010 13004 13007 13011.
13007 13006 13012 13013.
13006 13009 13014 13012.
13009 13011 13015 13014.
13011 13007 13013 13015.
13013 13012 13016 13017.
13012 13014 13018 13016.
13014 13015 13019 13018.
13015 13013 13017 13019.
13017 13016 13020 13021.
13016 13018 13022 13020.
13018 13019 13023 13022.
13019 13017 13021 13023.
13024 13025 13026 13027.
13025 13028 13029 13026.
13028 13030 13031 13029.
13030 13024 13027 13031.
13032 13033 13034 13035.
13033 13036 13037 13034.
13036 13038 13039 13037.
13038 13032 13035 13039.
13035 13034 13040 13041.
13034 13037 13042 13040.
13037 13039 13043 13042.
13039 13035 13041 13043.
13041 13040 13044 13045.
13040 13042 13046 13044.
13042 13043 13047 13046.
13043 13041 13045 13047.
13045 13044 13048 13049.
13044 13046 13050 13048.
13046 13047 13051 13050.
13047 13045 13049 13051.
13052 13053 13054 13055.
13053 13056 13057 13054.
13056 13058 13059 13057.
13058 13052 13055 13059.
13060 13061 13062 13063.
13061 13064 13065 13062.
13064 13066 13067 13065.
13066 13060 13063 13067.
13063 13062 13068 13069.
13062 13065 13070 13068.
13065 13067 13071 13070.
13067 13063 13069 13071.
13069 13068 13072 13073.
13068 13070 13074 13072.
13070 13071 13075 13074.
13071 13069 13073 13075.
13073 13072 13076 13077.
13072 13074 13078 13076.
13074 13075 13079 13078.
13075 13073 13077 13079.
13080 13081 13082 13083.
13081 13084 13085 13082.
13084 13086 13087 13085.
13086 13080 13083 13087.
13088 13089 13090 13091.
13089 13092 13093 13090.
13092 13094 13095 13093.
13094 13088 13091 13095.
13091 13090 13096 13097.
13090 13093 13098 13096.
13093 13095 13099 13098.
13095 13091 13097 13099.
13097 13096 13100 13101.
13096 13098 13102 13100.
13098 13099 13103 13102.
13099 13097 13101 13103.
13101 13100 13104 13105.
13100 13102 13106 13104.
13102 13103 13107 13106.
13103 13101 13105 13107.
13108 13109 13110 13111.
13109 13112 13113 13110.
13112 13114 13115 13113.
13114 13108 13111 13115.
13116 13117 13118 13119.
13117 13120 13121 13118.
13120 13122 13123 13121.
13122 13116 13119 13123.
13119 13118 13124 13125.
13118 13121 13126 13124.
13121 13123 13127 13126.
13123 13119 13125 13127.
13125 13124 13128 13129.
13124 13126 13130 13128.
13126 13127 13131 13130.
13127 13125 13129 13131.
13129 13128 13132 13133.
13128 13130 13134 13132.
13130 13131 13135 13134.
13131 13129 13133 13135.
13136 13137 13138 13139.
13137 13140 13141 13138.
13140 13142 13143 13141.
13142 13136 13139 13143.
13144 13145 13146 13147.
13145 13148 13149 13146.
13148 13150 13151 13149.
13150 13144 13147 13151.
13147 13146 13152 13153.
13146 13149 13154 13152.
13149 13151 13155 13154.
13151 13147 13153 13155.
13153 13152 13156 13157.
13152 13154 13158 13156.
13154 13155 13159 13158.
13155 13153 13157 13159.
13157 13156 13160 13161.
13156 13158 13162 13160.
13158 13159 13163 13162.
13159 13157 13161 13163.
13164 13165 13166 13167.
13165 13168 13169 13166.
13168 13170 13171 13169.
13170 13164 13167 13171.
13172 13173 13174 13175.
13173 13176 13177 13174.
13176 13178 13179 13177.
13178 13172 13175 13179.
13175 13174 13180 13181.
13174 13177 13182 13180.
13177 13179 13183 13182.
13179 13175 13181 13183.
13181 13180 13184 13185.
13180 13182 13186 13184.
13182 13183 13187 13186.
13183 13181 13185 13187.
13185 13184 13188 13189.
13184 13186 13190 13188.
13186 13187 13191 13190.
13187 13185 13189 13191.
13192 13193 13194 13195.
13193 13196 13197 13194.
13196 13198 13199 13197.
13198 13192 13195 13199.
13200 13201 13202 13203.
13201 13204 13205 13202.
13204 13206 13207 13205.
13206 13200 13203 13207.
13203 13202 13208 13209.
13202 13205 13210 13208.
13205 13207 13211 13210.
13207 13203 13209 13211.
13209 13208 13212 13213.
13208 13210 13214 13212.
13210 13211 13215 13214.
13211 13209 13213 13215.
13213 13212 13216 13217.
13212 13214 13218 13216.
13214 13215 13219 13218.
13215 13213 13217 13219.
13220 13221 13222 13223.
13221 13224 13225 13222.
13224 13226 13227 13225.
13226 13220 13223 13227.
13228 13229 13230 13231.
13229 13232 13233 13230.
13232 13234 13235 13233.
13234 13228 13231 13235.
13231 13230 13236 13237.
13230 13233 13238 13236.
13233 13235 13239 13238.
13235 13231 13237 13239.
13237 13236 13240 13241.
13236 13238 13242 13240.
13238 13239 13243 13242.
13239 13237 13241 13243.
13241 13240 13244 13245.
13240 13242 13246 13244.
13242 13243 13247 13246.
13243 13241 13245 13247.
13248 13249 13250 13251.
13249 13252 13253 13250.
13252 13254 13255 13253.
13254 13248 13251 13255.
13256 13257 13258 13259.
13257 13260 13261 13258.
13260 13262 13263 13261.
13262 13256 13259 13263.
13259 13258 13264 13265.
13258 13261 13266 13264.
13261 13263 13267 13266.
13263 13259 13265 13267.
13265 13264 13268 13269.
13264 13266 13270 13268.
13266 13267 13271 13270.
13267 13265 13269 13271.
13269 13268 13272 13273.
13268 13270 13274 13272.
13270 13271 13275 13274.
13271 13269 13273 13275.
13276 13277 13278 13279.
13277 13280 13281 13278.
13280 13282 13283 13281.
13282 13276 13279 13283.
13284 13285 13286 13287.
13285 13288 13289 13286.
13288 13290 13291 13289.
13290 13284 13287 13291.
13287 13286 13292 13293.
13286 13289 13294 13292.
13289 13291 13295 13294.
13291 13287 13293 13295.
13293 13292 13296 13297.
13292 13294 13298 13296.
13294 13295 13299 13298.
13295 13293 13297 13299.
13297 13296 13300 13301.
13296 13298 13302 13300.
13298 13299 13303 13302.
13299 13297 13301 13303.
13304 13305 13306 13307.
13305 13308 13309 13306.
13308 13310 13311 13309.
13310 13304 13307 13311.
13312 13313 13314 13315.
13313 13316 13317 13314.
13316 13318 13319 13317.
13318 13312 13315 13319.
13315 13314 13320 13321.
13314 13317 13322 13320.
13317 13319 13323 13322.
13319 13315 13321 13323.
13321 13320 13324 13325.
13320 13322 13326 13324.
13322 13323 13327 13326.
13323 13321 13325 13327.
13325 13324 13328 13329.
13324 13326 13330 13328.
13326 13327 13331 13330.
13327 13325 13329 13331.
13332 13333 13334 13335.
13333 13336 13337 13334.
13336 13338 13339 13337.
13338 13332 13335 13339.
13340 13341 13342 13343.
13341 13344 13345 13342.
13344 13346 13347 13345.
13346 13340 13343 13347.
13343 13342 13348 13349.
13342 13345 13350 13348.
13345 13347 13351 13350.
13347 13343 13349 13351.
13349 13348 13352 13353.
13348 13350 13354 13352.
13350 13351 13355 13354.
13351 13349 13353 13355.
13353 13352 13356 13357.
13352 13354 13358 13356.
13354 13355 13359 13358.
13355 13353 13357 13359.
13360 13361 13362 13363.
13361 13364 13365 13362.
13364 13366 13367 13365.
13366 13360 13363 13367.
13368 13369 13370 13371.
13369 13372 13373 13370.
13372 13374 13375 13373.
13374 13368 13371 13375.
13371 13370 13376 13377.
13370 13373 13378 13376.
13373 13375 13379 13378.
13375 13371 13377 13379.
13377 13376 13380 13381.
13376 13378 13382 13380.
13378 13379 13383 13382.
13379 13377 13381 13383.
13381 13380 13384 13385.
13380 13382 13386 13384.
13382 13383 13387 13386.
13383 13381 13385 13387.
13388 13389 13390 13391.
13389 13392 13393 13390.
13392 13394 13395 13393.
13394 13388 13391 13395.
13396 13397 13398 13399.
13397 13400 13401 13398.
13400 13402 13403 13401.
13402 13396 13399 13403.
13399 13398 13404 13405.
13398 13401 13406 13404.
13401 13403 13407 13406.
13403 13399 13405 13407.
13405 13404 13408 13409.
13404 13406 13410 13408.
13406 13407 13411 13410.
13407 13405 13409 13411.
13409 13408 13412 13413.
13408 13410 13414 13412.
13410 13411 13415 13414.
13411 13409 13413 13415.
13416 13417 13418 13419.
13417 13420 13421 13418.
13420 13422 13423 13421.
13422 13416 13419 13423.
13424 13425 13426 13427.
13425 13428 13429 13426.
13428 13430 13431 13429.
13430 13424 13427 13431.
13427 13426 13432 13433.
13426 13429 13434 13432.
13429 13431 13435 13434.
13431 13427 13433 13435.
13433 13432 13436 13437.
13432 13434 13438 13436.
13434 13435 13439 13438.
13435 13433 13437 13439.
13437 13436 13440 13441.
13436 13438 13442 13440.
13438 13439 13443 13442.
13439 13437 13441 13443.
13444 13445 13446 13447.
13445 13448 13449 13446.
13448 13450 13451 13449.
13450 13444 13447 13451.
13452 13453 13454 13455.
13453 13456 13457 13454.
13456 13458 13459 13457.
13458 13452 13455 13459.
13455 13454 13460 13461.
13454 13457 13462 13460.
13457 13459 13463 13462.
13459 13455 13461 13463.
13461 13460 13464 13465.
13460 13462 13466 13464.
13462 13463 13467 13466.
13463 13461 13465 13467.
13465 13464 13468 13469.
13464 13466 13470 13468.
13466 13467 13471 13470.
13467 13465 13469 13471.
13472 13473 13474 13475.
13473 13476 13477 13474.
13476 13478 13479 13477.
13478 13472 13475 13479.
13480 13481 13482 13483.
13481 13484 13485 13482.
13484 13486 13487 13485.
13486 13480 13483 13487.
13483 13482 13488 13489.
13482 13485 13490 13488.
13485 13487 13491 13490.
13487 13483 13489 13491.
13489 13488 13492 13493.
13488 13490 13494 13492.
13490 13491 13495 13494.
13491 13489 13493 13495.
13493 13492 13496 13497.
13492 13494 13498 13496.
13494 13495 13499 13498.
13495 13493 13497 13499.
13500 13501 13502 13503.
13501 13504 13505 13502.
13504 13506 13507 13505.
13506 13500 13503 13507.
13508 13509 13510 13511.
13509 13512 13513 13510.
13512 13514 13515 13513.
13514 13508 13511 13515.
13511 13510 13516 13517.
13510 13513 13518 13516.
13513 13515 13519 13518.
13515 13511 13517 13519.
13517 13516 13520 13521.
13516 13518 13522 13520.
13518 13519 13523 13522.
13519 13517 13521 13523.
13521 13520 13524 13525.
13520 13522 13526 13524.
13522 13523 13527 13526.
13523 13521 13525 13527.
13528 13529 13530 13531.
13529 13532 13533 13530.
13532 13534 13535 13533.
13534 13528 13531 13535.
13536 13537 13538 13539.
13537 13540 13541 13538.
13540 13542 13543 13541.
13542 13536 13539 13543.
13539 13538 13544 13545.
13538 13541 13546 13544.
13541 13543 13547 13546.
13543 13539 13545 13547.
13545 13544 13548 13549.
13544 13546 13550 13548.
13546 13547 13551 13550.
13547 13545 13549 13551.
13549 13548 13552 13553.
13548 13550 13554 13552.
13550 13551 13555 13554.
13551 13549 13553 13555.
13556 13557 13558 13559.
13557 13560 13561 13558.
13560 13562 13563 13561.
13562 13556 13559 13563.
13564 13565 13566 13567.
13565 13568 13569 13566.
13568 13570 13571 13569.
13570 13564 13567 13571.
13567 13566 13572 13573.
13566 13569 13574 13572.
13569 13571 13575 13574.
13571 13567 13573 13575.
13573 13572 13576 13577.
13572 13574 13578 13576.
13574 13575 13579 13578.
13575 13573 13577 13579.
13577 13576 13580 13581.
13576 13578 13582 13580.
13578 13579 13583 13582.
13579 13577 13581 13583.
13584 13585 13586 13587.
13585 13588 13589 13586.
13588 13590 13591 13589.
13590 13584 13587 13591.
13592 13593 13594 13595.
13593 13596 13597 13594.
13596 13598 13599 13597.
13598 13592 13595 13599.
13595 13594 13600 13601.
13594 13597 13602 13600.
13597 13599 13603 13602.
13599 13595 13601 13603.
13601 13600 13604 13605.
13600 13602 13606 13604.
13602 13603 13607 13606.
13603 13601 13605 13607.
13605 13604 13608 13609.
13604 13606 13610 13608.
13606 13607 13611 13610.
13607 13605 13609 13611.
13612 13613 13614 13615.
13613 13616 13617 13614.
13616 13618 13619 13617.
13618 13612 13615 13619.
13620 13621 13622 13623.
13621 13624 13625 13622.
13624 13626 13627 13625.
13626 13620 13623 13627.
13623 13622 13628 13629.
13622 13625 13630 13628.
13625 13627 13631 13630.
13627 13623 13629 13631.
13629 13628 13632 13633.
13628 13630 13634 13632.
13630 13631 13635 13634.
13631 13629 13633 13635.
13633 13632 13636 13637.
13632 13634 13638 13636.
13634 13635 13639 13638.
13635 13633 13637 13639.
13640 13641 13642 13643.
13641 13644 13645 13642.
13644 13646 13647 13645.
13646 13640 13643 13647.
13648 13649 13650 13651.
13649 13652 13653 13650.
13652 13654 13655 13653.
13654 13648 13651 13655.
13651 13650 13656 13657.
13650 13653 13658 13656.
13653 13655 13659 13658.
13655 13651 13657 13659.
13657 13656 13660 13661.
13656 13658 13662 13660.
13658 13659 13663 13662.
13659 13657 13661 13663.
13661 13660 13664 13665.
13660 13662 13666 13664.
13662 13663 13667 13666.
13663 13661 13665 13667.
13668 13669 13670 13671.
13669 13672 13673 13670.
13672 13674 13675 13673.
13674 13668 13671 13675.
13676 13677 13678 13679.
13677 13680 13681 13678.
13680 13682 13683 13681.
13682 13676 13679 13683.
13679 13678 13684 13685.
13678 13681 13686 13684.
13681 13683 13687 13686.
13683 13679 13685 13687.
13685 13684 13688 13689.
13684 13686 13690 13688.
13686 13687 13691 13690.
13687 13685 13689 13691.
13689 13688 13692 13693.
13688 13690 13694 13692.
13690 13691 13695 13694.
13691 13689 13693 13695.
13696 13697 13698 13699.
13697 13700 13701 13698.
13700 13702 13703 13701.
13702 13696 13699 13703.
13704 13705 13706 13707.
13705 13708 13709 13706.
13708 13710 13711 13709.
13710 13704 13707 13711.
13707 13706 13712 13713.
13706 13709 13714 13712.
13709 13711 13715 13714.
13711 13707 13713 13715.
13713 13712 13716 13717.
13712 13714 13718 13716.
13714 13715 13719 13718.
13715 13713 13717 13719.
13717 13716 13720 13721.
13716 13718 13722 13720.
13718 13719 13723 13722.
13719 13717 13721 13723.
13724 13725 13726 13727.
13725 13728 13729 13726.
13728 13730 13731 13729.
13730 13724 13727 13731.
13732 13733 13734 13735.
13733 13736 13737 13734.
13736 13738 13739 13737.
13738 13732 13735 13739.
13735 13734 13740 13741.
13734 13737 13742 13740.
13737 13739 13743 13742.
13739 13735 13741 13743.
13741 13740 13744 13745.
13740 13742 13746 13744.
13742 13743 13747 13746.
13743 13741 13745 13747.
13745 13744 13748 13749.
13744 13746 13750 13748.
13746 13747 13751 13750.
13747 13745 13749 13751.
13752 13753 13754 13755.
13753 13756 13757 13754.
13756 13758 13759 13757.
13758 13752 13755 13759.
13760 13761 13762 13763.
13761 13764 13765 13762.
13764 13766 13767 13765.
13766 13760 13763 13767.
13763 13762 13768 13769.
13762 13765 13770 13768.
13765 13767 13771 13770.
13767 13763 13769 13771.
13769 13768 13772 13773.
13768 13770 13774 13772.
13770 13771 13775 13774.
13771 13769 13773 13775.
13773 13772 13776 13777.
13772 13774 13778 13776.
13774 13775 13779 13778.
13775 13773 13777 13779.
13780 13781 13782 13783.
13781 13784 13785 13782.
13784 13786 13787 13785.
13786 13780 13783 13787.
13788 13789 13790 13791.
13789 13792 13793 13790.
13792 13794 13795 13793.
13794 13788 13791 13795.
13791 13790 13796 13797.
13790 13793 13798 13796.
13793 13795 13799 13798.
13795 13791 13797 13799.
13797 13796 13800 13801.
13796 13798 13802 13800.
13798 13799 13803 13802.
13799 13797 13801 13803.
13801 13800 13804 13805.
13800 13802 13806 13804.
13802 13803 13807 13806.
13803 13801 13805 13807.
13808 13809 13810 13811.
13809 13812 13813 13810.
13812 13814 13815 13813.
13814 13808 13811 13815.
13816 13817 13818 13819.
13817 13820 13821 13818.
13820 13822 13823 13821.
13822 13816 13819 13823.
13819 13818 13824 13825.
13818 13821 13826 13824.
13821 13823 13827 13826.
13823 13819 13825 13827.
13825 13824 13828 13829.
13824 13826 13830 13828.
13826 13827 13831 13830.
13827 13825 13829 13831.
13829 13828 13832 13833.
13828 13830 13834 13832.
13830 13831 13835 13834.
13831 13829 13833 13835.
13836 13837 13838 13839.
13837 13840 13841 13838.
13840 13842 13843 13841.
13842 13836 13839 13843.
13844 13845 13846 13847.
13845 13848 13849 13846.
13848 13850 13851 13849.
13850 13844 13847 13851.
13847 13846 13852 13853.
13846 13849 13854 13852.
13849 13851 13855 13854.
13851 13847 13853 13855.
13853 13852 13856 13857.
13852 13854 13858 13856.
13854 13855 13859 13858.
13855 13853 13857 13859.
13857 13856 13860 13861.
13856 13858 13862 13860.
13858 13859 13863 13862.
13859 13857 13861 13863.
13864 13865 13866 13867.
13865 13868 13869 13866.
13868 13870 13871 13869.
13870 13864 13867 13871.
13872 13873 13874 13875.
13873 13876 13877 13874.
13876 13878 13879 13877.
13878 13872 13875 13879.
13875 13874 13880 13881.
13874 13877 13882 13880.
13877 13879 13883 13882.
13879 13875 13881 13883.
13881 13880 13884 13885.
13880 13882 13886 13884.
13882 13883 13887 13886.
13883 13881 13885 13887.
13885 13884 13888 13889.
13884 13886 13890 13888.
13886 13887 13891 13890.
13887 13885 13889 13891.
13892 13893 13894 13895.
13893 13896 13897 13894.
13896 13898 13899 13897.
13898 13892 13895 13899.
13900 13901 13902 13903.
13901 13904 13905 13902.
13904 13906 13907 13905.
13906 13900 13903 13907.
13903 13902 13908 13909.
13902 13905 13910 13908.
13905 13907 13911 13910.
13907 13903 13909 13911.
13909 13908 13912 13913.
13908 13910 13914 13912.
13910 13911 13915 13914.
13911 13909 13913 13915.
13913 13912 13916 13917.
13912 13914 13918 13916.
13914 13915 13919 13918.
13915 13913 13917 13919.
13920 13921 13922 13923.
13921 13924 13925 13922.
13924 13926 13927 13925.
13926 13920 13923 13927.
13928 13929 13930 13931.
13929 13932 13933 13930.
13932 13934 13935 13933.
13934 13928 13931 13935.
13931 13930 13936 13937.
13930 13933 13938 13936.
13933 13935 13939 13938.
13935 13931 13937 13939.
13937 13936 13940 13941.
13936 13938 13942 13940.
13938 13939 13943 13942.
13939 13937 13941 13943.
13941 13940 13944 13945.
13940 13942 13946 13944.
13942 13943 13947 13946.
13943 13941 13945 13947.
13948 13949 13950 13951.
13949 13952 13953 13950.
13952 13954 13955 13953.
13954 13948 13951 13955.
13956 13957 13958 13959.
13957 13960 13961 13958.
13960 13962 13963 13961.
13962 13956 13959 13963.
13959 13958 13964 13965.
13958 13961 13966 13964.
13961 13963 13967 13966.
13963 13959 13965 13967.
13965 13964 13968 13969.
13964 13966 13970 13968.
13966 13967 13971 13970.
13967 13965 13969 13971.
13969 13968 13972 13973.
13968 13970 13974 13972.
13970 13971 13975 13974.
13971 13969 13973 13975.
13976 13977 13978 13979.
13977 13980 13981 13978.
13980 13982 13983 13981.
13982 13976 13979 13983.
13979 13978 13984 13985.
13978 13981 13986 13984.
13981 13983 13987 13986.
13983 13979 13985 13987.
13985 13984 13988 13989.
13984 13986 13990 13988.
13986 13987 13991 13990.
13987 13985 13989 13991.
13989 13988 13992 13993.
13988 13990 13994 13992.
13990 13991 13995 13994.
13991 13989 13993 13995.
13993 13992 13996 13997.
13992 13994 13998 13996.
13994 13995 13999 13998.
13995 13993 13997 13999.
13997 13996 14000 14001.
13996 13998 14002 14000.
13998 13999 14003 14002.
13999 13997 14001 14003.
14001 14000 14004 14005.
14000 14002 14006 14004.
14002 14003 14007 14006.
14003 14001 14005 14007.
14005 14004 14008 14009.
14004 14006 14010 14008.
14006 14007 14011 14010.
14007 14005 14009 14011.
14009 14008 14012 14013.
14008 14010 14014 14012.
14010 14011 14015 14014.
14011 14009 14013 14015.
14013 14012 14016 14017.
14012 14014 14018 14016.
14014 14015 14019 14018.
14015 14013 14017 14019.
14017 14016 14020 14021.
14016 14018 14022 14020.
14018 14019 14023 14022.
14019 14017 14021 14023.
14021 14020 14024 14025.
14020 14022 14026 14024.
14022 14023 14027 14026.
14023 14021 14025 14027.
14025 14024 14028 14029.
14024 14026 14030 14028.
14026 14027 14031 14030.
14027 14025 14029 14031.
14029 14028 14032 14033.
14028 14030 14034 14032.
14030 14031 14035 14034.
14031 14029 14033 14035.
14033 14032 14036 14037.
14032 14034 14038 14036.
14034 14035 14039 14038.
14035 14033 14037 14039.
14037 14036 14040 14041.
14036 14038 14042 14040.
14038 14039 14043 14042.
14039 14037 14041 14043.
14041 14040 14044 14045.
14040 14042 14046 14044.
14042 14043 14047 14046.
14043 14041 14045 14047.
14045 14044 14048 14049.
14044 14046 14050 14048.
14046 14047 14051 14050.
14047 14045 14049 14051.
14049 14048 14052 14053.
14048 14050 14054 14052.
14050 14051 14055 14054.
14051 14049 14053 14055.
14053 14052 14056 14057.
14052 14054 14058 14056.
14054 14055 14059 14058.
14055 14053 14057 14059.
14057 14056 14060 14061.
14056 14058 14062 14060.
14058 14059 14063 14062.
14059 14057 14061 14063.
14061 14060 14064 14065.
14060 14062 14066 14064.
14062 14063 14067 14066.
14063 14061 14065 14067.
14065 14064 14068 14069.
14064 14066 14070 14068.
14066 14067 14071 14070.
14067 14065 14069 14071.
14069 14068 14072 14073.
14068 14070 14074 14072.
14070 14071 14075 14074.
14071 14069 14073 14075.
14073 14072 14076 14077.
14072 14074 14078 14076.
14074 14075 14079 14078.
14075 14073 14077 14079.
14077 14076 14080 14081.
14076 14078 14082 14080.
14078 14079 14083 14082.
14079 14077 14081 14083.
14081 14080 14084 14085.
14080 14082 14086 14084.
14082 14083 14087 14086.
14083 14081 14085 14087.
14085 14084 14088 14089.
14084 14086 14090 14088.
14086 14087 14091 14090.
14087 14085 14089 14091.
14089 14088 14092 14093.
14088 14090 14094 14092.
14090 14091 14095 14094.
14091 14089 14093 14095.
14093 14092 14096 14097.
14092 14094 14098 14096.
14094 14095 14099 14098.
14095 14093 14097 14099.
14097 14096 14100 14101.
14096 14098 14102 14100.
14098 14099 14103 14102.
14099 14097 14101 14103.
14101 14100 14104 14105.
14100 14102 14106 14104.
14102 14103 14107 14106.
14103 14101 14105 14107.
14105 14104 14108 14109.
14104 14106 14110 14108.
14106 14107 14111 14110.
14107 14105 14109 14111.
14109 14108 14112 14113.
14108 14110 14114 14112.
14110 14111 14115 14114.
14111 14109 14113 14115.
14113 14112 14116 14117.
14112 14114 14118 14116.
14114 14115 14119 14118.
14115 14113 14117 14119.
14117 14116 14120 14121.
14116 14118 14122 14120.
14118 14119 14123 14122.
14119 14117 14121 14123.
14121 14120 14124 14125.
14120 14122 14126 14124.
14122 14123 14127 14126.
14123 14121 14125 14127.
14125 14124 14128 14129.
14124 14126 14130 14128.
14126 14127 14131 14130.
14127 14125 14129 14131.
14129 14128 14132 14133.
14128 14130 14134 14132.
14130 14131 14135 14134.
14131 14129 14133 14135.
14133 14132 14136 14137.
14132 14134 14138 14136.
14134 14135 14139 14138.
14135 14133 14137 14139.
14137 14136 14140 14141.
14136 14138 14142 14140.
14138 14139 14143 14142.
14139 14137 14141 14143.
14141 14140 14144 14145.
14140 14142 14146 14144.
14142 14143 14147 14146.
14143 14141 14145 14147.
14145 14144 14148 14149.
14144 14146 14150 14148.
14146 14147 14151 14150.
14147 14145 14149 14151.
14149 14148 14152 14153.
14148 14150 14154 14152.
14150 14151 14155 14154.
14151 14149 14153 14155.
14153 14152 14156 14157.
14152 14154 14158 14156.
14154 14155 14159 14158.
14155 14153 14157 14159.
14157 14156 14160 14161.
14156 14158 14162 14160.
14158 14159 14163 14162.
14159 14157 14161 14163.
14161 14160 14164 14165.
14160 14162 14166 14164.
14162 14163 14167 14166.
14163 14161 14165 14167.
14165 14164 14168 14169.
14164 14166 14170 14168.
14166 14167 14171 14170.
14167 14165 14169 14171.
14169 14168 14172 14173.
14168 14170 14174 14172.
14170 14171 14175 14174.
14171 14169 14173 14175.
14173 14172 14176 14177.
14172 14174 14178 14176.
14174 14175 14179 14178.
14175 14173 14177 14179.
14177 14176 14180 14181.
14176 14178 14182 14180.
14178 14179 14183 14182.
14179 14177 14181 14183.
14181 14180 14184 14185.
14180 14182 14186 14184.
14182 14183 14187 14186.
14183 14181 14185 14187.
14185 14184 14188 14189.
14184 14186 14190 14188.
14186 14187 14191 14190.
14187 14185 14189 14191.
14189 14188 14192 14193.
14188 14190 14194 14192.
14190 14191 14195 14194.
14191 14189 14193 14195.
14193 14192 14196 14197.
14192 14194 14198 14196.
14194 14195 14199 14198.
14195 14193 14197 14199.
14197 14196 14200 14201.
14196 14198 14202 14200.
14198 14199 14203 14202.
14199 14197 14201 14203.
14201 14200 14204 14205.
14200 14202 14206 14204.
14202 14203 14207 14206.
14203 14201 14205 14207.
14205 14204 14208 14209.
14204 14206 14210 14208.
14206 14207 14211 14210.
14207 14205 14209 14211.
14209 14208 14212 14213.
14208 14210 14214 14212.
14210 14211 14215 14214.
14211 14209 14213 14215.
14213 14212 14216 14217.
14212 14214 14218 14216.
14214 14215 14219 14218.
14215 14213 14217 14219.
14217 14216 14220 14221.
14216 14218 14222 14220.
14218 14219 14223 14222.
14219 14217 14221 14223.
14221 14220 14224 14225.
14220 14222 14226 14224.
14222 14223 14227 14226.
14223 14221 14225 14227.
14225 14224 14228 14229.
14224 14226 14230 14228.
14226 14227 14231 14230.
14227 14225 14229 14231.
14229 14228 14232 14233.
14228 14230 14234 14232.
14230 14231 14235 14234.
14231 14229 14233 14235.
14233 14232 14236 14237.
14232 14234 14238 14236.
14234 14235 14239 14238.
14235 14233 14237 14239.
14237 14236 14240 14241.
14236 14238 14242 14240.
14238 14239 14243 14242.
14239 14237 14241 14243.
14241 14240 14244 14245.
14240 14242 14246 14244.
14242 14243 14247 14246.
14243 14241 14245 14247.
14245 14244 14248 14249.
14244 14246 14250 14248.
14246 14247 14251 14250.
14247 14245 14249 14251.
14249 14248 14252 14253.
14248 14250 14254 14252.
14250 14251 14255 14254.
14251 14249 14253 14255.
14253 14252 14256 14257.
14252 14254 14258 14256.
14254 14255 14259 14258.
14255 14253 14257 14259.
14257 14256 14260 14261.
14256 14258 14262 14260.
14258 14259 14263 14262.
14259 14257 14261 14263.
14261 14260 14264 14265.
14260 14262 14266 14264.
14262 14263 14267 14266.
14263 14261 14265 14267.
14265 14264 14268 14269.
14264 14266 14270 14268.
14266 14267 14271 14270.
14267 14265 14269 14271.
14269 14268 14272 14273.
14268 14270 14274 14272.
14270 14271 14275 14274.
14271 14269 14273 14275.
14273 14272 14276 14277.
14272 14274 14278 14276.
14274 14275 14279 14278.
14275 14273 14277 14279.
14277 14276 14280 14281.
14276 14278 14282 14280.
14278 14279 14283 14282.
14279 14277 14281 14283.
14281 14280 14284 14285.
14280 14282 14286 14284.
14282 14283 14287 14286.
14283 14281 14285 14287.
14285 14284 14288 14289.
14284 14286 14290 14288.
14286 14287 14291 14290.
14287 14285 14289 14291.
14289 14288 14292 14293.
14288 14290 14294 14292.
14290 14291 14295 14294.
14291 14289 14293 14295.
14293 14292 14296 14297.
14292 14294 14298 14296.
14294 14295 14299 14298.
14295 14293 14297 14299.
14297 14296 14300 14301.
14296 14298 14302 14300.
14298 14299 14303 14302.
14299 14297 14301 14303.
14301 14300 14304 14305.
14300 14302 14306 14304.
14302 14303 14307 14306.
14303 14301 14305 14307.
14305 14304 14308 14309.
14304 14306 14310 14308.
14306 14307 14311 14310.
14307 14305 14309 14311.
14309 14308 14312 14313.
14308 14310 14314 14312.
14310 14311 14315 14314.
14311 14309 14313 14315.
14313 14312 14316 14317.
14312 14314 14318 14316.
14314 14315 14319 14318.
14315 14313 14317 14319.
14317 14316 14320 14321.
14316 14318 14322 14320.
14318 14319 14323 14322.
14319 14317 14321 14323.
14321 14320 14324 14325.
14320 14322 14326 14324.
14322 14323 14327 14326.
14323 14321 14325 14327.
14325 14324 14328 14329.
14324 14326 14330 14328.
14326 14327 14331 14330.
14327 14325 14329 14331.
14329 14328 14332 14333.
14328 14330 14334 14332.
14330 14331 14335 14334.
14331 14329 14333 14335.
14333 14332 14336 14337.
14332 14334 14338 14336.
14334 14335 14339 14338.
14335 14333 14337 14339.
14337 14336 14340 14341.
14336 14338 14342 14340.
14338 14339 14343 14342.
14339 14337 14341 14343.
14341 14340 13977 13976.
14340 14342 13980 13977.
14342 14343 13982 13980.
14343 14341 13976 13982.
14344 14345 14346 14347.
14345 14348 14349 14346.
14348 14350 14351 14349.
14350 14344 14347 14351.
14347 14346 14352 14353.
14346 14349 14354 14352.
14349 14351 14355 14354.
14351 14347 14353 14355.
14353 14352 14356 14357.
14352 14354 14358 14356.
14354 14355 14359 14358.
14355 14353 14357 14359.
14357 14356 14360 14361.
14356 14358 14362 14360.
14358 14359 14363 14362.
14359 14357 14361 14363.
14361 14360 14364 14365.
14360 14362 14366 14364.
14362 14363 14367 14366.
14363 14361 14365 14367.
14365 14364 14368 14369.
14364 14366 14370 14368.
14366 14367 14371 14370.
14367 14365 14369 14371.
14369 14368 14372 14373.
14368 14370 14374 14372.
14370 14371 14375 14374.
14371 14369 14373 14375.
14373 14372 14376 14377.
14372 14374 14378 14376.
14374 14375 14379 14378.
14375 14373 14377 14379.
14377 14376 14380 14381.
14376 14378 14382 14380.
14378 14379 14383 14382.
14379 14377 14381 14383.
14381 14380 14384 14385.
14380 14382 14386 14384.
14382 14383 14387 14386.
14383 14381 14385 14387.
14385 14384 14388 14389.
14384 14386 14390 14388.
14386 14387 14391 14390.
14387 14385 14389 14391.
14389 14388 14392 14393.
14388 14390 14394 14392.
14390 14391 14395 14394.
14391 14389 14393 14395.
14393 14392 14396 14397.
14392 14394 14398 14396.
14394 14395 14399 14398.
14395 14393 14397 14399.
14397 14396 14400 14401.
14396 14398 14402 14400.
14398 14399 14403 14402.
14399 14397 14401 14403.
14401 14400 14404 14405.
14400 14402 14406 14404.
14402 14403 14407 14406.
14403 14401 14405 14407.
14405 14404 14408 14409.
14404 14406 14410 14408.
14406 14407 14411 14410.
14407 14405 14409 14411.
14409 14408 14412 14413.
14408 14410 14414 14412.
14410 14411 14415 14414.
14411 14409 14413 14415.
14413 14412 14416 14417.
14412 14414 14418 14416.
14414 14415 14419 14418.
14415 14413 14417 14419.
14417 14416 14420 14421.
14416 14418 14422 14420.
14418 14419 14423 14422.
14419 14417 14421 14423.
14421 14420 14424 14425.
14420 14422 14426 14424.
14422 14423 14427 14426.
14423 14421 14425 14427.
14425 14424 14428 14429.
14424 14426 14430 14428.
14426 14427 14431 14430.
14427 14425 14429 14431.
14429 14428 14432 14433.
14428 14430 14434 14432.
14430 14431 14435 14434.
14431 14429 14433 14435.
14433 14432 14436 14437.
14432 14434 14438 14436.
14434 14435 14439 14438.
14435 14433 14437 14439.
14437 14436 14440 14441.
14436 14438 14442 14440.
14438 14439 14443 14442.
14439 14437 14441 14443.
14441 14440 14444 14445.
14440 14442 14446 14444.
14442 14443 14447 14446.
14443 14441 14445 14447.
14445 14444 14448 14449.
14444 14446 14450 14448.
14446 14447 14451 14450.
14447 14445 14449 14451.
14449 14448 14452 14453.
14448 14450 14454 14452.
14450 14451 14455 14454.
14451 14449 14453 14455.
14453 14452 14456 14457.
14452 14454 14458 14456.
14454 14455 14459 14458.
14455 14453 14457 14459.
14457 14456 14460 14461.
14456 14458 14462 14460.
14458 14459 14463 14462.
14459 14457 14461 14463.
14461 14460 14464 14465.
14460 14462 14466 14464.
14462 14463 14467 14466.
14463 14461 14465 14467.
14465 14464 14468 14469.
14464 14466 14470 14468.
14466 14467 14471 14470.
14467 14465 14469 14471.
14469 14468 14472 14473.
14468 14470 14474 14472.
14470 14471 14475 14474.
14471 14469 14473 14475.
14473 14472 14476 14477.
14472 14474 14478 14476.
14474 14475 14479 14478.
14475 14473 14477 14479.
14477 14476 14480 14481.
14476 14478 14482 14480.
14478 14479 14483 14482.
14479 14477 14481 14483.
14481 14480 14484 14485.
14480 14482 14486 14484.
14482 14483 14487 14486.
14483 14481 14485 14487.
14485 14484 14488 14489.
14484 14486 14490 14488.
14486 14487 14491 14490.
14487 14485 14489 14491.
14489 14488 14492 14493.
14488 14490 14494 14492.
14490 14491 14495 14494.
14491 14489 14493 14495.
14493 14492 14496 14497.
14492 14494 14498 14496.
14494 14495 14499 14498.
14495 14493 14497 14499.
14497 14496 14500 14501.
14496 14498 14502 14500.
14498 14499 14503 14502.
14499 14497 14501 14503.
14501 14500 14504 14505.
14500 14502 14506 14504.
14502 14503 14507 14506.
14503 14501 14505 14507.
14505 14504 14508 14509.
14504 14506 14510 14508.
14506 14507 14511 14510.
14507 14505 14509 14511.
14509 14508 14512 14513.
14508 14510 14514 14512.
14510 14511 14515 14514.
14511 14509 14513 14515.
14513 14512 14516 14517.
14512 14514 14518 14516.
14514 14515 14519 14518.
14515 14513 14517 14519.
14517 14516 14520 14521.
14516 14518 14522 14520.
14518 14519 14523 14522.
14519 14517 14521 14523.
14521 14520 14524 14525.
14520 14522 14526 14524.
14522 14523 14527 14526.
14523 14521 14525 14527.
14525 14524 14528 14529.
14524 14526 14530 14528.
14526 14527 14531 14530.
14527 14525 14529 14531.
14529 14528 14532 14533.
14528 14530 14534 14532.
14530 14531 14535 14534.
14531 14529 14533 14535.
14533 14532 14536 14537.
14532 14534 14538 14536.
14534 14535 14539 14538.
14535 14533 14537 14539.
14537 14536 14540 14541.
14536 14538 14542 14540.
14538 14539 14543 14542.
14539 14537 14541 14543.
14541 14540 14544 14545.
14540 14542 14546 14544.
14542 14543 14547 14546.
14543 14541 14545 14547.
14545 14544 14548 14549.
14544 14546 14550 14548.
14546 14547 14551 14550.
14547 14545 14549 14551.
14549 14548 14552 14553.
14548 14550 14554 14552.
14550 14551 14555 14554.
14551 14549 14553 14555.
14553 14552 14556 14557.
14552 14554 14558 14556.
14554 14555 14559 14558.
14555 14553 14557 14559.
14557 14556 14560 14561.
14556 14558 14562 14560.
14558 14559 14563 14562.
14559 14557 14561 14563.
14561 14560 14564 14565.
14560 14562 14566 14564.
14562 14563 14567 14566.
14563 14561 14565 14567.
14565 14564 14568 14569.
14564 14566 14570 14568.
14566 14567 14571 14570.
14567 14565 14569 14571.
14569 14568 14572 14573.
14568 14570 14574 14572.
14570 14571 14575 14574.
14571 14569 14573 14575.
14573 14572 14576 14577.
14572 14574 14578 14576.
14574 14575 14579 14578.
14575 14573 14577 14579.
14577 14576 14580 14581.
14576 14578 14582 14580.
14578 14579 14583 14582.
14579 14577 14581 14583.
14581 14580 14584 14585.
14580 14582 14586 14584.
14582 14583 14587 14586.
14583 14581 14585 14587.
14585 14584 14588 14589.
14584 14586 14590 14588.
14586 14587 14591 14590.
14587 14585 14589 14591.
14589 14588 14592 14593.
14588 14590 14594 14592.
14590 14591 14595 14594.
14591 14589 14593 14595.
14593 14592 14596 14597.
14592 14594 14598 14596.
14594 14595 14599 14598.
14595 14593 14597 14599.
14597 14596 14600 14601.
14596 14598 14602 14600.
14598 14599 14603 14602.
14599 14597 14601 14603.
14601 14600 14604 14605.
14600 14602 14606 14604.
14602 14603 14607 14606.
14603 14601 14605 14607.
14605 14604 14608 14609.
14604 14606 14610 14608.
14606 14607 14611 14610.
14607 14605 14609 14611.
14609 14608 14612 14613.
14608 14610 14614 14612.
14610 14611 14615 14614.
14611 14609 14613 14615.
14613 14612 14616 14617.
14612 14614 14618 14616.
14614 14615 14619 14618.
14615 14613 14617 14619.
14617 14616 14620 14621.
14616 14618 14622 14620.
14618 14619 14623 14622.
14619 14617 14621 14623.
14621 14620 14624 14625.
14620 14622 14626 14624.
14622 14623 14627 14626.
14623 14621 14625 14627.
14625 14624 14628 14629.
14624 14626 14630 14628.
14626 14627 14631 14630.
14627 14625 14629 14631.
14629 14628 14632 14633.
14628 14630 14634 14632.
14630 14631 14635 14634.
14631 14629 14633 14635.
14633 14632 14636 14637.
14632 14634 14638 14636.
14634 14635 14639 14638.
14635 14633 14637 14639.
14637 14636 14640 14641.
14636 14638 14642 14640.
14638 14639 14643 14642.
14639 14637 14641 14643.
14641 14640 14644 14645.
14640 14642 14646 14644.
14642 14643 14647 14646.
14643 14641 14645 14647.
14645 14644 14648 14649.
14644 14646 14650 14648.
14646 14647 14651 14650.
14647 14645 14649 14651.
14649 14648 14652 14653.
14648 14650 14654 14652.
14650 14651 14655 14654.
14651 14649 14653 14655.
14653 14652 14656 14657.
14652 14654 14658 14656.
14654 14655 14659 14658.
14655 14653 14657 14659.
14657 14656 14660 14661.
14656 14658 14662 14660.
14658 14659 14663 14662.
14659 14657 14661 14663.
14661 14660 14664 14665.
14660 14662 14666 14664.
14662 14663 14667 14666.
14663 14661 14665 14667.
14665 14664 14668 14669.
14664 14666 14670 14668.
14666 14667 14671 14670.
14667 14665 14669 14671.
14669 14668 14672 14673.
14668 14670 14674 14672.
14670 14671 14675 14674.
14671 14669 14673 14675.
14673 14672 14676 14677.
14672 14674 14678 14676.
14674 14675 14679 14678.
14675 14673 14677 14679.
14677 14676 14680 14681.
14676 14678 14682 14680.
14678 14679 14683 14682.
14679 14677 14681 14683.
14681 14680 14684 14685.
14680 14682 14686 14684.
14682 14683 14687 14686.
14683 14681 14685 14687.
14685 14684 14688 14689.
14684 14686 14690 14688.
14686 14687 14691 14690.
14687 14685 14689 14691.
14689 14688 14692 14693.
14688 14690 14694 14692.
14690 14691 14695 14694.
14691 14689 14693 14695.
14693 14692 14696 14697.
14692 14694 14698 14696.
14694 14695 14699 14698.
14695 14693 14697 14699.
14697 14696 14700 14701.
14696 14698 14702 14700.
14698 14699 14703 14702.
14699 14697 14701 14703.
14701 14700 14704 14705.
14700 14702 14706 14704.
14702 14703 14707 14706.
14703 14701 14705 14707.
14705 14704 14708 14709.
14704 14706 14710 14708.
14706 14707 14711 14710.
14707 14705 14709 14711.
14709 14708 14345 14344.
14708 14710 14348 14345.
14710 14711 14350 14348.
14711 14709 14344 14350.
8090 8089 14712 14713.
8092 8090 14713 14714.
8094 8092 14714 14715.
8089 8094 14715 14712.
8096 8099 14713 14712.
8099 8101 14714 14713.
8101 8103 14715 14714.
8103 8096 14712 14715.
8133 8132 14716 14717.
8134 8133 14717 14718.
8135 8134 14718 14719.
8132 8135 14719 14716.
8136 8139 14717 14716.
8139 8141 14718 14717.
8141 8143 14719 14718.
8143 8136 14716 14719.
8146 8145 14720 14721.
8148 8146 14721 14722.
8150 8148 14722 14723.
8145 8150 14723 14720.
8152 8155 14721 14720.
8155 8157 14722 14721.
8157 8159 14723 14722.
8159 8152 14720 14723.
8174 8173 14724 14725.
8176 8174 14725 14726.
8178 8176 14726 14727.
8173 8178 14727 14724.
8180 8183 14725 14724.
8183 8185 14726 14725.
8185 8187 14727 14726.
8187 8180 14724 14727.
8202 8201 14728 14729.
8204 8202 14729 14730.
8206 8204 14730 14731.
8201 8206 14731 14728.
8208 8211 14729 14728.
8211 8213 14730 14729.
8213 8215 14731 14730.
8215 8208 14728 14731.
8230 8229 14732 14733.
8232 8230 14733 14734.
8234 8232 14734 14735.
8229 8234 14735 14732.
8236 8239 14733 14732.
8239 8241 14734 14733.
8241 8243 14735 14734.
8243 8236 14732 14735.
8258 8257 14736 14737.
8260 8258 14737 14738.
8262 8260 14738 14739.
8257 8262 14739 14736.
8264 8267 14737 14736.
8267 8269 14738 14737.
8269 8271 14739 14738.
8271 8264 14736 14739.
8286 8285 14740 14741.
8288 8286 14741 14742.
8290 8288 14742 14743.
8285 8290 14743 14740.
8292 8295 14741 14740.
8295 8297 14742 14741.
8297 8299 14743 14742.
8299 8292 14740 14743.
8314 8313 14744 14745.
8316 8314 14745 14746.
8318 8316 14746 14747.
8313 8318 14747 14744.
8320 8323 14745 14744.
8323 8325 14746 14745.
8325 8327 14747 14746.
8327 8320 14744 14747.
8342 8341 14748 14749.
8344 8342 14749 14750.
8346 8344 14750 14751.
8341 8346 14751 14748.
8348 8351 14749 14748.
8351 8353 14750 14749.
8353 8355 14751 14750.
8355 8348 14748 14751.
8370 8369 14752 14753.
8372 8370 14753 14754.
8374 8372 14754 14755.
8369 8374 14755 14752.
8376 8379 14753 14752.
8379 8381 14754 14753.
8381 8383 14755 14754.
8383 8376 14752 14755.
8398 8397 14756 14757.
8400 8398 14757 14758.
8402 8400 14758 14759.
8397 8402 14759 14756.
8404 8407 14757 14756.
8407 8409 14758 14757.
8409 8411 14759 14758.
8411 8404 14756 14759.
8426 8425 14760 14761.
8428 8426 14761 14762.
8430 8428 14762 14763.
8425 8430 14763 14760.
8432 8435 14761 14760.
8435 8437 14762 14761.
8437 8439 14763 14762.
8439 8432 14760 14763.
8454 8453 14764 14765.
8456 8454 14765 14766.
8458 8456 14766 14767.
8453 8458 14767 14764.
8460 8463 14765 14764.
8463 8465 14766 14765.
8465 8467 14767 14766.
8467 8460 14764 14767.
8482 8481 14768 14769.
8484 8482 14769 14770.
8486 8484 14770 14771.
8481 8486 14771 14768.
8488 8491 14769 14768.
8491 8493 14770 14769.
8493 8495 14771 14770.
8495 8488 14768 14771.
8510 8509 14772 14773.
8512 8510 14773 14774.
8514 8512 14774 14775.
8509 8514 14775 14772.
8516 8519 14773 14772.
8519 8521 14774 14773.
8521 8523 14775 14774.
8523 8516 14772 14775.
8538 8537 14776 14777.
8540 8538 14777 14778.
8542 8540 14778 14779.
8537 8542 14779 14776.
8544 8547 14777 14776.
8547 8549 14778 14777.
8549 8551 14779 14778.
8551 8544 14776 14779.
8566 8565 14780 14781.
8568 8566 14781 14782.
8570 8568 14782 14783.
8565 8570 14783 14780.
8572 8575 14781 14780.
8575 8577 14782 14781.
8577 8579 14783 14782.
8579 8572 14780 14783.
8594 8593 14784 14785.
8596 8594 14785 14786.
8598 8596 14786 14787.
8593 8598 14787 14784.
8600 8603 14785 14784.
8603 8605 14786 14785.
8605 8607 14787 14786.
8607 8600 14784 14787.
8622 8621 14788 14789.
8624 8622 14789 14790.
8626 8624 14790 14791.
8621 8626 14791 14788.
8628 8631 14789 14788.
8631 8633 14790 14789.
8633 8635 14791 14790.
8635 8628 14788 14791.
8650 8649 14792 14793.
8652 8650 14793 14794.
8654 8652 14794 14795.
8649 8654 14795 14792.
8656 8659 14793 14792.
8659 8661 14794 14793.
8661 8663 14795 14794.
8663 8656 14792 14795.
8678 8677 14796 14797.
8680 8678 14797 14798.
8682 8680 14798 14799.
8677 8682 14799 14796.
8684 8687 14797 14796.
8687 8689 14798 14797.
8689 8691 14799 14798.
8691 8684 14796 14799.
8706 8705 14800 14801.
8708 8706 14801 14802.
8710 8708 14802 14803.
8705 8710 14803 14800.
8712 8715 14801 14800.
8715 8717 14802 14801.
8717 8719 14803 14802.
8719 8712 14800 14803.
8734 8733 14804 14805.
8736 8734 14805 14806.
8738 8736 14806 14807.
8733 8738 14807 14804.
8740 8743 14805 14804.
8743 8745 14806 14805.
8745 8747 14807 14806.
8747 8740 14804 14807.
8762 8761 14808 14809.
8764 8762 14809 14810.
8766 8764 14810 14811.
8761 8766 14811 14808.
8768 8771 14809 14808.
8771 8773 14810 14809.
8773 8775 14811 14810.
8775 8768 14808 14811.
8790 8789 14812 14813.
8792 8790 14813 14814.
8794 8792 14814 14815.
8789 8794 14815 14812.
8796 8799 14813 14812.
8799 8801 14814 14813.
8801 8803 14815 14814.
8803 8796 14812 14815.
8818 8817 14816 14817.
8820 8818 14817 14818.
8822 8820 14818 14819.
8817 8822 14819 14816.
8824 8827 14817 14816.
8827 8829 14818 14817.
8829 8831 14819 14818.
8831 8824 14816 14819.
8846 8845 14820 14821.
8848 8846 14821 14822.
8850 8848 14822 14823.
8845 8850 14823 14820.
8852 8855 14821 14820.
8855 8857 14822 14821.
8857 8859 14823 14822.
8859 8852 14820 14823.
8874 8873 14824 14825.
8876 8874 14825 14826.
8878 8876 14826 14827.
8873 8878 14827 14824.
8880 8883 14825 14824.
8883 8885 14826 14825.
8885 8887 14827 14826.
8887 8880 14824 14827.
8902 8901 14828 14829.
8904 8902 14829 14830.
8906 8904 14830 14831.
8901 8906 14831 14828.
8908 8911 14829 14828.
8911 8913 14830 14829.
8913 8915 14831 14830.
8915 8908 14828 14831.
8930 8929 14832 14833.
8932 8930 14833 14834.
8934 8932 14834 14835.
8929 8934 14835 14832.
8936 8939 14833 14832.
8939 8941 14834 14833.
8941 8943 14835 14834.
8943 8936 14832 14835.
8958 8957 14836 14837.
8960 8958 14837 14838.
8962 8960 14838 14839.
8957 8962 14839 14836.
8964 8967 14837 14836.
8967 8969 14838 14837.
8969 8971 14839 14838.
8971 8964 14836 14839.
8986 8985 14840 14841.
8988 8986 14841 14842.
8990 8988 14842 14843.
8985 8990 14843 14840.
8992 8995 14841 14840.
8995 8997 14842 14841.
8997 8999 14843 14842.
8999 8992 14840 14843.
9014 9013 14844 14845.
9016 9014 14845 14846.
9018 9016 14846 14847.
9013 9018 14847 14844.
9020 9023 14845 14844.
9023 9025 14846 14845.
9025 9027 14847 14846.
9027 9020 14844 14847.
9042 9041 14848 14849.
9044 9042 14849 14850.
9046 9044 14850 14851.
9041 9046 14851 14848.
9048 9051 14849 14848.
9051 9053 14850 14849.
9053 9055 14851 14850.
9055 9048 14848 14851.
9070 9069 14852 14853.
9072 9070 14853 14854.
9074 9072 14854 14855.
9069 9074 14855 14852.
9076 9079 14853 14852.
9079 9081 14854 14853.
9081 9083 14855 14854.
9083 9076 14852 14855.
9098 9097 14856 14857.
9100 9098 14857 14858.
9102 9100 14858 14859.
9097 9102 14859 14856.
9104 9107 14857 14856.
9107 9109 14858 14857.
9109 9111 14859 14858.
9111 9104 14856 14859.
9126 9125 14860 14861.
9128 9126 14861 14862.
9130 9128 14862 14863.
9125 9130 14863 14860.
9132 9135 14861 14860.
9135 9137 14862 14861.
9137 9139 14863 14862.
9139 9132 14860 14863.
9154 9153 14864 14865.
9156 9154 14865 14866.
9158 9156 14866 14867.
9153 9158 14867 14864.
9160 9163 14865 14864.
9163 9165 14866 14865.
9165 9167 14867 14866.
9167 9160 14864 14867.
9182 9181 14868 14869.
9184 9182 14869 14870.
9186 9184 14870 14871.
9181 9186 14871 14868.
9188 9191 14869 14868.
9191 9193 14870 14869.
9193 9195 14871 14870.
9195 9188 14868 14871.
9210 9209 14872 14873.
9212 9210 14873 14874.
9214 9212 14874 14875.
9209 9214 14875 14872.
9216 9219 14873 14872.
9219 9221 14874 14873.
9221 9223 14875 14874.
9223 9216 14872 14875.
9238 9237 14876 14877.
9240 9238 14877 14878.
9242 9240 14878 14879.
9237 9242 14879 14876.
9244 9247 14877 14876.
9247 9249 14878 14877.
9249 9251 14879 14878.
9251 9244 14876 14879.
9266 9265 14880 14881.
9268 9266 14881 14882.
9270 9268 14882 14883.
9265 9270 14883 14880.
9272 9275 14881 14880.
9275 9277 14882 14881.
9277 9279 14883 14882.
9279 9272 14880 14883.
9294 9293 14884 14885.
9296 9294 14885 14886.
9298 9296 14886 14887.
9293 9298 14887 14884.
9300 9303 14885 14884.
9303 9305 14886 14885.
9305 9307 14887 14886.
9307 9300 14884 14887.
9322 9321 14888 14889.
9324 9322 14889 14890.
9326 9324 14890 14891.
9321 9326 14891 14888.
9328 9331 14889 14888.
9331 9333 14890 14889.
9333 9335 14891 14890.
9335 9328 14888 14891.
9350 9349 14892 14893.
9352 9350 14893 14894.
9354 9352 14894 14895.
9349 9354 14895 14892.
9356 9359 14893 14892.
9359 9361 14894 14893.
9361 9363 14895 14894.
9363 9356 14892 14895.
9378 9377 14896 14897.
9380 9378 14897 14898.
9382 9380 14898 14899.
9377 9382 14899 14896.
9384 9387 14897 14896.
9387 9389 14898 14897.
9389 9391 14899 14898.
9391 9384 14896 14899.
9406 9405 14900 14901.
9408 9406 14901 14902.
9410 9408 14902 14903.
9405 9410 14903 14900.
9412 9415 14901 14900.
9415 9417 14902 14901.
9417 9419 14903 14902.
9419 9412 14900 14903.
9434 9433 14904 14905.
9436 9434 14905 14906.
9438 9436 14906 14907.
9433 9438 14907 14904.
9440 9443 14905 14904.
9443 9445 14906 14905.
9445 9447 14907 14906.
9447 9440 14904 14907.
9462 9461 14908 14909.
9464 9462 14909 14910.
9466 9464 14910 14911.
9461 9466 14911 14908.
9468 9471 14909 14908.
9471 9473 14910 14909.
9473 9475 14911 14910.
9475 9468 14908 14911.
9490 9489 14912 14913.
9492 9490 14913 14914.
9494 9492 14914 14915.
9489 9494 14915 14912.
9496 9499 14913 14912.
9499 9501 14914 14913.
9501 9503 14915 14914.
9503 9496 14912 14915.
9518 9517 14916 14917.
9520 9518 14917 14918.
9522 9520 14918 14919.
9517 9522 14919 14916.
9524 9527 14917 14916.
9527 9529 14918 14917.
9529 9531 14919 14918.
9531 9524 14916 14919.
9546 9545 14920 14921.
9548 9546 14921 14922.
9550 9548 14922 14923.
9545 9550 14923 14920.
9552 9555 14921 14920.
9555 9557 14922 14921.
9557 9559 14923 14922.
9559 9552 14920 14923.
9574 9573 14924 14925.
9576 9574 14925 14926.
9578 9576 14926 14927.
9573 9578 14927 14924.
9580 9583 14925 14924.
9583 9585 14926 14925.
9585 9587 14927 14926.
9587 9580 14924 14927.
9602 9601 14928 14929.
9604 9602 14929 14930.
9606 9604 14930 14931.
9601 9606 14931 14928.
9608 9611 14929 14928.
9611 9613 14930 14929.
9613 9615 14931 14930.
9615 9608 14928 14931.
9630 9629 14932 14933.
9632 9630 14933 14934.
9634 9632 14934 14935.
9629 9634 14935 14932.
9636 9639 14933 14932.
9639 9641 14934 14933.
9641 9643 14935 14934.
9643 9636 14932 14935.
9658 9657 14936 14937.
9660 9658 14937 14938.
9662 9660 14938 14939.
9657 9662 14939 14936.
9664 9667 14937 14936.
9667 9669 14938 14937.
9669 9671 14939 14938.
9671 9664 14936 14939.
9686 9685 14940 14941.
9688 9686 14941 14942.
9690 9688 14942 14943.
9685 9690 14943 14940.
9692 9695 14941 14940.
9695 9697 14942 14941.
9697 9699 14943 14942.
9699 9692 14940 14943.
9714 9713 14944 14945.
9716 9714 14945 14946.
9718 9716 14946 14947.
9713 9718 14947 14944.
9720 9723 14945 14944.
9723 9725 14946 14945.
9725 9727 14947 14946.
9727 9720 14944 14947.
9742 9741 14948 14949.
9744 9742 14949 14950.
9746 9744 14950 14951.
9741 9746 14951 14948.
9748 9751 14949 14948.
9751 9753 14950 14949.
9753 9755 14951 14950.
9755 9748 14948 14951.
9770 9769 14952 14953.
9772 9770 14953 14954.
9774 9772 14954 14955.
9769 9774 14955 14952.
9776 9779 14953 14952.
9779 9781 14954 14953.
9781 9783 14955 14954.
9783 9776 14952 14955.
9798 9797 14956 14957.
9800 9798 14957 14958.
9802 9800 14958 14959.
9797 9802 14959 14956.
9804 9807 14957 14956.
9807 9809 14958 14957.
9809 9811 14959 14958.
9811 9804 14956 14959.
9826 9825 14960 14961.
9828 9826 14961 14962.
9830 9828 14962 14963.
9825 9830 14963 14960.
9832 9835 14961 14960.
9835 9837 14962 14961.
9837 9839 14963 14962.
9839 9832 14960 14963.
9854 9853 14964 14965.
9856 9854 14965 14966.
9858 9856 14966 14967.
9853 9858 14967 14964.
9860 9863 14965 14964.
9863 9865 14966 14965.
9865 9867 14967 14966.
9867 9860 14964 14967.
9882 9881 14968 14969.
9884 9882 14969 14970.
9886 9884 14970 14971.
9881 9886 14971 14968.
9888 9891 14969 14968.
9891 9893 14970 14969.
9893 9895 14971 14970.
9895 9888 14968 14971.
9910 9909 14972 14973.
9912 9910 14973 14974.
9914 9912 14974 14975.
9909 9914 14975 14972.
9916 9919 14973 14972.
9919 9921 14974 14973.
9921 9923 14975 14974.
9923 9916 14972 14975.
9938 9937 14976 14977.
9940 9938 14977 14978.
9942 9940 14978 14979.
9937 9942 14979 14976.
9944 9947 14977 14976.
9947 9949 14978 14977.
9949 9951 14979 14978.
9951 9944 14976 14979.
9966 9965 14980 14981.
9968 9966 14981 14982.
9970 9968 14982 14983.
9965 9970 14983 14980.
9972 9975 14981 14980.
9975 9977 14982 14981.
9977 9979 14983 14982.
9979 9972 14980 14983.
9994 9993 14984 14985.
9996 9994 14985 14986.
9998 9996 14986 14987.
9993 9998 14987 14984.
10000 10003 14985 14984.
10003 10005 14986 14985.
10005 10007 14987 14986.
10007 10000 14984 14987.
10022 10021 14988 14989.
10024 10022 14989 14990.
10026 10024 14990 14991.
10021 10026 14991 14988.
10028 10031 14989 14988.
10031 10033 14990 14989.
10033 10035 14991 14990.
10035 10028 14988 14991.
10050 10049 14992 14993.
10052 10050 14993 14994.
10054 10052 14994 14995.
10049 10054 14995 14992.
10056 10059 14993 14992.
10059 10061 14994 14993.
10061 10063 14995 14994.
10063 10056 14992 14995.
10078 10077 14996 14997.
10080 10078 14997 14998.
10082 10080 14998 14999.
10077 10082 14999 14996.
10084 10087 14997 14996.
10087 10089 14998 14997.
10089 10091 14999 14998.
10091 10084 14996 14999.
10106 10105 15000 15001.
10108 10106 15001 15002.
10110 10108 15002 15003.
10105 10110 15003 15000.
10112 10115 15001 15000.
10115 10117 15002 15001.
10117 10119 15003 15002.
10119 10112 15000 15003.
10134 10133 15004 15005.
10136 10134 15005 15006.
10138 10136 15006 15007.
10133 10138 15007 15004.
10140 10143 15005 15004.
10143 10145 15006 15005.
10145 10147 15007 15006.
10147 10140 15004 15007.
10162 10161 15008 15009.
10164 10162 15009 15010.
10166 10164 15010 15011.
10161 10166 15011 15008.
10168 10171 15009 15008.
10171 10173 15010 15009.
10173 10175 15011 15010.
10175 10168 15008 15011.
10190 10189 15012 15013.
10192 10190 15013 15014.
10194 10192 15014 15015.
10189 10194 15015 15012.
10196 10199 15013 15012.
10199 10201 15014 15013.
10201 10203 15015 15014.
10203 10196 15012 15015.
10218 10217 15016 15017.
10220 10218 15017 15018.
10222 10220 15018 15019.
10217 10222 15019 15016.
10224 10227 15017 15016.
10227 10229 15018 15017.
10229 10231 15019 15018.
10231 10224 15016 15019.
10246 10245 15020 15021.
10248 10246 15021 15022.
10250 10248 15022 15023.
10245 10250 15023 15020.
10252 10255 15021 15020.
10255 10257 15022 15021.
10257 10259 15023 15022.
10259 10252 15020 15023.
10274 10273 15024 15025.
10276 10274 15025 15026.
10278 10276 15026 15027.
10273 10278 15027 15024.
10280 10283 15025 15024.
10283 10285 15026 15025.
10285 10287 15027 15026.
10287 10280 15024 15027.
10302 10301 15028 15029.
10304 10302 15029 15030.
10306 10304 15030 15031.
10301 10306 15031 15028.
10308 10311 15029 15028.
10311 10313 15030 15029.
10313 10315 15031 15030.
10315 10308 15028 15031.
10330 10329 15032 15033.
10332 10330 15033 15034.
10334 10332 15034 15035.
10329 10334 15035 15032.
10336 10339 15033 15032.
10339 10341 15034 15033.
10341 10343 15035 15034.
10343 10336 15032 15035.
10358 10357 15036 15037.
10360 10358 15037 15038.
10362 10360 15038 15039.
10357 10362 15039 15036.
10364 10367 15037 15036.
10367 10369 15038 15037.
10369 10371 15039 15038.
10371 10364 15036 15039.
10386 10385 15040 15041.
10388 10386 15041 15042.
10390 10388 15042 15043.
10385 10390 15043 15040.
10392 10395 15041 15040.
10395 10397 15042 15041.
10397 10399 15043 15042.
10399 10392 15040 15043.
10414 10413 15044 15045.
10416 10414 15045 15046.
10418 10416 15046 15047.
10413 10418 15047 15044.
10420 10423 15045 15044.
10423 10425 15046 15045.
10425 10427 15047 15046.
10427 10420 15044 15047.
10442 10441 15048 15049.
10444 10442 15049 15050.
10446 10444 15050 15051.
10441 10446 15051 15048.
10448 10451 15049 15048.
10451 10453 15050 15049.
10453 10455 15051 15050.
10455 10448 15048 15051.
10470 10469 15052 15053.
10472 10470 15053 15054.
10474 10472 15054 15055.
10469 10474 15055 15052.
10476 10479 15053 15052.
10479 10481 15054 15053.
10481 10483 15055 15054.
10483 10476 15052 15055.
10498 10497 15056 15057.
10500 10498 15057 15058.
10502 10500 15058 15059.
10497 10502 15059 15056.
10504 10507 15057 15056.
10507 10509 15058 15057.
10509 10511 15059 15058.
10511 10504 15056 15059.
10526 10525 15060 15061.
10528 10526 15061 15062.
10530 10528 15062 15063.
10525 10530 15063 15060.
10532 10535 15061 15060.
10535 10537 15062 15061.
10537 10539 15063 15062.
10539 10532 15060 15063.
10554 10553 15064 15065.
10556 10554 15065 15066.
10558 10556 15066 15067.
10553 10558 15067 15064.
10560 10563 15065 15064.
10563 10565 15066 15065.
10565 10567 15067 15066.
10567 10560 15064 15067.
10582 10581 15068 15069.
10584 10582 15069 15070.
10586 10584 15070 15071.
10581 10586 15071 15068.
10588 10591 15069 15068.
10591 10593 15070 15069.
10593 10595 15071 15070.
10595 10588 15068 15071.
10610 10609 15072 15073.
10612 10610 15073 15074.
10614 10612 15074 15075.
10609 10614 15075 15072.
10616 10619 15073 15072.
10619 10621 15074 15073.
10621 10623 15075 15074.
10623 10616 15072 15075.
10638 10637 15076 15077.
10640 10638 15077 15078.
10642 10640 15078 15079.
10637 10642 15079 15076.
10644 10647 15077 15076.
10647 10649 15078 15077.
10649 10651 15079 15078.
10651 10644 15076 15079.
11403 11402 15080 15081.
11402 11405 15082 15080.
11405 11407 15083 15082.
11407 11403 15081 15083.
11409 11408 15081 15080.
11412 11409 15080 15082.
11414 11412 15082 15083.
11408 11414 15083 15081.
11445 11444 15084 15085.
11444 11446 15086 15084.
11446 11447 15087 15086.
11447 11445 15085 15087.
11449 11448 15085 15084.
11452 11449 15084 15086.
11454 11452 15086 15087.
11448 11454 15087 15085.
11459 11458 15088 15089.
11458 11461 15090 15088.
11461 11463 15091 15090.
11463 11459 15089 15091.
11465 11464 15089 15088.
11468 11465 15088 15090.
11470 11468 15090 15091.
11464 11470 15091 15089.
11487 11486 15092 15093.
11486 11489 15094 15092.
11489 11491 15095 15094.
11491 11487 15093 15095.
11493 11492 15093 15092.
11496 11493 15092 15094.
11498 11496 15094 15095.
11492 11498 15095 15093.
11515 11514 15096 15097.
11514 11517 15098 15096.
11517 11519 15099 15098.
11519 11515 15097 15099.
11521 11520 15097 15096.
11524 11521 15096 15098.
11526 11524 15098 15099.
11520 11526 15099 15097.
11543 11542 15100 15101.
11542 11545 15102 15100.
11545 11547 15103 15102.
11547 11543 15101 15103.
11549 11548 15101 15100.
11552 11549 15100 15102.
11554 11552 15102 15103.
11548 11554 15103 15101.
11571 11570 15104 15105.
11570 11573 15106 15104.
11573 11575 15107 15106.
11575 11571 15105 15107.
11577 11576 15105 15104.
11580 11577 15104 15106.
11582 11580 15106 15107.
11576 11582 15107 15105.
11599 11598 15108 15109.
11598 11601 15110 15108.
11601 11603 15111 15110.
11603 11599 15109 15111.
11605 11604 15109 15108.
11608 11605 15108 15110.
11610 11608 15110 15111.
11604 11610 15111 15109.
11627 11626 15112 15113.
11626 11629 15114 15112.
11629 11631 15115 15114.
11631 11627 15113 15115.
11633 11632 15113 15112.
11636 11633 15112 15114.
11638 11636 15114 15115.
11632 11638 15115 15113.
11655 11654 15116 15117.
11654 11657 15118 15116.
11657 11659 15119 15118.
11659 11655 15117 15119.
11661 11660 15117 15116.
11664 11661 15116 15118.
11666 11664 15118 15119.
11660 11666 15119 15117.
11683 11682 15120 15121.
11682 11685 15122 15120.
11685 11687 15123 15122.
11687 11683 15121 15123.
11689 11688 15121 15120.
11692 11689 15120 15122.
11694 11692 15122 15123.
11688 11694 15123 15121.
11711 11710 15124 15125.
11710 11713 15126 15124.
11713 11715 15127 15126.
11715 11711 15125 15127.
11717 11716 15125 15124.
11720 11717 15124 15126.
11722 11720 15126 15127.
11716 11722 15127 15125.
11739 11738 15128 15129.
11738 11741 15130 15128.
11741 11743 15131 15130.
11743 11739 15129 15131.
11745 11744 15129 15128.
11748 11745 15128 15130.
11750 11748 15130 15131.
11744 11750 15131 15129.
11767 11766 15132 15133.
11766 11769 15134 15132.
11769 11771 15135 15134.
11771 11767 15133 15135.
11773 11772 15133 15132.
11776 11773 15132 15134.
11778 11776 15134 15135.
11772 11778 15135 15133.
11795 11794 15136 15137.
11794 11797 15138 15136.
11797 11799 15139 15138.
11799 11795 15137 15139.
11801 11800 15137 15136.
11804 11801 15136 15138.
11806 11804 15138 15139.
11800 11806 15139 15137.
11823 11822 15140 15141.
11822 11825 15142 15140.
11825 11827 15143 15142.
11827 11823 15141 15143.
11829 11828 15141 15140.
11832 11829 15140 15142.
11834 11832 15142 15143.
11828 11834 15143 15141.
11851 11850 15144 15145.
11850 11853 15146 15144.
11853 11855 15147 15146.
11855 11851 15145 15147.
11857 11856 15145 15144.
11860 11857 15144 15146.
11862 11860 15146 15147.
11856 11862 15147 15145.
11879 11878 15148 15149.
11878 11881 15150 15148.
11881 11883 15151 15150.
11883 11879 15149 15151.
11885 11884 15149 15148.
11888 11885 15148 15150.
11890 11888 15150 15151.
11884 11890 15151 15149.
11907 11906 15152 15153.
11906 11909 15154 15152.
11909 11911 15155 15154.
11911 11907 15153 15155.
11913 11912 15153 15152.
11916 11913 15152 15154.
11918 11916 15154 15155.
11912 11918 15155 15153.
11935 11934 15156 15157.
11934 11937 15158 15156.
11937 11939 15159 15158.
11939 11935 15157 15159.
11941 11940 15157 15156.
11944 11941 15156 15158.
11946 11944 15158 15159.
11940 11946 15159 15157.
11963 11962 15160 15161.
11962 11965 15162 15160.
11965 11967 15163 15162.
11967 11963 15161 15163.
11969 11968 15161 15160.
11972 11969 15160 15162.
11974 11972 15162 15163.
11968 11974 15163 15161.
11991 11990 15164 15165.
11990 11993 15166 15164.
11993 11995 15167 15166.
11995 11991 15165 15167.
11997 11996 15165 15164.
12000 11997 15164 15166.
12002 12000 15166 15167.
11996 12002 15167 15165.
12019 12018 15168 15169.
12018 12021 15170 15168.
12021 12023 15171 15170.
12023 12019 15169 15171.
12025 12024 15169 15168.
12028 12025 15168 15170.
12030 12028 15170 15171.
12024 12030 15171 15169.
12047 12046 15172 15173.
12046 12049 15174 15172.
12049 12051 15175 15174.
12051 12047 15173 15175.
12053 12052 15173 15172.
12056 12053 15172 15174.
12058 12056 15174 15175.
12052 12058 15175 15173.
12075 12074 15176 15177.
12074 12077 15178 15176.
12077 12079 15179 15178.
12079 12075 15177 15179.
12081 12080 15177 15176.
12084 12081 15176 15178.
12086 12084 15178 15179.
12080 12086 15179 15177.
12103 12102 15180 15181.
12102 12105 15182 15180.
12105 12107 15183 15182.
12107 12103 15181 15183.
12109 12108 15181 15180.
12112 12109 15180 15182.
12114 12112 15182 15183.
12108 12114 15183 15181.
12131 12130 15184 15185.
12130 12133 15186 15184.
12133 12135 15187 15186.
12135 12131 15185 15187.
12137 12136 15185 15184.
12140 12137 15184 15186.
12142 12140 15186 15187.
12136 12142 15187 15185.
12159 12158 15188 15189.
12158 12161 15190 15188.
12161 12163 15191 15190.
12163 12159 15189 15191.
12165 12164 15189 15188.
12168 12165 15188 15190.
12170 12168 15190 15191.
12164 12170 15191 15189.
12187 12186 15192 15193.
12186 12189 15194 15192.
12189 12191 15195 15194.
12191 12187 15193 15195.
12193 12192 15193 15192.
12196 12193 15192 15194.
12198 12196 15194 15195.
12192 12198 15195 15193.
12215 12214 15196 15197.
12214 12217 15198 15196.
12217 12219 15199 15198.
12219 12215 15197 15199.
12221 12220 15197 15196.
12224 12221 15196 15198.
12226 12224 15198 15199.
12220 12226 15199 15197.
12243 12242 15200 15201.
12242 12245 15202 15200.
12245 12247 15203 15202.
12247 12243 15201 15203.
12249 12248 15201 15200.
12252 12249 15200 15202.
12254 12252 15202 15203.
12248 12254 15203 15201.
12271 12270 15204 15205.
12270 12273 15206 15204.
12273 12275 15207 15206.
12275 12271 15205 15207.
12277 12276 15205 15204.
12280 12277 15204 15206.
12282 12280 15206 15207.
12276 12282 15207 15205.
12299 12298 15208 15209.
12298 12301 15210 15208.
12301 12303 15211 15210.
12303 12299 15209 15211.
12305 12304 15209 15208.
12308 12305 15208 15210.
12310 12308 15210 15211.
12304 12310 15211 15209.
12327 12326 15212 15213.
12326 12329 15214 15212.
12329 12331 15215 15214.
12331 12327 15213 15215.
12333 12332 15213 15212.
12336 12333 15212 15214.
12338 12336 15214 15215.
12332 12338 15215 15213.
12355 12354 15216 15217.
12354 12357 15218 15216.
12357 12359 15219 15218.
12359 12355 15217 15219.
12361 12360 15217 15216.
12364 12361 15216 15218.
12366 12364 15218 15219.
12360 12366 15219 15217.
12383 12382 15220 15221.
12382 12385 15222 15220.
12385 12387 15223 15222.
12387 12383 15221 15223.
12389 12388 15221 15220.
12392 12389 15220 15222.
12394 12392 15222 15223.
12388 12394 15223 15221.
12411 12410 15224 15225.
12410 12413 15226 15224.
12413 12415 15227 15226.
12415 12411 15225 15227.
12417 12416 15225 15224.
12420 12417 15224 15226.
12422 12420 15226 15227.
12416 12422 15227 15225.
12439 12438 15228 15229.
12438 12441 15230 15228.
12441 12443 15231 15230.
12443 12439 15229 15231.
12445 12444 15229 15228.
12448 12445 15228 15230.
12450 12448 15230 15231.
12444 12450 15231 15229.
12467 12466 15232 15233.
12466 12469 15234 15232.
12469 12471 15235 15234.
12471 12467 15233 15235.
12473 12472 15233 15232.
12476 12473 15232 15234.
12478 12476 15234 15235.
12472 12478 15235 15233.
12495 12494 15236 15237.
12494 12497 15238 15236.
12497 12499 15239 15238.
12499 12495 15237 15239.
12501 12500 15237 15236.
12504 12501 15236 15238.
12506 12504 15238 15239.
12500 12506 15239 15237.
12523 12522 15240 15241.
12522 12525 15242 15240.
12525 12527 15243 15242.
12527 12523 15241 15243.
12529 12528 15241 15240.
12532 12529 15240 15242.
12534 12532 15242 15243.
12528 12534 15243 15241.
12551 12550 15244 15245.
12550 12553 15246 15244.
12553 12555 15247 15246.
12555 12551 15245 15247.
12557 12556 15245 15244.
12560 12557 15244 15246.
12562 12560 15246 15247.
12556 12562 15247 15245.
12579 12578 15248 15249.
12578 12581 15250 15248.
12581 12583 15251 15250.
12583 12579 15249 15251.
12585 12584 15249 15248.
12588 12585 15248 15250.
12590 12588 15250 15251.
12584 12590 15251 15249.
12607 12606 15252 15253.
12606 12609 15254 15252.
12609 12611 15255 15254.
12611 12607 15253 15255.
12613 12612 15253 15252.
12616 12613 15252 15254.
12618 12616 15254 15255.
12612 12618 15255 15253.
12635 12634 15256 15257.
12634 12637 15258 15256.
12637 12639 15259 15258.
12639 12635 15257 15259.
12641 12640 15257 15256.
12644 12641 15256 15258.
12646 12644 15258 15259.
12640 12646 15259 15257.
12663 12662 15260 15261.
12662 12665 15262 15260.
12665 12667 15263 15262.
12667 12663 15261 15263.
12669 12668 15261 15260.
12672 12669 15260 15262.
12674 12672 15262 15263.
12668 12674 15263 15261.
12691 12690 15264 15265.
12690 12693 15266 15264.
12693 12695 15267 15266.
12695 12691 15265 15267.
12697 12696 15265 15264.
12700 12697 15264 15266.
12702 12700 15266 15267.
12696 12702 15267 15265.
12719 12718 15268 15269.
12718 12721 15270 15268.
12721 12723 15271 15270.
12723 12719 15269 15271.
12725 12724 15269 15268.
12728 12725 15268 15270.
12730 12728 15270 15271.
12724 12730 15271 15269.
12747 12746 15272 15273.
12746 12749 15274 15272.
12749 12751 15275 15274.
12751 12747 15273 15275.
12753 12752 15273 15272.
12756 12753 15272 15274.
12758 12756 15274 15275.
12752 12758 15275 15273.
12775 12774 15276 15277.
12774 12777 15278 15276.
12777 12779 15279 15278.
12779 12775 15277 15279.
12781 12780 15277 15276.
12784 12781 15276 15278.
12786 12784 15278 15279.
12780 12786 15279 15277.
12803 12802 15280 15281.
12802 12805 15282 15280.
12805 12807 15283 15282.
12807 12803 15281 15283.
12809 12808 15281 15280.
12812 12809 15280 15282.
12814 12812 15282 15283.
12808 12814 15283 15281.
12831 12830 15284 15285.
12830 12833 15286 15284.
12833 12835 15287 15286.
12835 12831 15285 15287.
12837 12836 15285 15284.
12840 12837 15284 15286.
12842 12840 15286 15287.
12836 12842 15287 15285.
12859 12858 15288 15289.
12858 12861 15290 15288.
12861 12863 15291 15290.
12863 12859 15289 15291.
12865 12864 15289 15288.
12868 12865 15288 15290.
12870 12868 15290 15291.
12864 12870 15291 15289.
12887 12886 15292 15293.
12886 12889 15294 15292.
12889 12891 15295 15294.
12891 12887 15293 15295.
12893 12892 15293 15292.
12896 12893 15292 15294.
12898 12896 15294 15295.
12892 12898 15295 15293.
12915 12914 15296 15297.
12914 12917 15298 15296.
12917 12919 15299 15298.
12919 12915 15297 15299.
12921 12920 15297 15296.
12924 12921 15296 15298.
12926 12924 15298 15299.
12920 12926 15299 15297.
12943 12942 15300 15301.
12942 12945 15302 15300.
12945 12947 15303 15302.
12947 12943 15301 15303.
12949 12948 15301 15300.
12952 12949 15300 15302.
12954 12952 15302 15303.
12948 12954 15303 15301.
12971 12970 15304 15305.
12970 12973 15306 15304.
12973 12975 15307 15306.
12975 12971 15305 15307.
12977 12976 15305 15304.
12980 12977 15304 15306.
12982 12980 15306 15307.
12976 12982 15307 15305.
12999 12998 15308 15309.
12998 13001 15310 15308.
13001 13003 15311 15310.
13003 12999 15309 15311.
13005 13004 15309 15308.
13008 13005 15308 15310.
13010 13008 15310 15311.
13004 13010 15311 15309.
13027 13026 15312 15313.
13026 13029 15314 15312.
13029 13031 15315 15314.
13031 13027 15313 15315.
13033 13032 15313 15312.
13036 13033 15312 15314.
13038 13036 15314 15315.
13032 13038 15315 15313.
13055 13054 15316 15317.
13054 13057 15318 15316.
13057 13059 15319 15318.
13059 13055 15317 15319.
13061 13060 15317 15316.
13064 13061 15316 15318.
13066 13064 15318 15319.
13060 13066 15319 15317.
13083 13082 15320 15321.
13082 13085 15322 15320.
13085 13087 15323 15322.
13087 13083 15321 15323.
13089 13088 15321 15320.
13092 13089 15320 15322.
13094 13092 15322 15323.
13088 13094 15323 15321.
13111 13110 15324 15325.
13110 13113 15326 15324.
13113 13115 15327 15326.
13115 13111 15325 15327.
13117 13116 15325 15324.
13120 13117 15324 15326.
13122 13120 15326 15327.
13116 13122 15327 15325.
13139 13138 15328 15329.
13138 13141 15330 15328.
13141 13143 15331 15330.
13143 13139 15329 15331.
13145 13144 15329 15328.
13148 13145 15328 15330.
13150 13148 15330 15331.
13144 13150 15331 15329.
13167 13166 15332 15333.
13166 13169 15334 15332.
13169 13171 15335 15334.
13171 13167 15333 15335.
13173 13172 15333 15332.
13176 13173 15332 15334.
13178 13176 15334 15335.
13172 13178 15335 15333.
13195 13194 15336 15337.
13194 13197 15338 15336.
13197 13199 15339 15338.
13199 13195 15337 15339.
13201 13200 15337 15336.
13204 13201 15336 15338.
13206 13204 15338 15339.
13200 13206 15339 15337.
13223 13222 15340 15341.
13222 13225 15342 15340.
13225 13227 15343 15342.
13227 13223 15341 15343.
13229 13228 15341 15340.
13232 13229 15340 15342.
13234 13232 15342 15343.
13228 13234 15343 15341.
13251 13250 15344 15345.
13250 13253 15346 15344.
13253 13255 15347 15346.
13255 13251 15345 15347.
13257 13256 15345 15344.
13260 13257 15344 15346.
13262 13260 15346 15347.
13256 13262 15347 15345.
13279 13278 15348 15349.
13278 13281 15350 15348.
13281 13283 15351 15350.
13283 13279 15349 15351.
13285 13284 15349 15348.
13288 13285 15348 15350.
13290 13288 15350 15351.
13284 13290 15351 15349.
13307 13306 15352 15353.
13306 13309 15354 15352.
13309 13311 15355 15354.
13311 13307 15353 15355.
13313 13312 15353 15352.
13316 13313 15352 15354.
13318 13316 15354 15355.
13312 13318 15355 15353.
13335 13334 15356 15357.
13334 13337 15358 15356.
13337 13339 15359 15358.
13339 13335 15357 15359.
13341 13340 15357 15356.
13344 13341 15356 15358.
13346 13344 15358 15359.
13340 13346 15359 15357.
13363 13362 15360 15361.
13362 13365 15362 15360.
13365 13367 15363 15362.
13367 13363 15361 15363.
13369 13368 15361 15360.
13372 13369 15360 15362.
13374 13372 15362 15363.
13368 13374 15363 15361.
13391 13390 15364 15365.
13390 13393 15366 15364.
13393 13395 15367 15366.
13395 13391 15365 15367.
13397 13396 15365 15364.
13400 13397 15364 15366.
13402 13400 15366 15367.
13396 13402 15367 15365.
13419 13418 15368 15369.
13418 13421 15370 15368.
13421 13423 15371 15370.
13423 13419 15369 15371.
13425 13424 15369 15368.
13428 13425 15368 15370.
13430 13428 15370 15371.
13424 13430 15371 15369.
13447 13446 15372 15373.
13446 13449 15374 15372.
13449 13451 15375 15374.
13451 13447 15373 15375.
13453 13452 15373 15372.
13456 13453 15372 15374.
13458 13456 15374 15375.
13452 13458 15375 15373.
13475 13474 15376 15377.
13474 13477 15378 15376.
13477 13479 15379 15378.
13479 13475 15377 15379.
13481 13480 15377 15376.
13484 13481 15376 15378.
13486 13484 15378 15379.
13480 13486 15379 15377.
13503 13502 15380 15381.
13502 13505 15382 15380.
13505 13507 15383 15382.
13507 13503 15381 15383.
13509 13508 15381 15380.
13512 13509 15380 15382.
13514 13512 15382 15383.
13508 13514 15383 15381.
13531 13530 15384 15385.
13530 13533 15386 15384.
13533 13535 15387 15386.
13535 13531 15385 15387.
13537 13536 15385 15384.
13540 13537 15384 15386.
13542 13540 15386 15387.
13536 13542 15387 15385.
13559 13558 15388 15389.
13558 13561 15390 15388.
13561 13563 15391 15390.
13563 13559 15389 15391.
13565 13564 15389 15388.
13568 13565 15388 15390.
13570 13568 15390 15391.
13564 13570 15391 15389.
13587 13586 15392 15393.
13586 13589 15394 15392.
13589 13591 15395 15394.
13591 13587 15393 15395.
13593 13592 15393 15392.
13596 13593 15392 15394.
13598 13596 15394 15395.
13592 13598 15395 15393.
13615 13614 15396 15397.
13614 13617 15398 15396.
13617 13619 15399 15398.
13619 13615 15397 15399.
13621 13620 15397 15396.
13624 13621 15396 15398.
13626 13624 15398 15399.
13620 13626 15399 15397.
13643 13642 15400 15401.
13642 13645 15402 15400.
13645 13647 15403 15402.
13647 13643 15401 15403.
13649 13648 15401 15400.
13652 13649 15400 15402.
13654 13652 15402 15403.
13648 13654 15403 15401.
13671 13670 15404 15405.
13670 13673 15406 15404.
13673 13675 15407 15406.
13675 13671 15405 15407.
13677 13676 15405 15404.
13680 13677 15404 15406.
13682 13680 15406 15407.
13676 13682 15407 15405.
13699 13698 15408 15409.
13698 13701 15410 15408.
13701 13703 15411 15410.
13703 13699 15409 15411.
13705 13704 15409 15408.
13708 13705 15408 15410.
13710 13708 15410 15411.
13704 13710 15411 15409.
13727 13726 15412 15413.
13726 13729 15414 15412.
13729 13731 15415 15414.
13731 13727 15413 15415.
13733 13732 15413 15412.
13736 13733 15412 15414.
13738 13736 15414 15415.
13732 13738 15415 15413.
13755 13754 15416 15417.
13754 13757 15418 15416.
13757 13759 15419 15418.
13759 13755 15417 15419.
13761 13760 15417 15416.
13764 13761 15416 15418.
13766 13764 15418 15419.
13760 13766 15419 15417.
13783 13782 15420 15421.
13782 13785 15422 15420.
13785 13787 15423 15422.
13787 13783 15421 15423.
13789 13788 15421 15420.
13792 13789 15420 15422.
13794 13792 15422 15423.
13788 13794 15423 15421.
13811 13810 15424 15425.
13810 13813 15426 15424.
13813 13815 15427 15426.
13815 13811 15425 15427.
13817 13816 15425 15424.
13820 13817 15424 15426.
13822 13820 15426 15427.
13816 13822 15427 15425.
13839 13838 15428 15429.
13838 13841 15430 15428.
13841 13843 15431 15430.
13843 13839 15429 15431.
13845 13844 15429 15428.
13848 13845 15428 15430.
13850 13848 15430 15431.
13844 13850 15431 15429.
13867 13866 15432 15433.
13866 13869 15434 15432.
13869 13871 15435 15434.
13871 13867 15433 15435.
13873 13872 15433 15432.
13876 13873 15432 15434.
13878 13876 15434 15435.
13872 13878 15435 15433.
13895 13894 15436 15437.
13894 13897 15438 15436.
13897 13899 15439 15438.
13899 13895 15437 15439.
13901 13900 15437 15436.
13904 13901 15436 15438.
13906 13904 15438 15439.
13900 13906 15439 15437.
13923 13922 15440 15441.
13922 13925 15442 15440.
13925 13927 15443 15442.
13927 13923 15441 15443.
13929 13928 15441 15440.
13932 13929 15440 15442.
13934 13932 15442 15443.
13928 13934 15443 15441.
13951 13950 15444 15445.
13950 13953 15446 15444.
13953 13955 15447 15446.
13955 13951 15445 15447.
13957 13956 15445 15444.
13960 13957 15444 15446.
13962 13960 15446 15447.
13956 13962 15447 15445.
15448 15449 15450 15451.
15452 15453 15454 15455.
15456 15457 15458 15459.
15460 15461 15462 15463.
15464 15465 15466 15467.
15468 15469 15470 15471.
15472 15473 15474 15475.
15476 15477 15478 15479.
15480 15481 15482 15483.
15484 15485 15486 15487.
15488 15489 15490 15491.
15492 15493 15494 15495.
15496 15497 15498 15499.
15500 15501 15502 15503.
15504 15505 15506 15507.
15508 15509 15510 15511.
15512 15513 15514 15515.
15516 15517 15518 15519.
15520 15521 15522 15523.
15524 15525 15526 15527.
15528 15529 15530 15531.
15532 15533 15534 15535.
15536 15537 15538 15539.
15540 15541 15542 15543.
15544 15545 15546 15547.
15548 15549 15550 15551.
15552 15553 15554 15555.
15556 15557 15558 15559.
15560 15561 15562 15563.
15564 15565 15566 15567.
15568 15569 15570 15571.
15572 15573 15574 15575.
15576 15577 15578 15579.
15580 15581 15582 15583.
15584 15585 15586 15587.
15588 15589 15590 15591.
15592 15593 15594 15595.
15596 15597 15598 15599.
15600 15601 15602 15603.
15604 15605 15606 15607.
15448 15608 15609 15610.
15449 15611 15612 15613.
15450 15614 15615 15616.
15451 15617 15618 15619.
15452 15620 15621 15622.
15453 15623 15609 15608.
15454 15619 15618 15624.
15455 15625 15626 15627.
15456 15628 15629 15630.
15457 15631 15621 15620.
15458 15627 15626 15632.
15459 15633 15634 15635.
15460 15636 15637 15638.
15461 15639 15629 15628.
15462 15635 15634 15640.
15463 15641 15642 15643.
15464 15644 15645 15646.
15465 15647 15637 15636.
15466 15643 15642 15648.
15467 15649 15650 15651.
15468 15652 15653 15654.
15469 15655 15645 15644.
15470 15651 15650 15656.
15471 15657 15658 15659.
15472 15660 15661 15662.
15473 15663 15653 15652.
15474 15659 15658 15664.
15475 15665 15666 15667.
15476 15668 15669 15670.
15477 15671 15661 15660.
15478 15667 15666 15672.
15479 15673 15674 15675.
15480 15676 15677 15678.
15481 15679 15669 15668.
15482 15675 15674 15680.
15483 15681 15682 15683.
15484 15613 15612 15684.
15485 15685 15677 15676.
15486 15683 15682 15686.
15487 15687 15615 15614.
15488 15688 15612 15611.
15489 15610 15609 15689.
15490 15690 15691 15692.
15491 15693 15694 15695.
15492 15689 15609 15623.
15493 15622 15621 15696.
15494 15697 15698 15699.
15495 15700 15691 15690.
15496 15696 15621 15631.
15497 15630 15629 15701.
15498 15702 15703 15704.
15499 15705 15698 15697.
15500 15701 15629 15639.
15501 15638 15637 15706.
15502 15707 15708 15709.
15503 15710 15703 15702.
15504 15706 15637 15647.
15505 15646 15645 15711.
15506 15712 15713 15714.
15507 15715 15708 15707.
15508 15711 15645 15655.
15509 15654 15653 15716.
15510 15717 15718 15719.
15511 15720 15713 15712.
15512 15716 15653 15663.
15513 15662 15661 15721.
15514 15722 15723 15724.
15515 15725 15718 15717.
15516 15721 15661 15671.
15517 15670 15669 15726.
15518 15727 15728 15729.
15519 15730 15723 15722.
15520 15726 15669 15679.
15521 15678 15677 15731.
15522 15732 15733 15734.
15523 15735 15728 15727.
15524 15731 15677 15685.
15525 15684 15612 15688.
15526 15695 15694 15736.
15527 15737 15733 15732.
15528 15738 15626 15625.
15529 15624 15618 15739.
15530 15740 15741 15742.
15531 15743 15744 15745.
15532 15739 15618 15617.
15533 15616 15615 15746.
15534 15747 15748 15749.
15535 15750 15741 15740.
15536 15746 15615 15687.
15537 15686 15682 15751.
15538 15752 15753 15754.
15539 15755 15748 15747.
15540 15751 15682 15681.
15541 15680 15674 15756.
15542 15757 15758 15759.
15543 15760 15753 15752.
15544 15756 15674 15673.
15545 15672 15666 15761.
15546 15762 15763 15764.
15547 15765 15758 15757.
15548 15761 15666 15665.
15549 15664 15658 15766.
15550 15767 15768 15769.
15551 15770 15763 15762.
15552 15766 15658 15657.
15553 15656 15650 15771.
15554 15772 15773 15774.
15555 15775 15768 15767.
15556 15771 15650 15649.
15557 15648 15642 15776.
15558 15777 15778 15779.
15559 15780 15773 15772.
15560 15776 15642 15641.
15561 15640 15634 15781.
15562 15782 15783 15784.
15563 15785 15778 15777.
15564 15781 15634 15633.
15565 15632 15626 15738.
15566 15745 15744 15786.
15567 15787 15783 15782.
15568 15788 15703 15710.
15569 15709 15708 15789.
15570 15790 15778 15785.
15571 15784 15783 15791.
15572 15789 15708 15715.
15573 15714 15713 15792.
15574 15793 15773 15780.
15575 15779 15778 15790.
15576 15792 15713 15720.
15577 15719 15718 15794.
15578 15795 15768 15775.
15579 15774 15773 15793.
15580 15794 15718 15725.
15581 15724 15723 15796.
15582 15797 15763 15770.
15583 15769 15768 15795.
15584 15796 15723 15730.
15585 15729 15728 15798.
15586 15799 15758 15765.
15587 15764 15763 15797.
15588 15798 15728 15735.
15589 15734 15733 15800.
15590 15801 15753 15760.
15591 15759 15758 15799.
15592 15800 15733 15737.
15593 15736 15694 15802.
15594 15803 15748 15755.
15595 15754 15753 15801.
15596 15802 15694 15693.
15597 15692 15691 15804.
15598 15805 15741 15750.
15599 15749 15748 15803.
15600 15804 15691 15700.
15601 15699 15698 15806.
15602 15807 15744 15743.
15603 15742 15741 15805.
15604 15806 15698 15705.
15605 15704 15703 15788.
15606 15791 15783 15787.
15607 15786 15744 15807.
15449 15448 15610 15611.
15450 15449 15613 15614.
15451 15450 15616 15617.
15448 15451 15619 15608.
15453 15452 15622 15623.
15454 15453 15608 15619.
15455 15454 15624 15625.
15452 15455 15627 15620.
15457 15456 15630 15631.
15458 15457 15620 15627.
15459 15458 15632 15633.
15456 15459 15635 15628.
15461 15460 15638 15639.
15462 15461 15628 15635.
15463 15462 15640 15641.
15460 15463 15643 15636.
15465 15464 15646 15647.
15466 15465 15636 15643.
15467 15466 15648 15649.
15464 15467 15651 15644.
15469 15468 15654 15655.
15470 15469 15644 15651.
15471 15470 15656 15657.
15468 15471 15659 15652.
15473 15472 15662 15663.
15474 15473 15652 15659.
15475 15474 15664 15665.
15472 15475 15667 15660.
15477 15476 15670 15671.
15478 15477 15660 15667.
15479 15478 15672 15673.
15476 15479 15675 15668.
15481 15480 15678 15679.
15482 15481 15668 15675.
15483 15482 15680 15681.
15480 15483 15683 15676.
15485 15484 15684 15685.
15486 15485 15676 15683.
15487 15486 15686 15687.
15484 15487 15614 15613.
15489 15488 15611 15610.
15490 15489 15689 15690.
15491 15490 15692 15693.
15488 15491 15695 15688.
15493 15492 15623 15622.
15494 15493 15696 15697.
15495 15494 15699 15700.
15492 15495 15690 15689.
15497 15496 15631 15630.
15498 15497 15701 15702.
15499 15498 15704 15705.
15496 15499 15697 15696.
15501 15500 15639 15638.
15502 15501 15706 15707.
15503 15502 15709 15710.
15500 15503 15702 15701.
15505 15504 15647 15646.
15506 15505 15711 15712.
15507 15506 15714 15715.
15504 15507 15707 15706.
15509 15508 15655 15654.
15510 15509 15716 15717.
15511 15510 15719 15720.
15508 15511 15712 15711.
15513 15512 15663 15662.
15514 15513 15721 15722.
15515 15514 15724 15725.
15512 15515 15717 15716.
15517 15516 15671 15670.
15518 15517 15726 15727.
15519 15518 15729 15730.
15516 15519 15722 15721.
15521 15520 15679 15678.
15522 15521 15731 15732.
15523 15522 15734 15735.
15520 15523 15727 15726.
15525 15524 15685 15684.
15526 15525 15688 15695.
15527 15526 15736 15737.
15524 15527 15732 15731.
15529 15528 15625 15624.
15530 15529 15739 15740.
15531 15530 15742 15743.
15528 15531 15745 15738.
15533 15532 15617 15616.
15534 15533 15746 15747.
15535 15534 15749 15750.
15532 15535 15740 15739.
15537 15536 15687 15686.
15538 15537 15751 15752.
15539 15538 15754 15755.
15536 15539 15747 15746.
15541 15540 15681 15680.
15542 15541 15756 15757.
15543 15542 15759 15760.
15540 15543 15752 15751.
15545 15544 15673 15672.
15546 15545 15761 15762.
15547 15546 15764 15765.
15544 15547 15757 15756.
15549 15548 15665 15664.
15550 15549 15766 15767.
15551 15550 15769 15770.
15548 15551 15762 15761.
15553 15552 15657 15656.
15554 15553 15771 15772.
15555 15554 15774 15775.
15552 15555 15767 15766.
15557 15556 15649 15648.
15558 15557 15776 15777.
15559 15558 15779 15780.
15556 15559 15772 15771.
15561 15560 15641 15640.
15562 15561 15781 15782.
15563 15562 15784 15785.
15560 15563 15777 15776.
15565 15564 15633 15632.
15566 15565 15738 15745.
15567 15566 15786 15787.
15564 15567 15782 15781.
15569 15568 15710 15709.
15570 15569 15789 15790.
15571 15570 15785 15784.
15568 15571 15791 15788.
15573 15572 15715 15714.
15574 15573 15792 15793.
15575 15574 15780 15779.
15572 15575 15790 15789.
15577 15576 15720 15719.
15578 15577 15794 15795.
15579 15578 15775 15774.
15576 15579 15793 15792.
15581 15580 15725 15724.
15582 15581 15796 15797.
15583 15582 15770 15769.
15580 15583 15795 15794.
15585 15584 15730 15729.
15586 15585 15798 15799.
15587 15586 15765 15764.
15584 15587 15797 15796.
15589 15588 15735 15734.
15590 15589 15800 15801.
15591 15590 15760 15759.
15588 15591 15799 15798.
15593 15592 15737 15736.
15594 15593 15802 15803.
15595 15594 15755 15754.
15592 15595 15801 15800.
15597 15596 15693 15692.
15598 15597 15804 15805.
15599 15598 15750 15749.
15596 15599 15803 15802.
15601 15600 15700 15699.
15602 15601 15806 15807.
15603 15602 15743 15742.
15600 15603 15805 15804.
15605 15604 15705 15704.
15606 15605 15788 15791.
15607 15606 15787 15786.
15604 15607 15807 15806.
15808 15809 15810 15811.
15812 15813 15814 15815.
15816 15817 15818 15819.
15820 15821 15822 15823.
15824 15825 15826 15827.
15828 15829 15830 15831.
15832 15833 15834 15835.
15836 15837 15838 15839.
15840 15841 15842 15843.
15844 15845 15846 15847.
15848 15849 15850 15851.
15852 15853 15854 15855.
15856 15857 15858 15859.
15860 15861 15862 15863.
15864 15865 15866 15867.
15868 15869 15870 15871.
15872 15873 15874 15875.
15876 15877 15878 15879.
15880 15881 15882 15883.
15884 15885 15886 15887.
15888 15889 15890 15891.
15892 15893 15894 15895.
15896 15897 15898 15899.
15900 15901 15902 15903.
15904 15905 15906 15907.
15908 15909 15910 15911.
15912 15913 15914 15915.
15916 15917 15918 15919.
15920 15921 15922 15923.
15924 15925 15926 15927.
15928 15929 15930 15931.
15932 15933 15934 15935.
15936 15937 15938 15939.
15940 15941 15942 15943.
15944 15945 15946 15947.
15948 15949 15950 15951.
15952 15953 15954 15955.
15956 15957 15958 15959.
15960 15961 15962 15963.
15964 15965 15966 15967.
15808 15968 15969 15970.
15809 15971 15972 15973.
15810 15974 15975 15976.
15811 15977 15978 15979.
15812 15980 15981 15982.
15813 15983 15969 15968.
15814 15979 15978 15984.
15815 15985 15986 15987.
15816 15988 15989 15990.
15817 15991 15981 15980.
15818 15987 15986 15992.
15819 15993 15994 15995.
15820 15996 15997 15998.
15821 15999 15989 15988.
15822 15995 15994 16000.
15823 16001 16002 16003.
15824 16004 16005 16006.
15825 16007 15997 15996.
15826 16003 16002 16008.
15827 16009 16010 16011.
15828 16012 16013 16014.
15829 16015 16005 16004.
15830 16011 16010 16016.
15831 16017 16018 16019.
15832 16020 16021 16022.
15833 16023 16013 16012.
15834 16019 16018 16024.
15835 16025 16026 16027.
15836 16028 16029 16030.
15837 16031 16021 16020.
15838 16027 16026 16032.
15839 16033 16034 16035.
15840 16036 16037 16038.
15841 16039 16029 16028.
15842 16035 16034 16040.
15843 16041 16042 16043.
15844 15973 15972 16044.
15845 16045 16037 16036.
15846 16043 16042 16046.
15847 16047 15975 15974.
15848 16048 15972 15971.
15849 15970 15969 16049.
15850 16050 16051 16052.
15851 16053 16054 16055.
15852 16049 15969 15983.
15853 15982 15981 16056.
15854 16057 16058 16059.
15855 16060 16051 16050.
15856 16056 15981 15991.
15857 15990 15989 16061.
15858 16062 16063 16064.
15859 16065 16058 16057.
15860 16061 15989 15999.
15861 15998 15997 16066.
15862 16067 16068 16069.
15863 16070 16063 16062.
15864 16066 15997 16007.
15865 16006 16005 16071.
15866 16072 16073 16074.
15867 16075 16068 16067.
15868 16071 16005 16015.
15869 16014 16013 16076.
15870 16077 16078 16079.
15871 16080 16073 16072.
15872 16076 16013 16023.
15873 16022 16021 16081.
15874 16082 16083 16084.
15875 16085 16078 16077.
15876 16081 16021 16031.
15877 16030 16029 16086.
15878 16087 16088 16089.
15879 16090 16083 16082.
15880 16086 16029 16039.
15881 16038 16037 16091.
15882 16092 16093 16094.
15883 16095 16088 16087.
15884 16091 16037 16045.
15885 16044 15972 16048.
15886 16055 16054 16096.
15887 16097 16093 16092.
15888 16098 15986 15985.
15889 15984 15978 16099.
15890 16100 16101 16102.
15891 16103 16104 16105.
15892 16099 15978 15977.
15893 15976 15975 16106.
15894 16107 16108 16109.
15895 16110 16101 16100.
15896 16106 15975 16047.
15897 16046 16042 16111.
15898 16112 16113 16114.
15899 16115 16108 16107.
15900 16111 16042 16041.
15901 16040 16034 16116.
15902 16117 16118 16119.
15903 16120 16113 16112.
15904 16116 16034 16033.
15905 16032 16026 16121.
15906 16122 16123 16124.
15907 16125 16118 16117.
15908 16121 16026 16025.
15909 16024 16018 16126.
15910 16127 16128 16129.
15911 16130 16123 16122.
15912 16126 16018 16017.
15913 16016 16010 16131.
15914 16132 16133 16134.
15915 16135 16128 16127.
15916 16131 16010 16009.
15917 16008 16002 16136.
15918 16137 16138 16139.
15919 16140 16133 16132.
15920 16136 16002 16001.
15921 16000 15994 16141.
15922 16142 16143 16144.
15923 16145 16138 16137.
15924 16141 15994 15993.
15925 15992 15986 16098.
15926 16105 16104 16146.
15927 16147 16143 16142.
15928 16148 16063 16070.
15929 16069 16068 16149.
15930 16150 16138 16145.
15931 16144 16143 16151.
15932 16149 16068 16075.
15933 16074 16073 16152.
15934 16153 16133 16140.
15935 16139 16138 16150.
15936 16152 16073 16080.
15937 16079 16078 16154.
15938 16155 16128 16135.
15939 16134 16133 16153.
15940 16154 16078 16085.
15941 16084 16083 16156.
15942 16157 16123 16130.
15943 16129 16128 16155.
15944 16156 16083 16090.
15945 16089 16088 16158.
15946 16159 16118 16125.
15947 16124 16123 16157.
15948 16158 16088 16095.
15949 16094 16093 16160.
15950 16161 16113 16120.
15951 16119 16118 16159.
15952 16160 16093 16097.
15953 16096 16054 16162.
15954 16163 16108 16115.
15955 16114 16113 16161.
15956 16162 16054 16053.
15957 16052 16051 16164.
15958 16165 16101 16110.
15959 16109 16108 16163.
15960 16164 16051 16060.
15961 16059 16058 16166.
15962 16167 16104 16103.
15963 16102 16101 16165.
15964 16166 16058 16065.
15965 16064 16063 16148.
15966 16151 16143 16147.
15967 16146 16104 16167.
15809 15808 15970 15971.
15810 15809 15973 15974.
15811 15810 15976 15977.
15808 15811 15979 15968.
15813 15812 15982 15983.
15814 15813 15968 15979.
15815 15814 15984 15985.
15812 15815 15987 15980.
15817 15816 15990 15991.
15818 15817 15980 15987.
15819 15818 15992 15993.
15816 15819 15995 15988.
15821 15820 15998 15999.
15822 15821 15988 15995.
15823 15822 16000 16001.
15820 15823 16003 15996.
15825 15824 16006 16007.
15826 15825 15996 16003.
15827 15826 16008 16009.
15824 15827 16011 16004.
15829 15828 16014 16015.
15830 15829 16004 16011.
15831 15830 16016 16017.
15828 15831 16019 16012.
15833 15832 16022 16023.
15834 15833 16012 16019.
15835 15834 16024 16025.
15832 15835 16027 16020.
15837 15836 16030 16031.
15838 15837 16020 16027.
15839 15838 16032 16033.
15836 15839 16035 16028.
15841 15840 16038 16039.
15842 15841 16028 16035.
15843 15842 16040 16041.
15840 15843 16043 16036.
15845 15844 16044 16045.
15846 15845 16036 16043.
15847 15846 16046 16047.
15844 15847 15974 15973.
15849 15848 15971 15970.
15850 15849 16049 16050.
15851 15850 16052 16053.
15848 15851 16055 16048.
15853 15852 15983 15982.
15854 15853 16056 16057.
15855 15854 16059 16060.
15852 15855 16050 16049.
15857 15856 15991 15990.
15858 15857 16061 16062.
15859 15858 16064 16065.
15856 15859 16057 16056.
15861 15860 15999 15998.
15862 15861 16066 16067.
15863 15862 16069 16070.
15860 15863 16062 16061.
15865 15864 16007 16006.
15866 15865 16071 16072.
15867 15866 16074 16075.
15864 15867 16067 16066.
15869 15868 16015 16014.
15870 15869 16076 16077.
15871 15870 16079 16080.
15868 15871 16072 16071.
15873 15872 16023 16022.
15874 15873 16081 16082.
15875 15874 16084 16085.
15872 15875 16077 16076.
15877 15876 16031 16030.
15878 15877 16086 16087.
15879 15878 16089 16090.
15876 15879 16082 16081.
15881 15880 16039 16038.
15882 15881 16091 16092.
15883 15882 16094 16095.
15880 15883 16087 16086.
15885 15884 16045 16044.
15886 15885 16048 16055.
15887 15886 16096 16097.
15884 15887 16092 16091.
15889 15888 15985 15984.
15890 15889 16099 16100.
15891 15890 16102 16103.
15888 15891 16105 16098.
15893 15892 15977 15976.
15894 15893 16106 16107.
15895 15894 16109 16110.
15892 15895 16100 16099.
15897 15896 16047 16046.
15898 15897 16111 16112.
15899 15898 16114 16115.
15896 15899 16107 16106.
15901 15900 16041 16040.
15902 15901 16116 16117.
15903 15902 16119 16120.
15900 15903 16112 16111.
15905 15904 16033 16032.
15906 15905 16121 16122.
15907 15906 16124 16125.
15904 15907 16117 16116.
15909 15908 16025 16024.
15910 15909 16126 16127.
15911 15910 16129 16130.
15908 15911 16122 16121.
15913 15912 16017 16016.
15914 15913 16131 16132.
15915 15914 16134 16135.
15912 15915 16127 16126.
15917 15916 16009 16008.
15918 15917 16136 16137.
15919 15918 16139 16140.
15916 15919 16132 16131.
15921 15920 16001 16000.
15922 15921 16141 16142.
15923 15922 16144 16145.
15920 15923 16137 16136.
15925 15924 15993 15992.
15926 15925 16098 16105.
15927 15926 16146 16147.
15924 15927 16142 16141.
15929 15928 16070 16069.
15930 15929 16149 16150.
15931 15930 16145 16144.
15928 15931 16151 16148.
15933 15932 16075 16074.
15934 15933 16152 16153.
15935 15934 16140 16139.
15932 15935 16150 16149.
15937 15936 16080 16079.
15938 15937 16154 16155.
15939 15938 16135 16134.
15936 15939 16153 16152.
15941 15940 16085 16084.
15942 15941 16156 16157.
15943 15942 16130 16129.
15940 15943 16155 16154.
15945 15944 16090 16089.
15946 15945 16158 16159.
15947 15946 16125 16124.
15944 15947 16157 16156.
15949 15948 16095 16094.
15950 15949 16160 16161.
15951 15950 16120 16119.
15948 15951 16159 16158.
15953 15952 16097 16096.
15954 15953 16162 16163.
15955 15954 16115 16114.
15952 15955 16161 16160.
15957 15956 16053 16052.
15958 15957 16164 16165.
15959 15958 16110 16109.
15956 15959 16163 16162.
15961 15960 16060 16059.
15962 15961 16166 16167.
15963 15962 16103 16102.
15960 15963 16165 16164.
15965 15964 16065 16064.
15966 15965 16148 16151.
15967 15966 16147 16146.
15964 15967 16167 16166.
16168 16169 16170 16171.
16172 16168 16171 16173.
16174 16172 16173 16175.
16176 16174 16175 16177.
16178 16176 16177 16179.
16180 16178 16179 16181.
16182 16180 16181 16183.
16184 16182 16183 16185.
16169 16186 16187 16170.
16186 16184 16185 16187.
16169 16168 16188 16189.
16168 16172 16190 16188.
16172 16174 16191 16190.
16174 16176 16192 16191.
16176 16178 16193 16192.
16178 16180 16194 16193.
16180 16182 16195 16194.
16182 16184 16196 16195.
16184 16186 16197 16196.
16186 16169 16189 16197.
16198 16199 16200 16201.
16199 16202 16203 16200.
16202 16204 16205 16203.
16204 16206 16207 16205.
16206 16208 16209 16207.
16208 16210 16211 16209.
16210 16212 16213 16211.
16212 16214 16215 16213.
16214 16216 16217 16215.
16216 16198 16201 16217.
16197 16189 16188 16218.
16218 16188 16190 16191.
16196 16197 16218 16219.
16219 16218 16191 16192.
16219 16194 16195 16196.
16192 16193 16194 16219.
16217 16201 16200 16220.
16220 16200 16203 16205.
16215 16217 16220 16221.
16221 16220 16205 16207.
16221 16211 16213 16215.
16207 16209 16211 16221.
16170 16222 16223 16171.
16171 16223 16224 16173.
16173 16224 16225 16175.
16175 16225 16226 16177.
16177 16226 16227 16179.
16179 16227 16228 16181.
16181 16228 16229 16183.
16183 16229 16230 16185.
16187 16231 16222 16170.
16185 16230 16231 16187.
16222 16202 16199 16223.
16223 16199 16198 16224.
16224 16198 16216 16225.
16225 16216 16214 16226.
16226 16214 16212 16227.
16227 16212 16210 16228.
16228 16210 16208 16229.
16229 16208 16206 16230.
16231 16204 16202 16222.
16230 16206 16204 16231.
16232 16233 16234 16235.
16236 16237 16238 16239.
16240 16241 16242 16243.
16244 16245 16233 16232.
16233 16246 16247 16234.
16237 16248 16249 16238.
16241 16250 16251 16242.
16245 16252 16246 16233.
16246 16253 16254 16247.
16248 16255 16256 16249.
16250 16257 16258 16251.
16252 16259 16253 16246.
16253 16260 16261 16254.
16255 16262 16263 16256.
16257 16264 16265 16258.
16259 16266 16260 16253.
16260 16267 16268 16261.
16262 16269 16270 16263.
16264 16271 16272 16265.
16266 16273 16267 16260.
16267 16274 16275 16268.
16269 16276 16277 16270.
16271 16278 16279 16272.
16273 16280 16274 16267.
16274 16281 16282 16275.
16276 16283 16284 16277.
16278 16285 16286 16279.
16280 16287 16281 16274.
16281 16288 16289 16282.
16283 16290 16291 16284.
16285 16292 16293 16286.
16287 16294 16288 16281.
16288 16295 16296 16289.
16290 16297 16298 16291.
16292 16299 16300 16293.
16294 16301 16295 16288.
16295 16302 16303 16296.
16297 16304 16305 16298.
16299 16306 16307 16300.
16301 16308 16302 16295.
16302 16309 16310 16303.
16304 16311 16312 16305.
16306 16313 16314 16307.
16308 16315 16309 16302.
16309 16316 16317 16310.
16311 16318 16319 16312.
16313 16320 16321 16314.
16315 16322 16316 16309.
16316 16323 16324 16317.
16318 16325 16326 16319.
16320 16327 16328 16321.
16322 16329 16323 16316.
16323 16330 16331 16324.
16325 16332 16333 16326.
16327 16334 16335 16328.
16329 16336 16330 16323.
16330 16337 16338 16331.
16332 16339 16340 16333.
16334 16341 16342 16335.
16336 16343 16337 16330.
16337 16344 16345 16338.
16339 16346 16347 16340.
16341 16348 16349 16342.
16343 16350 16344 16337.
16344 16351 16352 16345.
16346 16353 16354 16347.
16348 16355 16356 16349.
16350 16357 16351 16344.
16351 16358 16359 16352.
16353 16360 16361 16354.
16355 16362 16363 16356.
16357 16364 16358 16351.
16358 16365 16366 16359.
16360 16367 16368 16361.
16362 16369 16370 16363.
16364 16371 16365 16358.
16365 16372 16373 16366.
16367 16374 16375 16368.
16369 16376 16377 16370.
16371 16378 16372 16365.
16372 16379 16380 16373.
16374 16381 16382 16375.
16376 16383 16384 16377.
16378 16385 16379 16372.
16379 16386 16387 16380.
16381 16388 16389 16382.
16383 16390 16391 16384.
16385 16392 16386 16379.
16386 16393 16394 16387.
16388 16395 16396 16389.
16390 16397 16398 16391.
16392 16399 16393 16386.
16393 16400 16401 16394.
16395 16402 16403 16396.
16397 16404 16405 16398.
16399 16406 16400 16393.
16400 16407 16408 16401.
16402 16409 16410 16403.
16404 16411 16412 16405.
16406 16413 16407 16400.
16407 16414 16415 16408.
16409 16416 16417 16410.
16411 16418 16419 16412.
16413 16420 16414 16407.
16414 16421 16422 16415.
16416 16423 16424 16417.
16418 16425 16426 16419.
16420 16427 16421 16414.
16421 16428 16429 16422.
16423 16430 16431 16424.
16425 16432 16433 16426.
16427 16434 16428 16421.
16428 16435 16436 16429.
16430 16437 16438 16431.
16432 16439 16440 16433.
16434 16441 16435 16428.
16435 16442 16443 16436.
16437 16444 16445 16438.
16439 16446 16447 16440.
16441 16448 16442 16435.
16442 16449 16450 16443.
16444 16451 16452 16445.
16446 16453 16454 16447.
16448 16455 16449 16442.
16449 16456 16457 16450.
16451 16458 16459 16452.
16453 16460 16461 16454.
16455 16462 16456 16449.
16456 16463 16464 16457.
16458 16465 16466 16459.
16460 16467 16468 16461.
16462 16469 16463 16456.
16463 16470 16471 16464.
16465 16472 16473 16466.
16467 16474 16475 16468.
16469 16476 16470 16463.
16470 16477 16478 16471.
16472 16479 16480 16473.
16474 16481 16482 16475.
16476 16483 16477 16470.
16477 16232 16235 16478.
16479 16236 16239 16480.
16481 16240 16243 16482.
16483 16244 16232 16477.
16238 16241 16240 16239.
16249 16250 16241 16238.
16256 16257 16250 16249.
16263 16264 16257 16256.
16270 16271 16264 16263.
16277 16278 16271 16270.
16284 16285 16278 16277.
16291 16292 16285 16284.
16298 16299 16292 16291.
16305 16306 16299 16298.
16312 16313 16306 16305.
16319 16320 16313 16312.
16326 16327 16320 16319.
16333 16334 16327 16326.
16340 16341 16334 16333.
16347 16348 16341 16340.
16354 16355 16348 16347.
16361 16362 16355 16354.
16368 16369 16362 16361.
16375 16376 16369 16368.
16382 16383 16376 16375.
16389 16390 16383 16382.
16396 16397 16390 16389.
16403 16404 16397 16396.
16410 16411 16404 16403.
16417 16418 16411 16410.
16424 16425 16418 16417.
16431 16432 16425 16424.
16438 16439 16432 16431.
16445 16446 16439 16438.
16452 16453 16446 16445.
16459 16460 16453 16452.
16466 16467 16460 16459.
16473 16474 16467 16466.
16480 16481 16474 16473.
16239 16240 16481 16480.
16234 16237 16236 16235.
16242 16245 16244 16243.
16247 16248 16237 16234.
16251 16252 16245 16242.
16254 16255 16248 16247.
16258 16259 16252 16251.
16261 16262 16255 16254.
16265 16266 16259 16258.
16268 16269 16262 16261.
16272 16273 16266 16265.
16275 16276 16269 16268.
16279 16280 16273 16272.
16282 16283 16276 16275.
16286 16287 16280 16279.
16289 16290 16283 16282.
16293 16294 16287 16286.
16296 16297 16290 16289.
16300 16301 16294 16293.
16303 16304 16297 16296.
16307 16308 16301 16300.
16310 16311 16304 16303.
16314 16315 16308 16307.
16317 16318 16311 16310.
16321 16322 16315 16314.
16324 16325 16318 16317.
16328 16329 16322 16321.
16331 16332 16325 16324.
16335 16336 16329 16328.
16338 16339 16332 16331.
16342 16343 16336 16335.
16345 16346 16339 16338.
16349 16350 16343 16342.
16352 16353 16346 16345.
16356 16357 16350 16349.
16359 16360 16353 16352.
16363 16364 16357 16356.
16366 16367 16360 16359.
16370 16371 16364 16363.
16373 16374 16367 16366.
16377 16378 16371 16370.
16380 16381 16374 16373.
16384 16385 16378 16377.
16387 16388 16381 16380.
16391 16392 16385 16384.
16394 16395 16388 16387.
16398 16399 16392 16391.
16401 16402 16395 16394.
16405 16406 16399 16398.
16408 16409 16402 16401.
16412 16413 16406 16405.
16415 16416 16409 16408.
16419 16420 16413 16412.
16422 16423 16416 16415.
16426 16427 16420 16419.
16429 16430 16423 16422.
16433 16434 16427 16426.
16436 16437 16430 16429.
16440 16441 16434 16433.
16443 16444 16437 16436.
16447 16448 16441 16440.
16450 16451 16444 16443.
16454 16455 16448 16447.
16457 16458 16451 16450.
16461 16462 16455 16454.
16464 16465 16458 16457.
16468 16469 16462 16461.
16471 16472 16465 16464.
16475 16476 16469 16468.
16478 16479 16472 16471.
16482 16483 16476 16475.
16235 16236 16479 16478.
16243 16244 16483 16482.
16484 16485 16486 16487.
16487 16486 16488 16489.
16489 16488 16490 16491.
16491 16490 16492 16493.
16493 16492 16494 16495.
16495 16494 16496 16497.
16497 16496 16498 16499.
16499 16498 16485 16484.
16485 16500 16501 16486.
16486 16501 16502 16488.
16488 16502 16503 16490.
16490 16503 16504 16492.
16492 16504 16505 16494.
16494 16505 16506 16496.
16496 16506 16507 16498.
16498 16507 16500 16485.
16500 16508 16509 16501.
16501 16509 16510 16502.
16502 16510 16511 16503.
16503 16511 16512 16504.
16504 16512 16513 16505.
16505 16513 16514 16506.
16506 16514 16515 16507.
16507 16515 16508 16500.
16508 16516 16517 16509.
16509 16517 16518 16510.
16510 16518 16519 16511.
16511 16519 16520 16512.
16512 16520 16521 16513.
16513 16521 16522 16514.
16514 16522 16523 16515.
16515 16523 16516 16508.
16516 16524 16525 16517.
16517 16525 16526 16518.
16518 16526 16527 16519.
16519 16527 16528 16520.
16520 16528 16529 16521.
16521 16529 16530 16522.
16522 16530 16531 16523.
16523 16531 16524 16516.
16524 16532 16533 16525.
16525 16533 16534 16526.
16526 16534 16535 16527.
16527 16535 16536 16528.
16528 16536 16537 16529.
16529 16537 16538 16530.
16530 16538 16539 16531.
16531 16539 16532 16524.
16532 16540 16541 16533.
16533 16541 16542 16534.
16534 16542 16543 16535.
16535 16543 16544 16536.
16536 16544 16545 16537.
16537 16545 16546 16538.
16538 16546 16547 16539.
16539 16547 16540 16532.
16540 16548 16549 16541.
16541 16549 16550 16542.
16542 16550 16551 16543.
16543 16551 16552 16544.
16544 16552 16553 16545.
16545 16553 16554 16546.
16546 16554 16555 16547.
16547 16555 16548 16540.
16548 16556 16557 16549.
16549 16557 16558 16550.
16550 16558 16559 16551.
16551 16559 16560 16552.
16552 16560 16561 16553.
16553 16561 16562 16554.
16554 16562 16563 16555.
16555 16563 16556 16548.
16556 16564 16565 16557.
16557 16565 16566 16558.
16558 16566 16567 16559.
16559 16567 16568 16560.
16560 16568 16569 16561.
16561 16569 16570 16562.
16562 16570 16571 16563.
16563 16571 16564 16556.
16564 16572 16573 16565.
16565 16573 16574 16566.
16566 16574 16575 16567.
16567 16575 16576 16568.
16568 16576 16577 16569.
16569 16577 16578 16570.
16570 16578 16579 16571.
16571 16579 16572 16564.
16572 16580 16581 16573.
16573 16581 16582 16574.
16574 16582 16583 16575.
16575 16583 16584 16576.
16576 16584 16585 16577.
16577 16585 16586 16578.
16578 16586 16587 16579.
16579 16587 16580 16572.
16580 16588 16589 16581.
16581 16589 16590 16582.
16582 16590 16591 16583.
16583 16591 16592 16584.
16584 16592 16593 16585.
16585 16593 16594 16586.
16586 16594 16595 16587.
16587 16595 16588 16580.
16588 16596 16597 16589.
16589 16597 16598 16590.
16590 16598 16599 16591.
16591 16599 16600 16592.
16592 16600 16601 16593.
16593 16601 16602 16594.
16594 16602 16603 16595.
16595 16603 16596 16588.
16596 16604 16605 16597.
16597 16605 16606 16598.
16598 16606 16607 16599.
16599 16607 16608 16600.
16600 16608 16609 16601.
16601 16609 16610 16602.
16602 16610 16611 16603.
16603 16611 16604 16596.
16604 16612 16613 16605.
16605 16613 16614 16606.
16606 16614 16615 16607.
16607 16615 16616 16608.
16608 16616 16617 16609.
16609 16617 16618 16610.
16610 16618 16619 16611.
16611 16619 16612 16604.
16614 16620 16621 16615.
16615 16621 16622 16616.
16616 16622 16623 16617.
16484 16487 16624 16625.
16487 16489 16626 16624.
16489 16491 16627 16626.
16491 16493 16628 16627.
16493 16495 16629 16628.
16495 16497 16630 16629.
16497 16499 16631 16630.
16499 16484 16625 16631.
16625 16624 16632 16633.
16624 16626 16634 16632.
16626 16627 16635 16634.
16627 16628 16636 16635.
16628 16629 16637 16636.
16629 16630 16638 16637.
16630 16631 16639 16638.
16631 16625 16633 16639.
16633 16632 16640 16641.
16632 16634 16642 16640.
16634 16635 16643 16642.
16635 16636 16644 16643.
16636 16637 16645 16644.
16637 16638 16646 16645.
16638 16639 16647 16646.
16639 16633 16641 16647.
16648 16649 16650 16651.
16649 16652 16653 16650.
16652 16654 16655 16653.
16654 16656 16657 16655.
16656 16658 16659 16657.
16658 16660 16661 16659.
16660 16662 16663 16661.
16662 16648 16651 16663.
16664 16665 16666 16667.
16665 16668 16669 16666.
16668 16670 16671 16669.
16670 16672 16673 16671.
16672 16674 16675 16673.
16674 16676 16677 16675.
16676 16678 16679 16677.
16678 16664 16667 16679.
16680 16681 16682 16683.
16681 16684 16685 16682.
16684 16686 16687 16685.
16686 16688 16689 16687.
16688 16690 16691 16689.
16690 16692 16693 16691.
16692 16694 16695 16693.
16694 16680 16683 16695.
16613 16612 16696 16697.
16666 16681 16680 16667.
16669 16684 16681 16666.
16671 16686 16684 16669.
16673 16688 16686 16671.
16675 16690 16688 16673.
16677 16692 16690 16675.
16679 16694 16692 16677.
16667 16680 16694 16679.
16698 16699 16700 16701.
16699 16702 16703 16700.
16702 16704 16705 16703.
16704 16706 16707 16705.
16706 16708 16709 16707.
16708 16710 16711 16709.
16710 16712 16713 16711.
16712 16698 16701 16713.
16701 16700 16714 16715.
16700 16703 16716 16714.
16703 16705 16717 16716.
16705 16707 16718 16717.
16707 16709 16719 16718.
16709 16711 16720 16719.
16711 16713 16721 16720.
16713 16701 16715 16721.
16715 16714 16722 16723.
16714 16716 16724 16722.
16716 16717 16725 16724.
16717 16718 16726 16725.
16718 16719 16727 16726.
16719 16720 16728 16727.
16720 16721 16729 16728.
16721 16715 16723 16729.
16723 16722 16730 16731.
16722 16724 16732 16730.
16724 16725 16733 16732.
16725 16726 16734 16733.
16726 16727 16735 16734.
16727 16728 16736 16735.
16728 16729 16737 16736.
16729 16723 16731 16737.
16731 16730 16738 16739.
16730 16732 16740 16738.
16732 16733 16741 16740.
16733 16734 16742 16741.
16734 16735 16743 16742.
16735 16736 16744 16743.
16736 16737 16745 16744.
16737 16731 16739 16745.
16739 16738 16746 16747.
16738 16740 16748 16746.
16740 16741 16749 16748.
16741 16742 16750 16749.
16742 16743 16751 16750.
16743 16744 16752 16751.
16744 16745 16753 16752.
16745 16739 16747 16753.
16747 16746 16754 16755.
16746 16748 16756 16754.
16748 16749 16757 16756.
16749 16750 16758 16757.
16750 16751 16759 16758.
16751 16752 16760 16759.
16752 16753 16761 16760.
16753 16747 16755 16761.
16755 16754 16762 16763.
16754 16756 16764 16762.
16756 16757 16765 16764.
16757 16758 16766 16765.
16758 16759 16767 16766.
16759 16760 16768 16767.
16760 16761 16769 16768.
16761 16755 16763 16769.
16763 16762 16770 16771.
16762 16764 16772 16770.
16764 16765 16773 16772.
16765 16766 16774 16773.
16766 16767 16775 16774.
16767 16768 16776 16775.
16768 16769 16777 16776.
16769 16763 16771 16777.
16771 16770 16778 16779.
16770 16772 16780 16778.
16772 16773 16781 16780.
16773 16774 16782 16781.
16774 16775 16783 16782.
16775 16776 16784 16783.
16776 16777 16785 16784.
16777 16771 16779 16785.
16779 16778 16786 16787.
16778 16780 16788 16786.
16780 16781 16789 16788.
16781 16782 16790 16789.
16782 16783 16791 16790.
16783 16784 16792 16791.
16784 16785 16793 16792.
16785 16779 16787 16793.
16787 16786 16794 16795.
16786 16788 16796 16794.
16788 16789 16797 16796.
16789 16790 16798 16797.
16790 16791 16799 16798.
16791 16792 16800 16799.
16792 16793 16801 16800.
16793 16787 16795 16801.
16795 16794 16802 16803.
16794 16796 16804 16802.
16796 16797 16805 16804.
16797 16798 16806 16805.
16798 16799 16807 16806.
16799 16800 16808 16807.
16800 16801 16809 16808.
16801 16795 16803 16809.
16803 16802 16810 16811.
16802 16804 16812 16810.
16804 16805 16813 16812.
16805 16806 16814 16813.
16806 16807 16815 16814.
16807 16808 16816 16815.
16808 16809 16817 16816.
16809 16803 16811 16817.
16811 16810 16818 16819.
16810 16812 16820 16818.
16812 16813 16821 16820.
16813 16814 16822 16821.
16814 16815 16823 16822.
16815 16816 16824 16823.
16816 16817 16825 16824.
16817 16811 16819 16825.
16819 16818 16826 16827.
16818 16820 16828 16826.
16820 16821 16829 16828.
16821 16822 16830 16829.
16822 16823 16831 16830.
16823 16824 16832 16831.
16824 16825 16833 16832.
16825 16819 16827 16833.
16831 16832 16834 16835.
16698 16836 16837 16699.
16699 16837 16838 16702.
16702 16838 16839 16704.
16704 16839 16840 16706.
16706 16840 16841 16708.
16708 16841 16842 16710.
16710 16842 16843 16712.
16712 16843 16836 16698.
16836 16844 16845 16837.
16837 16845 16846 16838.
16838 16846 16847 16839.
16839 16847 16848 16840.
16840 16848 16849 16841.
16841 16849 16850 16842.
16842 16850 16851 16843.
16843 16851 16844 16836.
16844 16852 16853 16845.
16845 16853 16854 16846.
16846 16854 16855 16847.
16847 16855 16856 16848.
16848 16856 16857 16849.
16849 16857 16858 16850.
16850 16858 16859 16851.
16851 16859 16852 16844.
16860 16861 16862 16863.
16863 16862 16864 16865.
16865 16864 16866 16867.
16867 16866 16868 16869.
16869 16868 16870 16871.
16871 16870 16872 16873.
16873 16872 16874 16875.
16875 16874 16861 16860.
16876 16877 16878 16879.
16879 16878 16880 16881.
16881 16880 16882 16883.
16883 16882 16884 16885.
16885 16884 16886 16887.
16887 16886 16888 16889.
16889 16888 16890 16891.
16891 16890 16877 16876.
16892 16893 16894 16895.
16895 16894 16896 16897.
16897 16896 16898 16899.
16899 16898 16900 16901.
16901 16900 16902 16903.
16903 16902 16904 16905.
16905 16904 16906 16907.
16907 16906 16893 16892.
16614 16613 16697 16620.
16619 16618 16908 16909.
16612 16619 16909 16696.
16878 16877 16892 16895.
16880 16878 16895 16897.
16882 16880 16897 16899.
16884 16882 16899 16901.
16886 16884 16901 16903.
16888 16886 16903 16905.
16890 16888 16905 16907.
16877 16890 16907 16892.
16682 16910 16911 16683.
16685 16912 16910 16682.
16687 16913 16912 16685.
16689 16914 16913 16687.
16691 16915 16914 16689.
16693 16916 16915 16691.
16695 16917 16916 16693.
16683 16911 16917 16695.
16650 16665 16664 16651.
16653 16668 16665 16650.
16655 16670 16668 16653.
16657 16672 16670 16655.
16659 16674 16672 16657.
16661 16676 16674 16659.
16663 16678 16676 16661.
16651 16664 16678 16663.
16640 16649 16648 16641.
16642 16652 16649 16640.
16643 16654 16652 16642.
16644 16656 16654 16643.
16645 16658 16656 16644.
16646 16660 16658 16645.
16647 16662 16660 16646.
16641 16648 16662 16647.
16852 16860 16863 16853.
16853 16863 16865 16854.
16854 16865 16867 16855.
16855 16867 16869 16856.
16856 16869 16871 16857.
16857 16871 16873 16858.
16858 16873 16875 16859.
16859 16875 16860 16852.
16861 16876 16879 16862.
16862 16879 16881 16864.
16864 16881 16883 16866.
16866 16883 16885 16868.
16868 16885 16887 16870.
16870 16887 16889 16872.
16872 16889 16891 16874.
16874 16891 16876 16861.
16893 16918 16919 16894.
16894 16919 16920 16896.
16896 16920 16921 16898.
16898 16921 16922 16900.
16900 16922 16923 16902.
16902 16923 16924 16904.
16904 16924 16925 16906.
16906 16925 16918 16893.
16926 16828 16829 16927.
16927 16829 16830 16928.
16928 16830 16831 16835.
16929 16827 16826 16930.
16834 16908 16623 16835.
16930 16826 16828 16926.
16834 16832 16833 16931.
16931 16833 16827 16929.
16620 16926 16927 16621.
16621 16927 16928 16622.
16622 16928 16835 16623.
16696 16929 16930 16697.
16697 16930 16926 16620.
16908 16834 16931 16909.
16909 16931 16929 16696.
16908 16618 16617 16623.
16932 16933 16934 16935.
16936 16937 16933 16932.
16938 16937 16936 16939.
16940 16938 16939 16941.
16942 16940 16941 16943.
16944 16942 16943 16945.
16946 16947 16948 16949.
16950 16947 16946 16951.
16952 16953 16950 16951.
16954 16955 16953 16952.
16956 16957 16958 16959.
16960 16961 16962 16963.
16961 16964 16965 16962.
16966 16967 16965 16964.
16968 16969 16970 16971.
16972 16973 16974 16975.
16949 16948 16944 16945.
16976 16977 16974 16973.
16966 16978 16979 16967.
16977 16980 16981 16974.
16981 16982 16975 16974.
16983 16984 16981 16980.
16984 16985 16982 16981.
16986 16987 16984 16983.
16987 16988 16985 16984.
16986 16989 16990 16991.
16992 16993 16988 16987.
16963 16962 16992 16987.
16965 16967 16992 16962.
16967 16979 16971 16994 16992.
16995 16993 16996 16934.
16934 16933 16997 16995.
16933 16937 16998 16997.
16937 16938 16999 16998.
16938 16940 17000 16999.
16940 16942 17001 17000.
16942 16944 17002 17001.
16948 16947 17003 17004.
16947 16950 17005 17003.
16950 16953 17006 17005.
16953 16955 16989 17006.
16972 16975 17000 17001.
17007 16972 17001 17002.
16944 16948 17004 17002.
16976 17007 17002 17004.
16977 16976 17004 17003.
16980 16977 17003 17005.
16975 16982 16999 17000.
16983 16980 17005 17006.
16982 16985 16998 16999.
16986 16983 17006 16989.
16985 16988 16997 16998.
16988 16993 16995 16997.
16957 16960 16963 16958.
16958 16963 16987 16959.
16991 17008 16956 16959.
17007 16976 16973 16972.
16971 16970 16996 16994.
16979 16978 16968 16971.
16970 16969 17009 16935.
16935 16934 16996 16970.
16996 16993 16992 16994.
16935 17009 17010 16932.
16932 17010 17011 16936.
16936 17011 17012 16939.
17012 17013 16941 16939.
17013 17014 16943 16941.
17014 17015 16945 16943.
16945 17015 17016 16949.
16949 17016 17017 16946.
17017 17018 16951 16946.
16951 17018 17019 16952.
16952 17019 17020 16954.
16954 17020 17021 16990.
17021 17008 16991 16990.
16991 16959 16987 16986.
16955 16954 16990 16989.
17022 17023 17024 17025.
17023 17026 17027 17024.
17027 17026 17028 17029.
17029 17028 17030 17031.
17031 17030 17032 17033.
17033 17032 17034 17035.
17036 17037 17038 17039.
17038 17037 17040 17041.
17040 17042 17043 17041.
17042 17044 17045 17043.
17046 17047 17048 17049.
17050 17051 17052 17053.
17054 17055 17051 17050.
17054 17056 17057 17055.
17058 17059 17060 17061.
17062 17063 17064 17065.
17034 17036 17039 17035.
17062 17066 17067 17063.
17068 17069 17057 17056.
17070 17071 17066 17062.
17065 17072 17070 17062.
17070 17073 17074 17071.
17072 17075 17073 17070.
17073 17076 17077 17074.
17075 17078 17076 17073.
17079 17080 17077 17081.
17078 17082 17083 17076.
17083 17050 17053 17076.
17083 17056 17054 17050.
17538 17515 17502 17525.
17084 17082 17085 17022.
17086 17023 17022 17085.
17087 17026 17023 17086.
17088 17028 17026 17087.
17089 17030 17028 17088.
17090 17032 17030 17089.
17091 17034 17032 17090.
17092 17037 17036 17093.
17094 17040 17037 17092.
17095 17042 17040 17094.
17080 17044 17042 17095.
17089 17065 17064 17090.
17090 17064 17096 17091.
17093 17036 17034 17091.
17091 17096 17067 17093.
17093 17067 17066 17092.
17092 17066 17071 17094.
17088 17072 17065 17089.
17094 17071 17074 17095.
17087 17075 17072 17088.
17095 17074 17077 17080.
17086 17078 17075 17087.
17085 17082 17078 17086.
17053 17052 17047 17046.
17076 17053 17046 17049.
17048 17097 17081 17049.
17063 17067 17096 17064.
17068 17056 17083 17061.
17060 17069 17068 17061.
17098 17059 17058 17025.
17084 17022 17025 17058.
17083 17082 17084 17061.
17099 17098 17025 17024.
17100 17099 17024 17027.
17101 17100 17027 17029.
17031 17102 17101 17029.
17033 17103 17102 17031.
17035 17104 17103 17033.
17105 17104 17035 17039.
17106 17105 17039 17038.
17041 17107 17106 17038.
17108 17107 17041 17043.
17109 17108 17043 17045.
17110 17109 17045 17079.
17081 17097 17110 17079.
17076 17049 17081 17077.
17079 17045 17044 17080.
16957 16956 17111 17112.
16961 16960 17113 17114.
16964 16961 17114 17115.
16966 16964 17115 17116.
16969 16968 17117 17118.
16978 16966 17116 17119.
16960 16957 17112 17113.
16956 17008 17120 17111.
16968 16978 17119 17117.
17009 16969 17118 17121.
17010 17009 17121 17122.
17011 17010 17122 17123.
17012 17011 17123 17124.
17013 17012 17124 17125.
17014 17013 17125 17126.
17015 17014 17126 17127.
17016 17015 17127 17128.
17017 17016 17128 17129.
17018 17017 17129 17130.
17019 17018 17130 17131.
17020 17019 17131 17132.
17021 17020 17132 17133.
17008 17021 17133 17120.
17134 17135 17136 17137.
17138 17139 17135 17134.
17140 17139 17138 17141.
17142 17140 17141 17143.
17144 17142 17143 17145.
17146 17144 17145 17147.
17148 17149 17150 17151.
17152 17149 17148 17153.
17154 17155 17152 17153.
17156 17157 17155 17154.
17158 17159 17160 17161.
17162 17163 17164 17165.
17163 17166 17167 17164.
17168 17169 17167 17166.
17170 17171 17172 17173.
17174 17175 17176 17177.
17151 17150 17146 17147.
17178 17179 17176 17175.
17168 17180 17181 17169.
17179 17182 17183 17176.
17183 17184 17177 17176.
17185 17186 17183 17182.
17186 17187 17184 17183.
17188 17189 17186 17185.
17189 17190 17187 17186.
17188 17191 17192 17193.
17194 17195 17190 17189.
17165 17164 17194 17189.
17167 17169 17194 17164.
17169 17181 17173 17196 17194.
17197 17195 17198 17136.
17136 17135 17199 17197.
17135 17139 17200 17199.
17139 17140 17201 17200.
17140 17142 17202 17201.
17142 17144 17203 17202.
17144 17146 17204 17203.
17150 17149 17205 17206.
17149 17152 17207 17205.
17152 17155 17208 17207.
17155 17157 17191 17208.
17174 17177 17202 17203.
17209 17174 17203 17204.
17146 17150 17206 17204.
17178 17209 17204 17206.
17179 17178 17206 17205.
17182 17179 17205 17207.
17177 17184 17201 17202.
17185 17182 17207 17208.
17184 17187 17200 17201.
17188 17185 17208 17191.
17187 17190 17199 17200.
17190 17195 17197 17199.
17159 17162 17165 17160.
17160 17165 17189 17161.
17193 17210 17158 17161.
17209 17178 17175 17174.
17173 17172 17198 17196.
17181 17180 17170 17173.
17172 17171 17211 17137.
17137 17136 17198 17172.
17198 17195 17194 17196.
17137 17211 17212 17134.
17134 17212 17213 17138.
17138 17213 17214 17141.
17214 17215 17143 17141.
17215 17216 17145 17143.
17216 17217 17147 17145.
17147 17217 17218 17151.
17151 17218 17219 17148.
17219 17220 17153 17148.
17153 17220 17221 17154.
17154 17221 17222 17156.
17156 17222 17223 17192.
17223 17210 17193 17192.
17193 17161 17189 17188.
17157 17156 17192 17191.
17224 17225 17226 17227.
17225 17228 17229 17226.
17229 17228 17230 17231.
17231 17230 17232 17233.
17233 17232 17234 17235.
17235 17234 17236 17237.
17238 17239 17240 17241.
17240 17239 17242 17243.
17242 17244 17245 17243.
17244 17246 17247 17245.
17248 17249 17250 17251.
17252 17253 17254 17255.
17256 17257 17253 17252.
17256 17258 17259 17257.
17260 17261 17262 17263.
17264 17265 17266 17267.
17236 17238 17241 17237.
17264 17268 17269 17265.
17270 17271 17259 17258.
17272 17273 17268 17264.
17267 17274 17272 17264.
17272 17275 17276 17273.
17274 17277 17275 17272.
17275 17278 17279 17276.
17277 17280 17278 17275.
17281 17282 17279 17283.
17280 17284 17285 17278.
17285 17252 17255 17278.
17285 17258 17256 17252.
17263 17270 17258 17285 17286.
17287 17284 17288 17224.
17289 17225 17224 17288.
17290 17228 17225 17289.
17291 17230 17228 17290.
17292 17232 17230 17291.
17293 17234 17232 17292.
17294 17236 17234 17293.
17295 17239 17238 17296.
17297 17242 17239 17295.
17298 17244 17242 17297.
17282 17246 17244 17298.
17292 17267 17266 17293.
17293 17266 17299 17294.
17296 17238 17236 17294.
17294 17299 17269 17296.
17296 17269 17268 17295.
17295 17268 17273 17297.
17291 17274 17267 17292.
17297 17273 17276 17298.
17290 17277 17274 17291.
17298 17276 17279 17282.
17289 17280 17277 17290.
17288 17284 17280 17289.
17255 17254 17249 17248.
17278 17255 17248 17251.
17250 17300 17283 17251.
17265 17269 17299 17266.
17287 17260 17263 17286.
17262 17271 17270 17263.
17301 17261 17260 17227.
17287 17224 17227 17260.
17285 17284 17287 17286.
17302 17301 17227 17226.
17303 17302 17226 17229.
17304 17303 17229 17231.
17233 17305 17304 17231.
17235 17306 17305 17233.
17237 17307 17306 17235.
17308 17307 17237 17241.
17309 17308 17241 17240.
17243 17310 17309 17240.
17311 17310 17243 17245.
17312 17311 17245 17247.
17313 17312 17247 17281.
17283 17300 17313 17281.
17278 17251 17283 17279.
17281 17247 17246 17282.
17159 17158 17314 17315.
17163 17162 17316 17317.
17166 17163 17317 17318.
17168 17166 17318 17319.
17171 17170 17320 17321.
17180 17168 17319 17322.
17162 17159 17315 17316.
17158 17210 17323 17314.
17170 17180 17322 17320.
17211 17171 17321 17324.
17212 17211 17324 17325.
17213 17212 17325 17326.
17214 17213 17326 17327.
17215 17214 17327 17328.
17216 17215 17328 17329.
17217 17216 17329 17330.
17218 17217 17330 17331.
17219 17218 17331 17332.
17220 17219 17332 17333.
17221 17220 17333 17334.
17222 17221 17334 17335.
17223 17222 17335 17336.
17210 17223 17336 17323.
17337 17338 17339 17340.
17341 17342 17338 17337.
17343 17342 17341 17344.
17345 17343 17344 17346.
17347 17345 17346 17348.
17349 17347 17348 17350.
17351 17352 17353 17354.
17355 17352 17351 17356.
17357 17358 17355 17356.
17359 17360 17358 17357.
17361 17362 17363 17364.
17365 17366 17367 17368.
17366 17369 17370 17367.
17371 17372 17370 17369.
17373 17374 17375 17376.
17377 17378 17379 17380.
17354 17353 17349 17350.
17381 17382 17379 17378.
17371 17383 17384 17372.
17382 17385 17386 17379.
17386 17387 17380 17379.
17388 17389 17386 17385.
17389 17390 17387 17386.
17391 17392 17389 17388.
17392 17393 17390 17389.
17391 17394 17395 17396.
17397 17398 17393 17392.
17368 17367 17397 17392.
17370 17372 17397 17367.
17372 17384 17376 17399 17397.
17400 17398 17401 17339.
17339 17338 17402 17400.
17338 17342 17403 17402.
17342 17343 17404 17403.
17343 17345 17405 17404.
17345 17347 17406 17405.
17347 17349 17407 17406.
17353 17352 17408 17409.
17352 17355 17410 17408.
17355 17358 17411 17410.
17358 17360 17394 17411.
17377 17380 17405 17406.
17412 17377 17406 17407.
17349 17353 17409 17407.
17381 17412 17407 17409.
17382 17381 17409 17408.
17385 17382 17408 17410.
17380 17387 17404 17405.
17388 17385 17410 17411.
17387 17390 17403 17404.
17391 17388 17411 17394.
17390 17393 17402 17403.
17393 17398 17400 17402.
17362 17365 17368 17363.
17363 17368 17392 17364.
17396 17413 17361 17364.
17412 17381 17378 17377.
17376 17375 17401 17399.
17384 17383 17373 17376.
17375 17374 17414 17340.
17340 17339 17401 17375.
17401 17398 17397 17399.
17340 17414 17415 17337.
17337 17415 17416 17341.
17341 17416 17417 17344.
17417 17418 17346 17344.
17418 17419 17348 17346.
17419 17420 17350 17348.
17350 17420 17421 17354.
17354 17421 17422 17351.
17422 17423 17356 17351.
17356 17423 17424 17357.
17357 17424 17425 17359.
17359 17425 17426 17395.
17426 17413 17396 17395.
17396 17364 17392 17391.
17360 17359 17395 17394.
17427 17428 17429 17430.
17428 17431 17432 17429.
17432 17431 17433 17434.
17434 17433 17435 17436.
17436 17435 17437 17438.
17438 17437 17439 17440.
17441 17442 17443 17444.
17443 17442 17445 17446.
17445 17447 17448 17446.
17447 17449 17450 17448.
17451 17452 17453 17454.
17455 17456 17457 17458.
17459 17460 17456 17455.
17459 17461 17462 17460.
17463 17464 17465 17466.
17467 17468 17469 17470.
17439 17441 17444 17440.
17467 17471 17472 17468.
17473 17474 17462 17461.
17475 17476 17471 17467.
17470 17477 17475 17467.
17475 17478 17479 17476.
17477 17480 17478 17475.
17478 17481 17482 17479.
17480 17483 17481 17478.
17484 17485 17482 17486.
17483 17487 17488 17481.
17488 17455 17458 17481.
17488 17461 17459 17455.
17058 17061 17084.
17489 17487 17490 17427.
17491 17428 17427 17490.
17492 17431 17428 17491.
17493 17433 17431 17492.
17494 17435 17433 17493.
17495 17437 17435 17494.
17496 17439 17437 17495.
17497 17442 17441 17498.
17499 17445 17442 17497.
17500 17447 17445 17499.
17485 17449 17447 17500.
17494 17470 17469 17495.
17495 17469 17501 17496.
17498 17441 17439 17496.
17496 17501 17472 17498.
17498 17472 17471 17497.
17497 17471 17476 17499.
17493 17477 17470 17494.
17499 17476 17479 17500.
17492 17480 17477 17493.
17500 17479 17482 17485.
17491 17483 17480 17492.
17490 17487 17483 17491.
17458 17457 17452 17451.
17481 17458 17451 17454.
17453 17502 17486 17454.
17468 17472 17501 17469.
17473 17461 17488 17466.
17465 17474 17473 17466.
17503 17464 17463 17430.
17489 17427 17430 17463.
17488 17487 17489 17466.
17504 17503 17430 17429.
17505 17504 17429 17432.
17506 17505 17432 17434.
17436 17507 17506 17434.
17438 17508 17507 17436.
17440 17509 17508 17438.
17510 17509 17440 17444.
17511 17510 17444 17443.
17446 17512 17511 17443.
17513 17512 17446 17448.
17514 17513 17448 17450.
17515 17514 17450 17484.
17486 17502 17515 17484.
17481 17454 17486 17482.
17484 17450 17449 17485.
17362 17361 17516 17517.
17366 17365 17518 17519.
17369 17366 17519 17520.
17371 17369 17520 17521.
17374 17373 17522 17523.
17383 17371 17521 17524.
17365 17362 17517 17518.
17361 17413 17525 17516.
17373 17383 17524 17522.
17414 17374 17523 17526.
17415 17414 17526 17527.
17416 17415 17527 17528.
17417 17416 17528 17529.
17418 17417 17529 17530.
17419 17418 17530 17531.
17420 17419 17531 17532.
17421 17420 17532 17533.
17422 17421 17533 17534.
17423 17422 17534 17535.
17424 17423 17535 17536.
17425 17424 17536 17537.
17426 17425 17537 17538.
17413 17426 17538 17525.
17314 17250 17249 17315.
17316 17254 17253 17317.
17317 17253 17257 17318.
17318 17257 17259 17319.
17320 17262 17261 17321.
17319 17259 17271 17322.
17315 17249 17254 17316.
17323 17300 17250 17314.
17322 17271 17262 17320.
17321 17261 17301 17324.
17324 17301 17302 17325.
17325 17302 17303 17326.
17326 17303 17304 17327.
17327 17304 17305 17328.
17328 17305 17306 17329.
17329 17306 17307 17330.
17330 17307 17308 17331.
17331 17308 17309 17332.
17332 17309 17310 17333.
17333 17310 17311 17334.
17334 17311 17312 17335.
17335 17312 17313 17336.
17336 17313 17300 17323.
17111 17048 17047 17112.
17113 17052 17051 17114.
17114 17051 17055 17115.
17115 17055 17057 17116.
17117 17060 17059 17118.
17116 17057 17069 17119.
17112 17047 17052 17113.
17120 17097 17048 17111.
17119 17069 17060 17117.
17118 17059 17098 17121.
17121 17098 17099 17122.
17122 17099 17100 17123.
17123 17100 17101 17124.
17124 17101 17102 17125.
17125 17102 17103 17126.
17126 17103 17104 17127.
17127 17104 17105 17128.
17128 17105 17106 17129.
17129 17106 17107 17130.
17130 17107 17108 17131.
17131 17108 17109 17132.
17132 17109 17110 17133.
17133 17110 17097 17120.
17516 17453 17452 17517.
17518 17457 17456 17519.
17519 17456 17460 17520.
17520 17460 17462 17521.
17522 17465 17464 17523.
17521 17462 17474 17524.
17517 17452 17457 17518.
17525 17502 17453 17516.
17524 17474 17465 17522.
17523 17464 17503 17526.
17526 17503 17504 17527.
17527 17504 17505 17528.
17528 17505 17506 17529.
17529 17506 17507 17530.
17530 17507 17508 17531.
17531 17508 17509 17532.
17532 17509 17510 17533.
17533 17510 17511 17534.
17534 17511 17512 17535.
17535 17512 17513 17536.
17536 17513 17514 17537.
17537 17514 17515 17538.
17463 17466 17489.
